Date,Product_ID,Region,Historical_Demand_Units,Unit_Price_USD,Lead_Time_Days,Current_Stock_Level,Predicted_30Day_Demand,Reorder_Point,Inventory_Health_Status
2025-01-01,PRD_001_Laptops,North,142,850,6,940,172,42,OVERSTOCK_WARNING
2025-01-01,PRD_001_Laptops,South,54,850,13,151,65,35,OPTIMAL
2025-01-01,PRD_001_Laptops,East,60,850,9,201,72,27,OVERSTOCK_WARNING
2025-01-01,PRD_001_Laptops,West,114,850,13,167,138,74,OPTIMAL
2025-01-01,PRD_002_Monitors,North,156,320,6,951,189,46,OVERSTOCK_WARNING
2025-01-01,PRD_002_Monitors,South,191,320,5,741,232,47,OVERSTOCK_WARNING
2025-01-01,PRD_002_Monitors,East,92,320,4,423,111,18,OVERSTOCK_WARNING
2025-01-01,PRD_002_Monitors,West,197,320,8,465,239,78,OVERSTOCK_WARNING
2025-01-01,PRD_003_Keyboards,North,60,45,3,539,72,9,OVERSTOCK_WARNING
2025-01-01,PRD_003_Keyboards,South,97,45,8,332,117,38,OVERSTOCK_WARNING
2025-01-01,PRD_003_Keyboards,East,128,45,3,554,155,19,OVERSTOCK_WARNING
2025-01-01,PRD_003_Keyboards,West,98,45,12,555,119,58,OVERSTOCK_WARNING
2025-01-01,PRD_004_Processors,North,54,400,5,955,65,13,OVERSTOCK_WARNING
2025-01-01,PRD_004_Processors,South,94,400,6,911,114,28,OVERSTOCK_WARNING
2025-01-01,PRD_004_Processors,East,170,400,7,898,206,59,OVERSTOCK_WARNING
2025-01-01,PRD_004_Processors,West,174,400,7,920,211,60,OVERSTOCK_WARNING
2025-01-02,PRD_001_Laptops,North,206,850,4,467,250,41,OVERSTOCK_WARNING
2025-01-02,PRD_001_Laptops,South,128,850,4,1097,155,25,OVERSTOCK_WARNING
2025-01-02,PRD_001_Laptops,East,48,850,12,644,58,28,OVERSTOCK_WARNING
2025-01-02,PRD_001_Laptops,West,169,850,6,171,205,50,OPTIMAL
2025-01-02,PRD_002_Monitors,North,150,320,9,507,182,67,OVERSTOCK_WARNING
2025-01-02,PRD_002_Monitors,South,47,320,5,285,57,11,OVERSTOCK_WARNING
2025-01-02,PRD_002_Monitors,East,120,320,6,641,145,36,OVERSTOCK_WARNING
2025-01-02,PRD_002_Monitors,West,143,320,6,81,173,42,OPTIMAL
2025-01-02,PRD_003_Keyboards,North,173,45,8,185,210,69,OPTIMAL
2025-01-02,PRD_003_Keyboards,South,43,45,8,556,52,17,OVERSTOCK_WARNING
2025-01-02,PRD_003_Keyboards,East,185,45,12,635,224,111,OVERSTOCK_WARNING
2025-01-02,PRD_003_Keyboards,West,201,45,12,1037,244,120,OVERSTOCK_WARNING
2025-01-02,PRD_004_Processors,North,53,400,10,541,64,26,OVERSTOCK_WARNING
2025-01-02,PRD_004_Processors,South,79,400,7,799,95,27,OVERSTOCK_WARNING
2025-01-02,PRD_004_Processors,East,121,400,7,871,146,42,OVERSTOCK_WARNING
2025-01-02,PRD_004_Processors,West,193,400,11,843,234,106,OVERSTOCK_WARNING
2025-01-03,PRD_001_Laptops,North,163,850,11,236,198,89,OPTIMAL
2025-01-03,PRD_001_Laptops,South,54,850,3,936,65,8,OVERSTOCK_WARNING
2025-01-03,PRD_001_Laptops,East,110,850,11,423,133,60,OVERSTOCK_WARNING
2025-01-03,PRD_001_Laptops,West,168,850,10,551,204,84,OVERSTOCK_WARNING
2025-01-03,PRD_002_Monitors,North,102,320,13,578,123,66,OVERSTOCK_WARNING
2025-01-03,PRD_002_Monitors,South,120,320,10,754,145,60,OVERSTOCK_WARNING
2025-01-03,PRD_002_Monitors,East,202,320,3,458,245,30,OVERSTOCK_WARNING
2025-01-03,PRD_002_Monitors,West,44,320,12,310,53,26,OVERSTOCK_WARNING
2025-01-03,PRD_003_Keyboards,North,80,45,9,280,97,36,OVERSTOCK_WARNING
2025-01-03,PRD_003_Keyboards,South,111,45,4,112,134,22,OVERSTOCK_WARNING
2025-01-03,PRD_003_Keyboards,East,87,45,9,486,105,39,OVERSTOCK_WARNING
2025-01-03,PRD_003_Keyboards,West,101,45,10,884,122,50,OVERSTOCK_WARNING
2025-01-03,PRD_004_Processors,North,138,400,10,805,167,69,OVERSTOCK_WARNING
2025-01-03,PRD_004_Processors,South,74,400,3,818,89,11,OVERSTOCK_WARNING
2025-01-03,PRD_004_Processors,East,140,400,5,848,170,35,OVERSTOCK_WARNING
2025-01-03,PRD_004_Processors,West,44,400,12,582,53,26,OVERSTOCK_WARNING
2025-01-04,PRD_001_Laptops,North,181,850,9,874,219,81,OVERSTOCK_WARNING
2025-01-04,PRD_001_Laptops,South,176,850,12,633,213,105,OVERSTOCK_WARNING
2025-01-04,PRD_001_Laptops,East,163,850,5,654,198,40,OVERSTOCK_WARNING
2025-01-04,PRD_001_Laptops,West,135,850,9,320,163,60,OVERSTOCK_WARNING
2025-01-04,PRD_002_Monitors,North,91,320,6,813,110,27,OVERSTOCK_WARNING
2025-01-04,PRD_002_Monitors,South,190,320,9,828,230,85,OVERSTOCK_WARNING
2025-01-04,PRD_002_Monitors,East,182,320,13,620,221,118,OVERSTOCK_WARNING
2025-01-04,PRD_002_Monitors,West,75,320,9,778,91,33,OVERSTOCK_WARNING
2025-01-04,PRD_003_Keyboards,North,125,45,4,761,151,25,OVERSTOCK_WARNING
2025-01-04,PRD_003_Keyboards,South,84,45,11,1092,102,46,OVERSTOCK_WARNING
2025-01-04,PRD_003_Keyboards,East,173,45,6,877,210,51,OVERSTOCK_WARNING
2025-01-04,PRD_003_Keyboards,West,114,45,12,1094,138,68,OVERSTOCK_WARNING
2025-01-04,PRD_004_Processors,North,131,400,11,310,159,72,OPTIMAL
2025-01-04,PRD_004_Processors,South,168,400,11,362,204,92,OPTIMAL
2025-01-04,PRD_004_Processors,East,160,400,6,1052,194,48,OVERSTOCK_WARNING
2025-01-04,PRD_004_Processors,West,42,400,9,789,51,18,OVERSTOCK_WARNING
2025-01-05,PRD_001_Laptops,North,194,850,11,397,235,106,OPTIMAL
2025-01-05,PRD_001_Laptops,South,204,850,3,898,247,30,OVERSTOCK_WARNING
2025-01-05,PRD_001_Laptops,East,211,850,10,1054,256,105,OVERSTOCK_WARNING
2025-01-05,PRD_001_Laptops,West,98,850,8,751,119,39,OVERSTOCK_WARNING
2025-01-05,PRD_002_Monitors,North,135,320,10,312,163,67,OVERSTOCK_WARNING
2025-01-05,PRD_002_Monitors,South,219,320,3,909,266,32,OVERSTOCK_WARNING
2025-01-05,PRD_002_Monitors,East,91,320,9,465,110,40,OVERSTOCK_WARNING
2025-01-05,PRD_002_Monitors,West,170,320,3,692,206,25,OVERSTOCK_WARNING
2025-01-05,PRD_003_Keyboards,North,152,45,10,160,184,76,OPTIMAL
2025-01-05,PRD_003_Keyboards,South,152,45,4,721,184,30,OVERSTOCK_WARNING
2025-01-05,PRD_003_Keyboards,East,93,45,9,1076,112,41,OVERSTOCK_WARNING
2025-01-05,PRD_003_Keyboards,West,168,45,5,717,204,42,OVERSTOCK_WARNING
2025-01-05,PRD_004_Processors,North,169,400,7,763,205,59,OVERSTOCK_WARNING
2025-01-05,PRD_004_Processors,South,199,400,8,495,241,79,OVERSTOCK_WARNING
2025-01-05,PRD_004_Processors,East,107,400,9,282,129,48,OVERSTOCK_WARNING
2025-01-05,PRD_004_Processors,West,162,400,3,846,196,24,OVERSTOCK_WARNING
2025-01-06,PRD_001_Laptops,North,77,850,10,916,93,38,OVERSTOCK_WARNING
2025-01-06,PRD_001_Laptops,South,155,850,4,277,188,31,OVERSTOCK_WARNING
2025-01-06,PRD_001_Laptops,East,178,850,3,280,216,26,OVERSTOCK_WARNING
2025-01-06,PRD_001_Laptops,West,163,850,13,405,198,105,OPTIMAL
2025-01-06,PRD_002_Monitors,North,132,320,5,739,160,33,OVERSTOCK_WARNING
2025-01-06,PRD_002_Monitors,South,203,320,5,425,246,50,OVERSTOCK_WARNING
2025-01-06,PRD_002_Monitors,East,186,320,6,943,225,55,OVERSTOCK_WARNING
2025-01-06,PRD_002_Monitors,West,91,320,11,1008,110,50,OVERSTOCK_WARNING
2025-01-06,PRD_003_Keyboards,North,207,45,9,417,251,93,OPTIMAL
2025-01-06,PRD_003_Keyboards,South,143,45,3,858,173,21,OVERSTOCK_WARNING
2025-01-06,PRD_003_Keyboards,East,217,45,9,494,263,97,OVERSTOCK_WARNING
2025-01-06,PRD_003_Keyboards,West,81,45,5,342,98,20,OVERSTOCK_WARNING
2025-01-06,PRD_004_Processors,North,183,400,12,703,222,109,OVERSTOCK_WARNING
2025-01-06,PRD_004_Processors,South,99,400,3,81,120,14,OVERSTOCK_WARNING
2025-01-06,PRD_004_Processors,East,168,400,7,116,204,58,OPTIMAL
2025-01-06,PRD_004_Processors,West,199,400,13,1094,241,129,OVERSTOCK_WARNING
2025-01-07,PRD_001_Laptops,North,48,850,11,178,58,26,OVERSTOCK_WARNING
2025-01-07,PRD_001_Laptops,South,186,850,5,483,225,46,OVERSTOCK_WARNING
2025-01-07,PRD_001_Laptops,East,191,850,8,199,232,76,OPTIMAL
2025-01-07,PRD_001_Laptops,West,200,850,10,707,242,100,OVERSTOCK_WARNING
2025-01-07,PRD_002_Monitors,North,114,320,3,1047,138,17,OVERSTOCK_WARNING
2025-01-07,PRD_002_Monitors,South,203,320,8,183,246,81,OPTIMAL
2025-01-07,PRD_002_Monitors,East,123,320,5,191,149,30,OVERSTOCK_WARNING
2025-01-07,PRD_002_Monitors,West,138,320,11,940,167,75,OVERSTOCK_WARNING
2025-01-07,PRD_003_Keyboards,North,185,45,4,785,224,37,OVERSTOCK_WARNING
2025-01-07,PRD_003_Keyboards,South,93,45,5,799,112,23,OVERSTOCK_WARNING
2025-01-07,PRD_003_Keyboards,East,208,45,6,240,252,62,OPTIMAL
2025-01-07,PRD_003_Keyboards,West,107,45,3,477,129,16,OVERSTOCK_WARNING
2025-01-07,PRD_004_Processors,North,60,400,6,583,72,18,OVERSTOCK_WARNING
2025-01-07,PRD_004_Processors,South,167,400,10,214,202,83,OPTIMAL
2025-01-07,PRD_004_Processors,East,184,400,3,767,223,27,OVERSTOCK_WARNING
2025-01-07,PRD_004_Processors,West,154,400,8,454,187,61,OVERSTOCK_WARNING
2025-01-08,PRD_001_Laptops,North,61,850,8,309,74,24,OVERSTOCK_WARNING
2025-01-08,PRD_001_Laptops,South,148,850,5,517,179,37,OVERSTOCK_WARNING
2025-01-08,PRD_001_Laptops,East,47,850,13,106,57,30,OPTIMAL
2025-01-08,PRD_001_Laptops,West,60,850,3,363,72,9,OVERSTOCK_WARNING
2025-01-08,PRD_002_Monitors,North,150,320,3,532,182,22,OVERSTOCK_WARNING
2025-01-08,PRD_002_Monitors,South,100,320,5,595,121,25,OVERSTOCK_WARNING
2025-01-08,PRD_002_Monitors,East,74,320,3,591,89,11,OVERSTOCK_WARNING
2025-01-08,PRD_002_Monitors,West,56,320,7,597,68,19,OVERSTOCK_WARNING
2025-01-08,PRD_003_Keyboards,North,138,45,11,116,167,75,OPTIMAL
2025-01-08,PRD_003_Keyboards,South,63,45,3,381,76,9,OVERSTOCK_WARNING
2025-01-08,PRD_003_Keyboards,East,134,45,5,779,162,33,OVERSTOCK_WARNING
2025-01-08,PRD_003_Keyboards,West,155,45,7,1007,188,54,OVERSTOCK_WARNING
2025-01-08,PRD_004_Processors,North,200,400,5,207,242,50,OPTIMAL
2025-01-08,PRD_004_Processors,South,57,400,11,1081,69,31,OVERSTOCK_WARNING
2025-01-08,PRD_004_Processors,East,93,400,12,402,112,55,OVERSTOCK_WARNING
2025-01-08,PRD_004_Processors,West,143,400,10,705,173,71,OVERSTOCK_WARNING
2025-01-09,PRD_001_Laptops,North,71,850,8,742,86,28,OVERSTOCK_WARNING
2025-01-09,PRD_001_Laptops,South,166,850,13,569,201,107,OVERSTOCK_WARNING
2025-01-09,PRD_001_Laptops,East,169,850,12,864,205,101,OVERSTOCK_WARNING
2025-01-09,PRD_001_Laptops,West,143,850,3,472,173,21,OVERSTOCK_WARNING
2025-01-09,PRD_002_Monitors,North,82,320,8,255,99,32,OVERSTOCK_WARNING
2025-01-09,PRD_002_Monitors,South,78,320,12,838,94,46,OVERSTOCK_WARNING
2025-01-09,PRD_002_Monitors,East,65,320,5,897,78,16,OVERSTOCK_WARNING
2025-01-09,PRD_002_Monitors,West,192,320,10,604,233,96,OVERSTOCK_WARNING
2025-01-09,PRD_003_Keyboards,North,99,45,12,982,120,59,OVERSTOCK_WARNING
2025-01-09,PRD_003_Keyboards,South,96,45,6,764,116,28,OVERSTOCK_WARNING
2025-01-09,PRD_003_Keyboards,East,59,45,3,855,71,8,OVERSTOCK_WARNING
2025-01-09,PRD_003_Keyboards,West,183,45,5,550,222,45,OVERSTOCK_WARNING
2025-01-09,PRD_004_Processors,North,182,400,4,913,221,36,OVERSTOCK_WARNING
2025-01-09,PRD_004_Processors,South,71,400,9,1038,86,31,OVERSTOCK_WARNING
2025-01-09,PRD_004_Processors,East,125,400,5,744,151,31,OVERSTOCK_WARNING
2025-01-09,PRD_004_Processors,West,102,400,8,393,123,40,OVERSTOCK_WARNING
2025-01-10,PRD_001_Laptops,North,97,850,8,384,117,38,OVERSTOCK_WARNING
2025-01-10,PRD_001_Laptops,South,219,850,12,917,266,131,OVERSTOCK_WARNING
2025-01-10,PRD_001_Laptops,East,54,850,8,1082,65,21,OVERSTOCK_WARNING
2025-01-10,PRD_001_Laptops,West,140,850,3,343,170,21,OVERSTOCK_WARNING
2025-01-10,PRD_002_Monitors,North,92,320,7,182,111,32,OVERSTOCK_WARNING
2025-01-10,PRD_002_Monitors,South,45,320,6,429,54,13,OVERSTOCK_WARNING
2025-01-10,PRD_002_Monitors,East,86,320,5,902,104,21,OVERSTOCK_WARNING
2025-01-10,PRD_002_Monitors,West,207,320,6,735,251,62,OVERSTOCK_WARNING
2025-01-10,PRD_003_Keyboards,North,52,45,4,715,63,10,OVERSTOCK_WARNING
2025-01-10,PRD_003_Keyboards,South,145,45,5,736,176,36,OVERSTOCK_WARNING
2025-01-10,PRD_003_Keyboards,East,159,45,5,683,193,39,OVERSTOCK_WARNING
2025-01-10,PRD_003_Keyboards,West,97,45,9,425,117,43,OVERSTOCK_WARNING
2025-01-10,PRD_004_Processors,North,156,400,9,206,189,70,OPTIMAL
2025-01-10,PRD_004_Processors,South,176,400,7,720,213,61,OVERSTOCK_WARNING
2025-01-10,PRD_004_Processors,East,97,400,12,592,117,58,OVERSTOCK_WARNING
2025-01-10,PRD_004_Processors,West,73,400,8,639,88,29,OVERSTOCK_WARNING
2025-01-11,PRD_001_Laptops,North,128,850,10,316,155,64,OVERSTOCK_WARNING
2025-01-11,PRD_001_Laptops,South,156,850,3,351,189,23,OVERSTOCK_WARNING
2025-01-11,PRD_001_Laptops,East,108,850,8,940,131,43,OVERSTOCK_WARNING
2025-01-11,PRD_001_Laptops,West,115,850,12,735,139,69,OVERSTOCK_WARNING
2025-01-11,PRD_002_Monitors,North,218,320,7,165,264,76,OPTIMAL
2025-01-11,PRD_002_Monitors,South,68,320,7,126,82,23,OVERSTOCK_WARNING
2025-01-11,PRD_002_Monitors,East,133,320,6,532,161,39,OVERSTOCK_WARNING
2025-01-11,PRD_002_Monitors,West,183,320,12,553,222,109,OVERSTOCK_WARNING
2025-01-11,PRD_003_Keyboards,North,215,45,7,630,261,75,OVERSTOCK_WARNING
2025-01-11,PRD_003_Keyboards,South,139,45,3,333,168,20,OVERSTOCK_WARNING
2025-01-11,PRD_003_Keyboards,East,140,45,9,841,170,63,OVERSTOCK_WARNING
2025-01-11,PRD_003_Keyboards,West,49,45,8,916,59,19,OVERSTOCK_WARNING
2025-01-11,PRD_004_Processors,North,139,400,4,259,168,27,OVERSTOCK_WARNING
2025-01-11,PRD_004_Processors,South,177,400,12,738,215,106,OVERSTOCK_WARNING
2025-01-11,PRD_004_Processors,East,135,400,3,1095,163,20,OVERSTOCK_WARNING
2025-01-11,PRD_004_Processors,West,108,400,6,95,131,32,OPTIMAL
2025-01-12,PRD_001_Laptops,North,63,850,9,337,76,28,OVERSTOCK_WARNING
2025-01-12,PRD_001_Laptops,South,167,850,13,931,202,108,OVERSTOCK_WARNING
2025-01-12,PRD_001_Laptops,East,191,850,4,754,232,38,OVERSTOCK_WARNING
2025-01-12,PRD_001_Laptops,West,163,850,3,1008,198,24,OVERSTOCK_WARNING
2025-01-12,PRD_002_Monitors,North,218,320,13,692,264,141,OVERSTOCK_WARNING
2025-01-12,PRD_002_Monitors,South,51,320,5,656,61,12,OVERSTOCK_WARNING
2025-01-12,PRD_002_Monitors,East,200,320,10,921,242,100,OVERSTOCK_WARNING
2025-01-12,PRD_002_Monitors,West,82,320,4,332,99,16,OVERSTOCK_WARNING
2025-01-12,PRD_003_Keyboards,North,74,45,9,928,89,33,OVERSTOCK_WARNING
2025-01-12,PRD_003_Keyboards,South,129,45,10,684,156,64,OVERSTOCK_WARNING
2025-01-12,PRD_003_Keyboards,East,193,45,12,681,234,115,OVERSTOCK_WARNING
2025-01-12,PRD_003_Keyboards,West,201,45,5,696,244,50,OVERSTOCK_WARNING
2025-01-12,PRD_004_Processors,North,174,400,6,905,211,52,OVERSTOCK_WARNING
2025-01-12,PRD_004_Processors,South,153,400,13,492,185,99,OVERSTOCK_WARNING
2025-01-12,PRD_004_Processors,East,159,400,6,808,193,47,OVERSTOCK_WARNING
2025-01-12,PRD_004_Processors,West,60,400,11,755,72,33,OVERSTOCK_WARNING
2025-01-13,PRD_001_Laptops,North,177,850,7,536,215,61,OVERSTOCK_WARNING
2025-01-13,PRD_001_Laptops,South,191,850,5,768,232,47,OVERSTOCK_WARNING
2025-01-13,PRD_001_Laptops,East,138,850,6,1057,167,41,OVERSTOCK_WARNING
2025-01-13,PRD_001_Laptops,West,135,850,10,742,163,67,OVERSTOCK_WARNING
2025-01-13,PRD_002_Monitors,North,76,320,3,774,92,11,OVERSTOCK_WARNING
2025-01-13,PRD_002_Monitors,South,52,320,9,296,63,23,OVERSTOCK_WARNING
2025-01-13,PRD_002_Monitors,East,138,320,11,877,167,75,OVERSTOCK_WARNING
2025-01-13,PRD_002_Monitors,West,56,320,3,141,68,8,OVERSTOCK_WARNING
2025-01-13,PRD_003_Keyboards,North,123,45,11,421,149,67,OVERSTOCK_WARNING
2025-01-13,PRD_003_Keyboards,South,180,45,13,98,218,117,CRITICAL_STOCKOUT_RISK
2025-01-13,PRD_003_Keyboards,East,216,45,6,475,262,64,OVERSTOCK_WARNING
2025-01-13,PRD_003_Keyboards,West,186,45,11,534,225,102,OVERSTOCK_WARNING
2025-01-13,PRD_004_Processors,North,67,400,6,930,81,20,OVERSTOCK_WARNING
2025-01-13,PRD_004_Processors,South,150,400,7,148,182,52,OPTIMAL
2025-01-13,PRD_004_Processors,East,138,400,11,1027,167,75,OVERSTOCK_WARNING
2025-01-13,PRD_004_Processors,West,162,400,7,563,196,56,OVERSTOCK_WARNING
2025-01-14,PRD_001_Laptops,North,92,850,9,223,111,41,OVERSTOCK_WARNING
2025-01-14,PRD_001_Laptops,South,96,850,9,188,116,43,OPTIMAL
2025-01-14,PRD_001_Laptops,East,81,850,12,1014,98,48,OVERSTOCK_WARNING
2025-01-14,PRD_001_Laptops,West,181,850,12,212,219,108,OPTIMAL
2025-01-14,PRD_002_Monitors,North,202,320,9,812,245,90,OVERSTOCK_WARNING
2025-01-14,PRD_002_Monitors,South,114,320,4,830,138,22,OVERSTOCK_WARNING
2025-01-14,PRD_002_Monitors,East,115,320,11,153,139,63,OPTIMAL
2025-01-14,PRD_002_Monitors,West,184,320,8,598,223,73,OVERSTOCK_WARNING
2025-01-14,PRD_003_Keyboards,North,213,45,10,249,258,106,OPTIMAL
2025-01-14,PRD_003_Keyboards,South,176,45,4,874,213,35,OVERSTOCK_WARNING
2025-01-14,PRD_003_Keyboards,East,161,45,4,596,195,32,OVERSTOCK_WARNING
2025-01-14,PRD_003_Keyboards,West,68,45,7,501,82,23,OVERSTOCK_WARNING
2025-01-14,PRD_004_Processors,North,122,400,10,575,148,61,OVERSTOCK_WARNING
2025-01-14,PRD_004_Processors,South,148,400,3,421,179,22,OVERSTOCK_WARNING
2025-01-14,PRD_004_Processors,East,184,400,9,296,223,82,OPTIMAL
2025-01-14,PRD_004_Processors,West,84,400,6,883,102,25,OVERSTOCK_WARNING
2025-01-15,PRD_001_Laptops,North,109,850,5,524,132,27,OVERSTOCK_WARNING
2025-01-15,PRD_001_Laptops,South,147,850,8,246,178,58,OPTIMAL
2025-01-15,PRD_001_Laptops,East,130,850,12,937,157,78,OVERSTOCK_WARNING
2025-01-15,PRD_001_Laptops,West,58,850,9,205,70,26,OVERSTOCK_WARNING
2025-01-15,PRD_002_Monitors,North,212,320,4,299,257,42,OVERSTOCK_WARNING
2025-01-15,PRD_002_Monitors,South,165,320,12,739,200,99,OVERSTOCK_WARNING
2025-01-15,PRD_002_Monitors,East,100,320,11,1014,121,55,OVERSTOCK_WARNING
2025-01-15,PRD_002_Monitors,West,40,320,5,1052,48,10,OVERSTOCK_WARNING
2025-01-15,PRD_003_Keyboards,North,131,45,11,270,159,72,OPTIMAL
2025-01-15,PRD_003_Keyboards,South,152,45,11,903,184,83,OVERSTOCK_WARNING
2025-01-15,PRD_003_Keyboards,East,200,45,8,196,242,80,OPTIMAL
2025-01-15,PRD_003_Keyboards,West,173,45,12,635,210,103,OVERSTOCK_WARNING
2025-01-15,PRD_004_Processors,North,212,400,7,159,257,74,OPTIMAL
2025-01-15,PRD_004_Processors,South,157,400,7,282,190,54,OVERSTOCK_WARNING
2025-01-15,PRD_004_Processors,East,203,400,5,738,246,50,OVERSTOCK_WARNING
2025-01-15,PRD_004_Processors,West,59,400,11,481,71,32,OVERSTOCK_WARNING
2025-01-16,PRD_001_Laptops,North,86,850,11,384,104,47,OVERSTOCK_WARNING
2025-01-16,PRD_001_Laptops,South,53,850,3,452,64,7,OVERSTOCK_WARNING
2025-01-16,PRD_001_Laptops,East,93,850,8,338,112,37,OVERSTOCK_WARNING
2025-01-16,PRD_001_Laptops,West,183,850,9,1032,222,82,OVERSTOCK_WARNING
2025-01-16,PRD_002_Monitors,North,51,320,12,815,61,30,OVERSTOCK_WARNING
2025-01-16,PRD_002_Monitors,South,55,320,10,437,66,27,OVERSTOCK_WARNING
2025-01-16,PRD_002_Monitors,East,191,320,7,87,232,66,OPTIMAL
2025-01-16,PRD_002_Monitors,West,161,320,6,169,195,48,OPTIMAL
2025-01-16,PRD_003_Keyboards,North,175,45,12,395,212,105,OPTIMAL
2025-01-16,PRD_003_Keyboards,South,217,45,7,120,263,75,OPTIMAL
2025-01-16,PRD_003_Keyboards,East,194,45,8,1038,235,77,OVERSTOCK_WARNING
2025-01-16,PRD_003_Keyboards,West,184,45,11,1008,223,101,OVERSTOCK_WARNING
2025-01-16,PRD_004_Processors,North,196,400,5,332,238,49,OVERSTOCK_WARNING
2025-01-16,PRD_004_Processors,South,173,400,4,962,210,34,OVERSTOCK_WARNING
2025-01-16,PRD_004_Processors,East,86,400,11,529,104,47,OVERSTOCK_WARNING
2025-01-16,PRD_004_Processors,West,49,400,10,877,59,24,OVERSTOCK_WARNING
2025-01-17,PRD_001_Laptops,North,148,850,7,198,179,51,OPTIMAL
2025-01-17,PRD_001_Laptops,South,72,850,8,144,87,28,OVERSTOCK_WARNING
2025-01-17,PRD_001_Laptops,East,185,850,3,858,224,27,OVERSTOCK_WARNING
2025-01-17,PRD_001_Laptops,West,124,850,12,142,150,74,OPTIMAL
2025-01-17,PRD_002_Monitors,North,125,320,13,874,151,81,OVERSTOCK_WARNING
2025-01-17,PRD_002_Monitors,South,216,320,3,689,262,32,OVERSTOCK_WARNING
2025-01-17,PRD_002_Monitors,East,144,320,5,590,174,36,OVERSTOCK_WARNING
2025-01-17,PRD_002_Monitors,West,168,320,7,1087,204,58,OVERSTOCK_WARNING
2025-01-17,PRD_003_Keyboards,North,94,45,8,555,114,37,OVERSTOCK_WARNING
2025-01-17,PRD_003_Keyboards,South,134,45,7,949,162,46,OVERSTOCK_WARNING
2025-01-17,PRD_003_Keyboards,East,42,45,7,102,51,14,OVERSTOCK_WARNING
2025-01-17,PRD_003_Keyboards,West,92,45,7,793,111,32,OVERSTOCK_WARNING
2025-01-17,PRD_004_Processors,North,122,400,3,164,148,18,OVERSTOCK_WARNING
2025-01-17,PRD_004_Processors,South,117,400,11,957,142,64,OVERSTOCK_WARNING
2025-01-17,PRD_004_Processors,East,40,400,5,764,48,10,OVERSTOCK_WARNING
2025-01-17,PRD_004_Processors,West,43,400,3,960,52,6,OVERSTOCK_WARNING
2025-01-18,PRD_001_Laptops,North,71,850,4,427,86,14,OVERSTOCK_WARNING
2025-01-18,PRD_001_Laptops,South,134,850,10,630,162,67,OVERSTOCK_WARNING
2025-01-18,PRD_001_Laptops,East,193,850,12,753,234,115,OVERSTOCK_WARNING
2025-01-18,PRD_001_Laptops,West,157,850,5,970,190,39,OVERSTOCK_WARNING
2025-01-18,PRD_002_Monitors,North,89,320,3,133,108,13,OVERSTOCK_WARNING
2025-01-18,PRD_002_Monitors,South,172,320,13,904,208,111,OVERSTOCK_WARNING
2025-01-18,PRD_002_Monitors,East,184,320,9,286,223,82,OPTIMAL
2025-01-18,PRD_002_Monitors,West,124,320,4,154,150,24,OVERSTOCK_WARNING
2025-01-18,PRD_003_Keyboards,North,218,45,9,501,264,98,OVERSTOCK_WARNING
2025-01-18,PRD_003_Keyboards,South,77,45,4,177,93,15,OVERSTOCK_WARNING
2025-01-18,PRD_003_Keyboards,East,121,45,13,514,146,78,OVERSTOCK_WARNING
2025-01-18,PRD_003_Keyboards,West,91,45,11,245,110,50,OVERSTOCK_WARNING
2025-01-18,PRD_004_Processors,North,118,400,9,185,143,53,OPTIMAL
2025-01-18,PRD_004_Processors,South,90,400,3,212,109,13,OVERSTOCK_WARNING
2025-01-18,PRD_004_Processors,East,68,400,6,217,82,20,OVERSTOCK_WARNING
2025-01-18,PRD_004_Processors,West,184,400,12,864,223,110,OVERSTOCK_WARNING
2025-01-19,PRD_001_Laptops,North,123,850,10,148,149,61,OPTIMAL
2025-01-19,PRD_001_Laptops,South,73,850,8,132,88,29,OVERSTOCK_WARNING
2025-01-19,PRD_001_Laptops,East,165,850,13,122,200,107,OPTIMAL
2025-01-19,PRD_001_Laptops,West,154,850,11,742,187,84,OVERSTOCK_WARNING
2025-01-19,PRD_002_Monitors,North,119,320,13,453,144,77,OVERSTOCK_WARNING
2025-01-19,PRD_002_Monitors,South,183,320,10,979,222,91,OVERSTOCK_WARNING
2025-01-19,PRD_002_Monitors,East,143,320,6,775,173,42,OVERSTOCK_WARNING
2025-01-19,PRD_002_Monitors,West,64,320,5,943,77,16,OVERSTOCK_WARNING
2025-01-19,PRD_003_Keyboards,North,194,45,4,140,235,38,OPTIMAL
2025-01-19,PRD_003_Keyboards,South,161,45,5,482,195,40,OVERSTOCK_WARNING
2025-01-19,PRD_003_Keyboards,East,60,45,7,545,72,21,OVERSTOCK_WARNING
2025-01-19,PRD_003_Keyboards,West,131,45,12,908,159,78,OVERSTOCK_WARNING
2025-01-19,PRD_004_Processors,North,61,400,7,917,74,21,OVERSTOCK_WARNING
2025-01-19,PRD_004_Processors,South,40,400,7,312,48,13,OVERSTOCK_WARNING
2025-01-19,PRD_004_Processors,East,51,400,12,125,61,30,OPTIMAL
2025-01-19,PRD_004_Processors,West,73,400,3,157,88,10,OVERSTOCK_WARNING
2025-01-20,PRD_001_Laptops,North,84,850,13,152,102,54,OPTIMAL
2025-01-20,PRD_001_Laptops,South,65,850,11,126,78,35,OPTIMAL
2025-01-20,PRD_001_Laptops,East,160,850,8,318,194,64,OVERSTOCK_WARNING
2025-01-20,PRD_001_Laptops,West,95,850,13,910,115,61,OVERSTOCK_WARNING
2025-01-20,PRD_002_Monitors,North,87,320,3,105,105,13,OVERSTOCK_WARNING
2025-01-20,PRD_002_Monitors,South,75,320,3,87,91,11,OVERSTOCK_WARNING
2025-01-20,PRD_002_Monitors,East,152,320,5,332,184,38,OVERSTOCK_WARNING
2025-01-20,PRD_002_Monitors,West,219,320,10,805,266,109,OVERSTOCK_WARNING
2025-01-20,PRD_003_Keyboards,North,53,45,12,107,64,31,OPTIMAL
2025-01-20,PRD_003_Keyboards,South,117,45,10,465,142,58,OVERSTOCK_WARNING
2025-01-20,PRD_003_Keyboards,East,148,45,12,605,179,88,OVERSTOCK_WARNING
2025-01-20,PRD_003_Keyboards,West,95,45,5,86,115,23,OPTIMAL
2025-01-20,PRD_004_Processors,North,42,400,9,829,51,18,OVERSTOCK_WARNING
2025-01-20,PRD_004_Processors,South,146,400,4,585,177,29,OVERSTOCK_WARNING
2025-01-20,PRD_004_Processors,East,77,400,5,962,93,19,OVERSTOCK_WARNING
2025-01-20,PRD_004_Processors,West,54,400,11,710,65,29,OVERSTOCK_WARNING
2025-01-21,PRD_001_Laptops,North,67,850,12,118,81,40,OPTIMAL
2025-01-21,PRD_001_Laptops,South,56,850,9,165,68,25,OVERSTOCK_WARNING
2025-01-21,PRD_001_Laptops,East,165,850,11,224,200,90,OPTIMAL
2025-01-21,PRD_001_Laptops,West,52,850,6,104,63,15,OVERSTOCK_WARNING
2025-01-21,PRD_002_Monitors,North,107,320,12,146,129,64,OPTIMAL
2025-01-21,PRD_002_Monitors,South,148,320,4,190,179,29,OVERSTOCK_WARNING
2025-01-21,PRD_002_Monitors,East,150,320,8,113,182,60,OPTIMAL
2025-01-21,PRD_002_Monitors,West,150,320,10,1015,182,75,OVERSTOCK_WARNING
2025-01-21,PRD_003_Keyboards,North,152,45,5,633,184,38,OVERSTOCK_WARNING
2025-01-21,PRD_003_Keyboards,South,208,45,7,597,252,72,OVERSTOCK_WARNING
2025-01-21,PRD_003_Keyboards,East,219,45,12,399,266,131,OPTIMAL
2025-01-21,PRD_003_Keyboards,West,98,45,8,820,119,39,OVERSTOCK_WARNING
2025-01-21,PRD_004_Processors,North,160,400,3,516,194,24,OVERSTOCK_WARNING
2025-01-21,PRD_004_Processors,South,189,400,7,789,229,66,OVERSTOCK_WARNING
2025-01-21,PRD_004_Processors,East,109,400,9,703,132,49,OVERSTOCK_WARNING
2025-01-21,PRD_004_Processors,West,43,400,13,525,52,27,OVERSTOCK_WARNING
2025-01-22,PRD_001_Laptops,North,101,850,10,902,122,50,OVERSTOCK_WARNING
2025-01-22,PRD_001_Laptops,South,176,850,9,978,213,79,OVERSTOCK_WARNING
2025-01-22,PRD_001_Laptops,East,70,850,10,308,85,35,OVERSTOCK_WARNING
2025-01-22,PRD_001_Laptops,West,75,850,10,302,91,37,OVERSTOCK_WARNING
2025-01-22,PRD_002_Monitors,North,45,320,4,547,54,9,OVERSTOCK_WARNING
2025-01-22,PRD_002_Monitors,South,114,320,6,926,138,34,OVERSTOCK_WARNING
2025-01-22,PRD_002_Monitors,East,173,320,8,960,210,69,OVERSTOCK_WARNING
2025-01-22,PRD_002_Monitors,West,133,320,10,1077,161,66,OVERSTOCK_WARNING
2025-01-22,PRD_003_Keyboards,North,218,45,11,273,264,119,OPTIMAL
2025-01-22,PRD_003_Keyboards,South,118,45,13,471,143,76,OVERSTOCK_WARNING
2025-01-22,PRD_003_Keyboards,East,65,45,5,252,78,16,OVERSTOCK_WARNING
2025-01-22,PRD_003_Keyboards,West,83,45,7,405,100,29,OVERSTOCK_WARNING
2025-01-22,PRD_004_Processors,North,193,400,8,915,234,77,OVERSTOCK_WARNING
2025-01-22,PRD_004_Processors,South,58,400,6,304,70,17,OVERSTOCK_WARNING
2025-01-22,PRD_004_Processors,East,59,400,3,219,71,8,OVERSTOCK_WARNING
2025-01-22,PRD_004_Processors,West,86,400,3,169,104,12,OVERSTOCK_WARNING
2025-01-23,PRD_001_Laptops,North,181,850,8,884,219,72,OVERSTOCK_WARNING
2025-01-23,PRD_001_Laptops,South,165,850,13,590,200,107,OVERSTOCK_WARNING
2025-01-23,PRD_001_Laptops,East,139,850,13,338,168,90,OPTIMAL
2025-01-23,PRD_001_Laptops,West,200,850,8,769,242,80,OVERSTOCK_WARNING
2025-01-23,PRD_002_Monitors,North,49,320,7,998,59,17,OVERSTOCK_WARNING
2025-01-23,PRD_002_Monitors,South,177,320,4,92,215,35,OPTIMAL
2025-01-23,PRD_002_Monitors,East,207,320,4,675,251,41,OVERSTOCK_WARNING
2025-01-23,PRD_002_Monitors,West,104,320,7,408,126,36,OVERSTOCK_WARNING
2025-01-23,PRD_003_Keyboards,North,56,45,11,1050,68,30,OVERSTOCK_WARNING
2025-01-23,PRD_003_Keyboards,South,182,45,10,629,221,91,OVERSTOCK_WARNING
2025-01-23,PRD_003_Keyboards,East,202,45,3,660,245,30,OVERSTOCK_WARNING
2025-01-23,PRD_003_Keyboards,West,101,45,4,413,122,20,OVERSTOCK_WARNING
2025-01-23,PRD_004_Processors,North,156,400,10,538,189,78,OVERSTOCK_WARNING
2025-01-23,PRD_004_Processors,South,176,400,4,667,213,35,OVERSTOCK_WARNING
2025-01-23,PRD_004_Processors,East,74,400,3,375,89,11,OVERSTOCK_WARNING
2025-01-23,PRD_004_Processors,West,103,400,8,651,125,41,OVERSTOCK_WARNING
2025-01-24,PRD_001_Laptops,North,103,850,10,858,125,51,OVERSTOCK_WARNING
2025-01-24,PRD_001_Laptops,South,144,850,7,349,174,50,OVERSTOCK_WARNING
2025-01-24,PRD_001_Laptops,East,99,850,5,804,120,24,OVERSTOCK_WARNING
2025-01-24,PRD_001_Laptops,West,204,850,7,930,247,71,OVERSTOCK_WARNING
2025-01-24,PRD_002_Monitors,North,162,320,12,653,196,97,OVERSTOCK_WARNING
2025-01-24,PRD_002_Monitors,South,171,320,11,828,207,94,OVERSTOCK_WARNING
2025-01-24,PRD_002_Monitors,East,81,320,11,481,98,44,OVERSTOCK_WARNING
2025-01-24,PRD_002_Monitors,West,79,320,10,374,95,39,OVERSTOCK_WARNING
2025-01-24,PRD_003_Keyboards,North,143,45,5,716,173,35,OVERSTOCK_WARNING
2025-01-24,PRD_003_Keyboards,South,205,45,3,102,249,30,OPTIMAL
2025-01-24,PRD_003_Keyboards,East,102,45,3,744,123,15,OVERSTOCK_WARNING
2025-01-24,PRD_003_Keyboards,West,184,45,3,1086,223,27,OVERSTOCK_WARNING
2025-01-24,PRD_004_Processors,North,92,400,10,183,111,46,OPTIMAL
2025-01-24,PRD_004_Processors,South,218,400,9,1026,264,98,OVERSTOCK_WARNING
2025-01-24,PRD_004_Processors,East,173,400,5,470,210,43,OVERSTOCK_WARNING
2025-01-24,PRD_004_Processors,West,218,400,10,633,264,109,OVERSTOCK_WARNING
2025-01-25,PRD_001_Laptops,North,54,850,3,1091,65,8,OVERSTOCK_WARNING
2025-01-25,PRD_001_Laptops,South,194,850,6,236,235,58,OPTIMAL
2025-01-25,PRD_001_Laptops,East,77,850,11,176,93,42,OPTIMAL
2025-01-25,PRD_001_Laptops,West,194,850,9,368,235,87,OPTIMAL
2025-01-25,PRD_002_Monitors,North,125,320,4,601,151,25,OVERSTOCK_WARNING
2025-01-25,PRD_002_Monitors,South,44,320,13,921,53,28,OVERSTOCK_WARNING
2025-01-25,PRD_002_Monitors,East,136,320,8,885,165,54,OVERSTOCK_WARNING
2025-01-25,PRD_002_Monitors,West,180,320,6,956,218,54,OVERSTOCK_WARNING
2025-01-25,PRD_003_Keyboards,North,219,45,10,94,266,109,CRITICAL_STOCKOUT_RISK
2025-01-25,PRD_003_Keyboards,South,196,45,10,340,238,98,OPTIMAL
2025-01-25,PRD_003_Keyboards,East,196,45,6,923,238,58,OVERSTOCK_WARNING
2025-01-25,PRD_003_Keyboards,West,212,45,4,490,257,42,OVERSTOCK_WARNING
2025-01-25,PRD_004_Processors,North,134,400,5,834,162,33,OVERSTOCK_WARNING
2025-01-25,PRD_004_Processors,South,203,400,6,873,246,60,OVERSTOCK_WARNING
2025-01-25,PRD_004_Processors,East,82,400,13,148,99,53,OPTIMAL
2025-01-25,PRD_004_Processors,West,187,400,13,333,227,121,OPTIMAL
2025-01-26,PRD_001_Laptops,North,113,850,10,629,137,56,OVERSTOCK_WARNING
2025-01-26,PRD_001_Laptops,South,173,850,10,102,210,86,OPTIMAL
2025-01-26,PRD_001_Laptops,East,86,850,12,381,104,51,OVERSTOCK_WARNING
2025-01-26,PRD_001_Laptops,West,146,850,12,220,177,87,OPTIMAL
2025-01-26,PRD_002_Monitors,North,143,320,4,1064,173,28,OVERSTOCK_WARNING
2025-01-26,PRD_002_Monitors,South,150,320,10,907,182,75,OVERSTOCK_WARNING
2025-01-26,PRD_002_Monitors,East,210,320,6,1087,255,63,OVERSTOCK_WARNING
2025-01-26,PRD_002_Monitors,West,107,320,7,967,129,37,OVERSTOCK_WARNING
2025-01-26,PRD_003_Keyboards,North,76,45,10,206,92,38,OVERSTOCK_WARNING
2025-01-26,PRD_003_Keyboards,South,145,45,3,683,176,21,OVERSTOCK_WARNING
2025-01-26,PRD_003_Keyboards,East,70,45,12,984,85,42,OVERSTOCK_WARNING
2025-01-26,PRD_003_Keyboards,West,90,45,10,376,109,45,OVERSTOCK_WARNING
2025-01-26,PRD_004_Processors,North,50,400,9,848,60,22,OVERSTOCK_WARNING
2025-01-26,PRD_004_Processors,South,85,400,7,484,103,29,OVERSTOCK_WARNING
2025-01-26,PRD_004_Processors,East,129,400,6,261,156,38,OVERSTOCK_WARNING
2025-01-26,PRD_004_Processors,West,96,400,3,910,116,14,OVERSTOCK_WARNING
2025-01-27,PRD_001_Laptops,North,94,850,5,1015,114,23,OVERSTOCK_WARNING
2025-01-27,PRD_001_Laptops,South,182,850,7,510,221,63,OVERSTOCK_WARNING
2025-01-27,PRD_001_Laptops,East,92,850,11,281,111,50,OVERSTOCK_WARNING
2025-01-27,PRD_001_Laptops,West,219,850,11,196,266,120,OPTIMAL
2025-01-27,PRD_002_Monitors,North,193,320,11,882,234,106,OVERSTOCK_WARNING
2025-01-27,PRD_002_Monitors,South,102,320,6,616,123,30,OVERSTOCK_WARNING
2025-01-27,PRD_002_Monitors,East,129,320,13,885,156,83,OVERSTOCK_WARNING
2025-01-27,PRD_002_Monitors,West,169,320,9,289,205,76,OPTIMAL
2025-01-27,PRD_003_Keyboards,North,201,45,13,608,244,130,OVERSTOCK_WARNING
2025-01-27,PRD_003_Keyboards,South,167,45,13,1034,202,108,OVERSTOCK_WARNING
2025-01-27,PRD_003_Keyboards,East,147,45,13,258,178,95,OPTIMAL
2025-01-27,PRD_003_Keyboards,West,191,45,11,1046,232,105,OVERSTOCK_WARNING
2025-01-27,PRD_004_Processors,North,219,400,8,580,266,87,OVERSTOCK_WARNING
2025-01-27,PRD_004_Processors,South,127,400,3,256,154,19,OVERSTOCK_WARNING
2025-01-27,PRD_004_Processors,East,68,400,13,741,82,44,OVERSTOCK_WARNING
2025-01-27,PRD_004_Processors,West,193,400,4,548,234,38,OVERSTOCK_WARNING
2025-01-28,PRD_001_Laptops,North,88,850,9,928,106,39,OVERSTOCK_WARNING
2025-01-28,PRD_001_Laptops,South,123,850,11,768,149,67,OVERSTOCK_WARNING
2025-01-28,PRD_001_Laptops,East,187,850,8,421,227,74,OVERSTOCK_WARNING
2025-01-28,PRD_001_Laptops,West,102,850,10,640,123,51,OVERSTOCK_WARNING
2025-01-28,PRD_002_Monitors,North,110,320,3,815,133,16,OVERSTOCK_WARNING
2025-01-28,PRD_002_Monitors,South,180,320,9,514,218,81,OVERSTOCK_WARNING
2025-01-28,PRD_002_Monitors,East,162,320,10,802,196,81,OVERSTOCK_WARNING
2025-01-28,PRD_002_Monitors,West,101,320,3,508,122,15,OVERSTOCK_WARNING
2025-01-28,PRD_003_Keyboards,North,69,45,10,98,83,34,OPTIMAL
2025-01-28,PRD_003_Keyboards,South,57,45,3,669,69,8,OVERSTOCK_WARNING
2025-01-28,PRD_003_Keyboards,East,154,45,4,273,187,30,OVERSTOCK_WARNING
2025-01-28,PRD_003_Keyboards,West,152,45,4,301,184,30,OVERSTOCK_WARNING
2025-01-28,PRD_004_Processors,North,205,400,5,910,249,51,OVERSTOCK_WARNING
2025-01-28,PRD_004_Processors,South,171,400,3,343,207,25,OVERSTOCK_WARNING
2025-01-28,PRD_004_Processors,East,196,400,9,950,238,88,OVERSTOCK_WARNING
2025-01-28,PRD_004_Processors,West,170,400,12,537,206,102,OVERSTOCK_WARNING
2025-01-29,PRD_001_Laptops,North,149,850,4,459,181,29,OVERSTOCK_WARNING
2025-01-29,PRD_001_Laptops,South,126,850,9,555,153,56,OVERSTOCK_WARNING
2025-01-29,PRD_001_Laptops,East,71,850,4,470,86,14,OVERSTOCK_WARNING
2025-01-29,PRD_001_Laptops,West,132,850,10,912,160,66,OVERSTOCK_WARNING
2025-01-29,PRD_002_Monitors,North,96,320,9,914,116,43,OVERSTOCK_WARNING
2025-01-29,PRD_002_Monitors,South,111,320,8,840,134,44,OVERSTOCK_WARNING
2025-01-29,PRD_002_Monitors,East,106,320,5,688,128,26,OVERSTOCK_WARNING
2025-01-29,PRD_002_Monitors,West,131,320,10,497,159,65,OVERSTOCK_WARNING
2025-01-29,PRD_003_Keyboards,North,74,45,10,157,89,37,OPTIMAL
2025-01-29,PRD_003_Keyboards,South,71,45,10,893,86,35,OVERSTOCK_WARNING
2025-01-29,PRD_003_Keyboards,East,183,45,6,579,222,54,OVERSTOCK_WARNING
2025-01-29,PRD_003_Keyboards,West,204,45,8,548,247,81,OVERSTOCK_WARNING
2025-01-29,PRD_004_Processors,North,181,400,9,1023,219,81,OVERSTOCK_WARNING
2025-01-29,PRD_004_Processors,South,46,400,12,854,55,27,OVERSTOCK_WARNING
2025-01-29,PRD_004_Processors,East,200,400,9,164,242,90,OPTIMAL
2025-01-29,PRD_004_Processors,West,186,400,5,627,225,46,OVERSTOCK_WARNING
2025-01-30,PRD_001_Laptops,North,68,850,4,593,82,13,OVERSTOCK_WARNING
2025-01-30,PRD_001_Laptops,South,168,850,7,995,204,58,OVERSTOCK_WARNING
2025-01-30,PRD_001_Laptops,East,50,850,12,465,60,30,OVERSTOCK_WARNING
2025-01-30,PRD_001_Laptops,West,158,850,6,340,191,47,OVERSTOCK_WARNING
2025-01-30,PRD_002_Monitors,North,76,320,8,335,92,30,OVERSTOCK_WARNING
2025-01-30,PRD_002_Monitors,South,176,320,4,132,213,35,OPTIMAL
2025-01-30,PRD_002_Monitors,East,211,320,5,579,256,52,OVERSTOCK_WARNING
2025-01-30,PRD_002_Monitors,West,125,320,10,672,151,62,OVERSTOCK_WARNING
2025-01-30,PRD_003_Keyboards,North,197,45,10,138,239,98,OPTIMAL
2025-01-30,PRD_003_Keyboards,South,167,45,3,961,202,25,OVERSTOCK_WARNING
2025-01-30,PRD_003_Keyboards,East,154,45,3,605,187,23,OVERSTOCK_WARNING
2025-01-30,PRD_003_Keyboards,West,48,45,10,1041,58,24,OVERSTOCK_WARNING
2025-01-30,PRD_004_Processors,North,64,400,9,280,77,28,OVERSTOCK_WARNING
2025-01-30,PRD_004_Processors,South,61,400,13,573,74,39,OVERSTOCK_WARNING
2025-01-30,PRD_004_Processors,East,43,400,12,521,52,25,OVERSTOCK_WARNING
2025-01-30,PRD_004_Processors,West,68,400,4,806,82,13,OVERSTOCK_WARNING
2025-01-31,PRD_001_Laptops,North,76,850,13,917,92,49,OVERSTOCK_WARNING
2025-01-31,PRD_001_Laptops,South,185,850,7,121,224,64,OPTIMAL
2025-01-31,PRD_001_Laptops,East,139,850,11,1013,168,76,OVERSTOCK_WARNING
2025-01-31,PRD_001_Laptops,West,73,850,3,756,88,10,OVERSTOCK_WARNING
2025-01-31,PRD_002_Monitors,North,192,320,8,457,233,76,OVERSTOCK_WARNING
2025-01-31,PRD_002_Monitors,South,115,320,9,708,139,51,OVERSTOCK_WARNING
2025-01-31,PRD_002_Monitors,East,145,320,8,1060,176,58,OVERSTOCK_WARNING
2025-01-31,PRD_002_Monitors,West,66,320,11,366,80,36,OVERSTOCK_WARNING
2025-01-31,PRD_003_Keyboards,North,173,45,13,247,210,112,OPTIMAL
2025-01-31,PRD_003_Keyboards,South,137,45,11,900,166,75,OVERSTOCK_WARNING
2025-01-31,PRD_003_Keyboards,East,177,45,3,1001,215,26,OVERSTOCK_WARNING
2025-01-31,PRD_003_Keyboards,West,161,45,4,1099,195,32,OVERSTOCK_WARNING
2025-01-31,PRD_004_Processors,North,93,400,13,784,112,60,OVERSTOCK_WARNING
2025-01-31,PRD_004_Processors,South,90,400,7,371,109,31,OVERSTOCK_WARNING
2025-01-31,PRD_004_Processors,East,154,400,12,108,187,92,OPTIMAL
2025-01-31,PRD_004_Processors,West,188,400,13,375,228,122,OPTIMAL
2025-02-01,PRD_001_Laptops,North,50,850,6,192,60,15,OVERSTOCK_WARNING
2025-02-01,PRD_001_Laptops,South,78,850,10,306,94,39,OVERSTOCK_WARNING
2025-02-01,PRD_001_Laptops,East,93,850,4,134,112,18,OVERSTOCK_WARNING
2025-02-01,PRD_001_Laptops,West,150,850,10,837,182,75,OVERSTOCK_WARNING
2025-02-01,PRD_002_Monitors,North,189,320,7,391,229,66,OVERSTOCK_WARNING
2025-02-01,PRD_002_Monitors,South,72,320,12,627,87,43,OVERSTOCK_WARNING
2025-02-01,PRD_002_Monitors,East,187,320,5,818,227,46,OVERSTOCK_WARNING
2025-02-01,PRD_002_Monitors,West,120,320,13,444,145,78,OVERSTOCK_WARNING
2025-02-01,PRD_003_Keyboards,North,193,45,4,580,234,38,OVERSTOCK_WARNING
2025-02-01,PRD_003_Keyboards,South,112,45,11,375,136,61,OVERSTOCK_WARNING
2025-02-01,PRD_003_Keyboards,East,56,45,3,296,68,8,OVERSTOCK_WARNING
2025-02-01,PRD_003_Keyboards,West,100,45,13,695,121,65,OVERSTOCK_WARNING
2025-02-01,PRD_004_Processors,North,81,400,11,118,98,44,OPTIMAL
2025-02-01,PRD_004_Processors,South,74,400,5,577,89,18,OVERSTOCK_WARNING
2025-02-01,PRD_004_Processors,East,147,400,5,557,178,36,OVERSTOCK_WARNING
2025-02-01,PRD_004_Processors,West,141,400,4,603,171,28,OVERSTOCK_WARNING
2025-02-02,PRD_001_Laptops,North,58,850,7,123,70,20,OVERSTOCK_WARNING
2025-02-02,PRD_001_Laptops,South,88,850,3,409,106,13,OVERSTOCK_WARNING
2025-02-02,PRD_001_Laptops,East,96,850,9,576,116,43,OVERSTOCK_WARNING
2025-02-02,PRD_001_Laptops,West,86,850,10,418,104,43,OVERSTOCK_WARNING
2025-02-02,PRD_002_Monitors,North,47,320,7,160,57,16,OVERSTOCK_WARNING
2025-02-02,PRD_002_Monitors,South,157,320,8,279,190,62,OPTIMAL
2025-02-02,PRD_002_Monitors,East,64,320,4,168,77,12,OVERSTOCK_WARNING
2025-02-02,PRD_002_Monitors,West,51,320,13,1001,61,33,OVERSTOCK_WARNING
2025-02-02,PRD_003_Keyboards,North,148,45,12,126,179,88,OPTIMAL
2025-02-02,PRD_003_Keyboards,South,71,45,12,95,86,42,OPTIMAL
2025-02-02,PRD_003_Keyboards,East,184,45,9,873,223,82,OVERSTOCK_WARNING
2025-02-02,PRD_003_Keyboards,West,125,45,12,470,151,75,OVERSTOCK_WARNING
2025-02-02,PRD_004_Processors,North,53,400,7,598,64,18,OVERSTOCK_WARNING
2025-02-02,PRD_004_Processors,South,176,400,5,767,213,44,OVERSTOCK_WARNING
2025-02-02,PRD_004_Processors,East,111,400,4,906,134,22,OVERSTOCK_WARNING
2025-02-02,PRD_004_Processors,West,121,400,6,1014,146,36,OVERSTOCK_WARNING
2025-02-03,PRD_001_Laptops,North,185,850,13,569,224,120,OVERSTOCK_WARNING
2025-02-03,PRD_001_Laptops,South,142,850,3,605,172,21,OVERSTOCK_WARNING
2025-02-03,PRD_001_Laptops,East,198,850,10,1074,240,99,OVERSTOCK_WARNING
2025-02-03,PRD_001_Laptops,West,147,850,4,210,178,29,OVERSTOCK_WARNING
2025-02-03,PRD_002_Monitors,North,76,320,13,1015,92,49,OVERSTOCK_WARNING
2025-02-03,PRD_002_Monitors,South,147,320,9,606,178,66,OVERSTOCK_WARNING
2025-02-03,PRD_002_Monitors,East,159,320,3,595,193,23,OVERSTOCK_WARNING
2025-02-03,PRD_002_Monitors,West,132,320,8,1000,160,52,OVERSTOCK_WARNING
2025-02-03,PRD_003_Keyboards,North,180,45,4,240,218,36,OVERSTOCK_WARNING
2025-02-03,PRD_003_Keyboards,South,55,45,12,187,66,33,OVERSTOCK_WARNING
2025-02-03,PRD_003_Keyboards,East,165,45,4,390,200,33,OVERSTOCK_WARNING
2025-02-03,PRD_003_Keyboards,West,209,45,4,493,253,41,OVERSTOCK_WARNING
2025-02-03,PRD_004_Processors,North,52,400,4,495,63,10,OVERSTOCK_WARNING
2025-02-03,PRD_004_Processors,South,135,400,5,970,163,33,OVERSTOCK_WARNING
2025-02-03,PRD_004_Processors,East,78,400,6,108,94,23,OVERSTOCK_WARNING
2025-02-03,PRD_004_Processors,West,101,400,7,827,122,35,OVERSTOCK_WARNING
2025-02-04,PRD_001_Laptops,North,55,850,10,827,66,27,OVERSTOCK_WARNING
2025-02-04,PRD_001_Laptops,South,160,850,12,1005,194,96,OVERSTOCK_WARNING
2025-02-04,PRD_001_Laptops,East,192,850,9,419,233,86,OVERSTOCK_WARNING
2025-02-04,PRD_001_Laptops,West,172,850,3,1069,208,25,OVERSTOCK_WARNING
2025-02-04,PRD_002_Monitors,North,216,320,5,508,262,54,OVERSTOCK_WARNING
2025-02-04,PRD_002_Monitors,South,181,320,10,749,219,90,OVERSTOCK_WARNING
2025-02-04,PRD_002_Monitors,East,107,320,4,1037,129,21,OVERSTOCK_WARNING
2025-02-04,PRD_002_Monitors,West,76,320,11,511,92,41,OVERSTOCK_WARNING
2025-02-04,PRD_003_Keyboards,North,112,45,3,968,136,16,OVERSTOCK_WARNING
2025-02-04,PRD_003_Keyboards,South,127,45,6,219,154,38,OVERSTOCK_WARNING
2025-02-04,PRD_003_Keyboards,East,76,45,7,1018,92,26,OVERSTOCK_WARNING
2025-02-04,PRD_003_Keyboards,West,163,45,8,886,198,65,OVERSTOCK_WARNING
2025-02-04,PRD_004_Processors,North,102,400,10,90,123,51,OPTIMAL
2025-02-04,PRD_004_Processors,South,101,400,4,232,122,20,OVERSTOCK_WARNING
2025-02-04,PRD_004_Processors,East,91,400,6,650,110,27,OVERSTOCK_WARNING
2025-02-04,PRD_004_Processors,West,111,400,6,940,134,33,OVERSTOCK_WARNING
2025-02-05,PRD_001_Laptops,North,102,850,8,964,123,40,OVERSTOCK_WARNING
2025-02-05,PRD_001_Laptops,South,149,850,12,186,181,89,OPTIMAL
2025-02-05,PRD_001_Laptops,East,96,850,12,1016,116,57,OVERSTOCK_WARNING
2025-02-05,PRD_001_Laptops,West,42,850,10,853,51,21,OVERSTOCK_WARNING
2025-02-05,PRD_002_Monitors,North,44,320,7,133,53,15,OVERSTOCK_WARNING
2025-02-05,PRD_002_Monitors,South,86,320,9,768,104,38,OVERSTOCK_WARNING
2025-02-05,PRD_002_Monitors,East,48,320,5,99,58,12,OVERSTOCK_WARNING
2025-02-05,PRD_002_Monitors,West,161,320,3,652,195,24,OVERSTOCK_WARNING
2025-02-05,PRD_003_Keyboards,North,162,45,12,498,196,97,OVERSTOCK_WARNING
2025-02-05,PRD_003_Keyboards,South,217,45,4,141,263,43,OPTIMAL
2025-02-05,PRD_003_Keyboards,East,184,45,10,82,223,92,CRITICAL_STOCKOUT_RISK
2025-02-05,PRD_003_Keyboards,West,199,45,5,1077,241,49,OVERSTOCK_WARNING
2025-02-05,PRD_004_Processors,North,52,400,10,972,63,26,OVERSTOCK_WARNING
2025-02-05,PRD_004_Processors,South,128,400,11,659,155,70,OVERSTOCK_WARNING
2025-02-05,PRD_004_Processors,East,181,400,7,689,219,63,OVERSTOCK_WARNING
2025-02-05,PRD_004_Processors,West,50,400,11,1031,60,27,OVERSTOCK_WARNING
2025-02-06,PRD_001_Laptops,North,106,850,13,1067,128,68,OVERSTOCK_WARNING
2025-02-06,PRD_001_Laptops,South,68,850,11,274,82,37,OVERSTOCK_WARNING
2025-02-06,PRD_001_Laptops,East,192,850,4,411,233,38,OVERSTOCK_WARNING
2025-02-06,PRD_001_Laptops,West,209,850,11,542,253,114,OVERSTOCK_WARNING
2025-02-06,PRD_002_Monitors,North,79,320,11,340,95,43,OVERSTOCK_WARNING
2025-02-06,PRD_002_Monitors,South,178,320,13,305,216,115,OPTIMAL
2025-02-06,PRD_002_Monitors,East,163,320,8,407,198,65,OVERSTOCK_WARNING
2025-02-06,PRD_002_Monitors,West,172,320,12,993,208,103,OVERSTOCK_WARNING
2025-02-06,PRD_003_Keyboards,North,76,45,7,1052,92,26,OVERSTOCK_WARNING
2025-02-06,PRD_003_Keyboards,South,120,45,4,119,145,24,OVERSTOCK_WARNING
2025-02-06,PRD_003_Keyboards,East,84,45,5,777,102,21,OVERSTOCK_WARNING
2025-02-06,PRD_003_Keyboards,West,106,45,10,119,128,52,OPTIMAL
2025-02-06,PRD_004_Processors,North,137,400,10,938,166,68,OVERSTOCK_WARNING
2025-02-06,PRD_004_Processors,South,72,400,8,295,87,28,OVERSTOCK_WARNING
2025-02-06,PRD_004_Processors,East,186,400,10,171,225,93,OPTIMAL
2025-02-06,PRD_004_Processors,West,136,400,13,650,165,88,OVERSTOCK_WARNING
2025-02-07,PRD_001_Laptops,North,87,850,11,860,105,47,OVERSTOCK_WARNING
2025-02-07,PRD_001_Laptops,South,146,850,11,772,177,80,OVERSTOCK_WARNING
2025-02-07,PRD_001_Laptops,East,209,850,6,270,253,62,OPTIMAL
2025-02-07,PRD_001_Laptops,West,194,850,8,779,235,77,OVERSTOCK_WARNING
2025-02-07,PRD_002_Monitors,North,46,320,7,826,55,16,OVERSTOCK_WARNING
2025-02-07,PRD_002_Monitors,South,84,320,12,840,102,50,OVERSTOCK_WARNING
2025-02-07,PRD_002_Monitors,East,70,320,9,505,85,31,OVERSTOCK_WARNING
2025-02-07,PRD_002_Monitors,West,177,320,13,516,215,115,OPTIMAL
2025-02-07,PRD_003_Keyboards,North,197,45,9,1006,239,88,OVERSTOCK_WARNING
2025-02-07,PRD_003_Keyboards,South,121,45,6,337,146,36,OVERSTOCK_WARNING
2025-02-07,PRD_003_Keyboards,East,116,45,9,1041,140,52,OVERSTOCK_WARNING
2025-02-07,PRD_003_Keyboards,West,52,45,13,192,63,33,OVERSTOCK_WARNING
2025-02-07,PRD_004_Processors,North,56,400,10,302,68,28,OVERSTOCK_WARNING
2025-02-07,PRD_004_Processors,South,137,400,10,444,166,68,OVERSTOCK_WARNING
2025-02-07,PRD_004_Processors,East,202,400,8,546,245,80,OVERSTOCK_WARNING
2025-02-07,PRD_004_Processors,West,197,400,9,665,239,88,OVERSTOCK_WARNING
2025-02-08,PRD_001_Laptops,North,102,850,7,1068,123,35,OVERSTOCK_WARNING
2025-02-08,PRD_001_Laptops,South,61,850,6,995,74,18,OVERSTOCK_WARNING
2025-02-08,PRD_001_Laptops,East,135,850,6,321,163,40,OVERSTOCK_WARNING
2025-02-08,PRD_001_Laptops,West,107,850,13,271,129,69,OPTIMAL
2025-02-08,PRD_002_Monitors,North,56,320,8,480,68,22,OVERSTOCK_WARNING
2025-02-08,PRD_002_Monitors,South,177,320,8,784,215,70,OVERSTOCK_WARNING
2025-02-08,PRD_002_Monitors,East,61,320,12,199,74,36,OVERSTOCK_WARNING
2025-02-08,PRD_002_Monitors,West,89,320,6,842,108,26,OVERSTOCK_WARNING
2025-02-08,PRD_003_Keyboards,North,219,45,9,108,266,98,OPTIMAL
2025-02-08,PRD_003_Keyboards,South,178,45,3,725,216,26,OVERSTOCK_WARNING
2025-02-08,PRD_003_Keyboards,East,150,45,5,538,182,37,OVERSTOCK_WARNING
2025-02-08,PRD_003_Keyboards,West,97,45,9,617,117,43,OVERSTOCK_WARNING
2025-02-08,PRD_004_Processors,North,213,400,4,364,258,42,OVERSTOCK_WARNING
2025-02-08,PRD_004_Processors,South,43,400,3,178,52,6,OVERSTOCK_WARNING
2025-02-08,PRD_004_Processors,East,180,400,11,118,218,99,OPTIMAL
2025-02-08,PRD_004_Processors,West,54,400,9,876,65,24,OVERSTOCK_WARNING
2025-02-09,PRD_001_Laptops,North,196,850,13,963,238,127,OVERSTOCK_WARNING
2025-02-09,PRD_001_Laptops,South,71,850,4,766,86,14,OVERSTOCK_WARNING
2025-02-09,PRD_001_Laptops,East,123,850,8,538,149,49,OVERSTOCK_WARNING
2025-02-09,PRD_001_Laptops,West,66,850,5,928,80,16,OVERSTOCK_WARNING
2025-02-09,PRD_002_Monitors,North,165,320,10,683,200,82,OVERSTOCK_WARNING
2025-02-09,PRD_002_Monitors,South,60,320,7,1034,72,21,OVERSTOCK_WARNING
2025-02-09,PRD_002_Monitors,East,123,320,8,738,149,49,OVERSTOCK_WARNING
2025-02-09,PRD_002_Monitors,West,170,320,13,336,206,110,OPTIMAL
2025-02-09,PRD_003_Keyboards,North,97,45,8,606,117,38,OVERSTOCK_WARNING
2025-02-09,PRD_003_Keyboards,South,201,45,5,911,244,50,OVERSTOCK_WARNING
2025-02-09,PRD_003_Keyboards,East,64,45,10,603,77,32,OVERSTOCK_WARNING
2025-02-09,PRD_003_Keyboards,West,57,45,13,663,69,37,OVERSTOCK_WARNING
2025-02-09,PRD_004_Processors,North,99,400,11,736,120,54,OVERSTOCK_WARNING
2025-02-09,PRD_004_Processors,South,132,400,7,599,160,46,OVERSTOCK_WARNING
2025-02-09,PRD_004_Processors,East,118,400,13,765,143,76,OVERSTOCK_WARNING
2025-02-09,PRD_004_Processors,West,89,400,6,278,108,26,OVERSTOCK_WARNING
2025-02-10,PRD_001_Laptops,North,170,850,7,615,206,59,OVERSTOCK_WARNING
2025-02-10,PRD_001_Laptops,South,99,850,12,978,120,59,OVERSTOCK_WARNING
2025-02-10,PRD_001_Laptops,East,187,850,11,813,227,102,OVERSTOCK_WARNING
2025-02-10,PRD_001_Laptops,West,56,850,6,819,68,16,OVERSTOCK_WARNING
2025-02-10,PRD_002_Monitors,North,48,320,8,1023,58,19,OVERSTOCK_WARNING
2025-02-10,PRD_002_Monitors,South,102,320,8,1093,123,40,OVERSTOCK_WARNING
2025-02-10,PRD_002_Monitors,East,156,320,4,423,189,31,OVERSTOCK_WARNING
2025-02-10,PRD_002_Monitors,West,111,320,13,143,134,72,OPTIMAL
2025-02-10,PRD_003_Keyboards,North,111,45,7,353,134,38,OVERSTOCK_WARNING
2025-02-10,PRD_003_Keyboards,South,103,45,4,445,125,20,OVERSTOCK_WARNING
2025-02-10,PRD_003_Keyboards,East,134,45,8,623,162,53,OVERSTOCK_WARNING
2025-02-10,PRD_003_Keyboards,West,50,45,11,880,60,27,OVERSTOCK_WARNING
2025-02-10,PRD_004_Processors,North,141,400,11,471,171,77,OVERSTOCK_WARNING
2025-02-10,PRD_004_Processors,South,50,400,8,770,60,20,OVERSTOCK_WARNING
2025-02-10,PRD_004_Processors,East,127,400,11,480,154,69,OVERSTOCK_WARNING
2025-02-10,PRD_004_Processors,West,115,400,11,125,139,63,OPTIMAL
2025-02-11,PRD_001_Laptops,North,199,850,8,165,241,79,OPTIMAL
2025-02-11,PRD_001_Laptops,South,131,850,6,752,159,39,OVERSTOCK_WARNING
2025-02-11,PRD_001_Laptops,East,207,850,4,1099,251,41,OVERSTOCK_WARNING
2025-02-11,PRD_001_Laptops,West,136,850,4,304,165,27,OVERSTOCK_WARNING
2025-02-11,PRD_002_Monitors,North,72,320,11,1052,87,39,OVERSTOCK_WARNING
2025-02-11,PRD_002_Monitors,South,197,320,3,668,239,29,OVERSTOCK_WARNING
2025-02-11,PRD_002_Monitors,East,155,320,12,997,188,93,OVERSTOCK_WARNING
2025-02-11,PRD_002_Monitors,West,142,320,4,245,172,28,OVERSTOCK_WARNING
2025-02-11,PRD_003_Keyboards,North,142,45,12,765,172,85,OVERSTOCK_WARNING
2025-02-11,PRD_003_Keyboards,South,161,45,4,222,195,32,OVERSTOCK_WARNING
2025-02-11,PRD_003_Keyboards,East,145,45,9,507,176,65,OVERSTOCK_WARNING
2025-02-11,PRD_003_Keyboards,West,88,45,10,1050,106,44,OVERSTOCK_WARNING
2025-02-11,PRD_004_Processors,North,100,400,5,714,121,25,OVERSTOCK_WARNING
2025-02-11,PRD_004_Processors,South,173,400,11,853,210,95,OVERSTOCK_WARNING
2025-02-11,PRD_004_Processors,East,112,400,9,302,136,50,OVERSTOCK_WARNING
2025-02-11,PRD_004_Processors,West,199,400,11,449,241,109,OPTIMAL
2025-02-12,PRD_001_Laptops,North,47,850,10,769,57,23,OVERSTOCK_WARNING
2025-02-12,PRD_001_Laptops,South,131,850,6,397,159,39,OVERSTOCK_WARNING
2025-02-12,PRD_001_Laptops,East,150,850,13,462,182,97,OVERSTOCK_WARNING
2025-02-12,PRD_001_Laptops,West,46,850,13,163,55,29,OVERSTOCK_WARNING
2025-02-12,PRD_002_Monitors,North,171,320,8,393,207,68,OVERSTOCK_WARNING
2025-02-12,PRD_002_Monitors,South,61,320,12,974,74,36,OVERSTOCK_WARNING
2025-02-12,PRD_002_Monitors,East,42,320,11,779,51,23,OVERSTOCK_WARNING
2025-02-12,PRD_002_Monitors,West,145,320,13,1057,176,94,OVERSTOCK_WARNING
2025-02-12,PRD_003_Keyboards,North,51,45,9,603,61,22,OVERSTOCK_WARNING
2025-02-12,PRD_003_Keyboards,South,180,45,11,380,218,99,OPTIMAL
2025-02-12,PRD_003_Keyboards,East,161,45,5,646,195,40,OVERSTOCK_WARNING
2025-02-12,PRD_003_Keyboards,West,139,45,10,812,168,69,OVERSTOCK_WARNING
2025-02-12,PRD_004_Processors,North,158,400,7,774,191,55,OVERSTOCK_WARNING
2025-02-12,PRD_004_Processors,South,71,400,5,891,86,17,OVERSTOCK_WARNING
2025-02-12,PRD_004_Processors,East,121,400,8,993,146,48,OVERSTOCK_WARNING
2025-02-12,PRD_004_Processors,West,189,400,7,431,229,66,OVERSTOCK_WARNING
2025-02-13,PRD_001_Laptops,North,95,850,11,138,115,52,OPTIMAL
2025-02-13,PRD_001_Laptops,South,170,850,12,834,206,102,OVERSTOCK_WARNING
2025-02-13,PRD_001_Laptops,East,74,850,8,1038,89,29,OVERSTOCK_WARNING
2025-02-13,PRD_001_Laptops,West,136,850,9,411,165,61,OVERSTOCK_WARNING
2025-02-13,PRD_002_Monitors,North,88,320,7,238,106,30,OVERSTOCK_WARNING
2025-02-13,PRD_002_Monitors,South,63,320,6,884,76,18,OVERSTOCK_WARNING
2025-02-13,PRD_002_Monitors,East,43,320,6,1035,52,12,OVERSTOCK_WARNING
2025-02-13,PRD_002_Monitors,West,191,320,4,768,232,38,OVERSTOCK_WARNING
2025-02-13,PRD_003_Keyboards,North,218,45,11,499,264,119,OPTIMAL
2025-02-13,PRD_003_Keyboards,South,156,45,4,591,189,31,OVERSTOCK_WARNING
2025-02-13,PRD_003_Keyboards,East,105,45,4,1011,127,21,OVERSTOCK_WARNING
2025-02-13,PRD_003_Keyboards,West,45,45,9,1017,54,20,OVERSTOCK_WARNING
2025-02-13,PRD_004_Processors,North,154,400,12,325,187,92,OPTIMAL
2025-02-13,PRD_004_Processors,South,164,400,5,316,199,41,OVERSTOCK_WARNING
2025-02-13,PRD_004_Processors,East,57,400,10,100,69,28,OPTIMAL
2025-02-13,PRD_004_Processors,West,182,400,3,946,221,27,OVERSTOCK_WARNING
2025-02-14,PRD_001_Laptops,North,65,850,10,179,78,32,OVERSTOCK_WARNING
2025-02-14,PRD_001_Laptops,South,126,850,12,1019,153,75,OVERSTOCK_WARNING
2025-02-14,PRD_001_Laptops,East,53,850,4,454,64,10,OVERSTOCK_WARNING
2025-02-14,PRD_001_Laptops,West,76,850,7,1013,92,26,OVERSTOCK_WARNING
2025-02-14,PRD_002_Monitors,North,80,320,8,907,97,32,OVERSTOCK_WARNING
2025-02-14,PRD_002_Monitors,South,164,320,10,310,199,82,OPTIMAL
2025-02-14,PRD_002_Monitors,East,123,320,4,822,149,24,OVERSTOCK_WARNING
2025-02-14,PRD_002_Monitors,West,109,320,3,970,132,16,OVERSTOCK_WARNING
2025-02-14,PRD_003_Keyboards,North,128,45,11,107,155,70,OPTIMAL
2025-02-14,PRD_003_Keyboards,South,105,45,5,308,127,26,OVERSTOCK_WARNING
2025-02-14,PRD_003_Keyboards,East,44,45,3,503,53,6,OVERSTOCK_WARNING
2025-02-14,PRD_003_Keyboards,West,203,45,9,382,246,91,OPTIMAL
2025-02-14,PRD_004_Processors,North,70,400,13,89,85,45,OPTIMAL
2025-02-14,PRD_004_Processors,South,157,400,12,684,190,94,OVERSTOCK_WARNING
2025-02-14,PRD_004_Processors,East,49,400,11,336,59,26,OVERSTOCK_WARNING
2025-02-14,PRD_004_Processors,West,172,400,6,855,208,51,OVERSTOCK_WARNING
2025-02-15,PRD_001_Laptops,North,210,850,3,392,255,31,OVERSTOCK_WARNING
2025-02-15,PRD_001_Laptops,South,103,850,8,1059,125,41,OVERSTOCK_WARNING
2025-02-15,PRD_001_Laptops,East,67,850,11,186,81,36,OVERSTOCK_WARNING
2025-02-15,PRD_001_Laptops,West,204,850,7,283,247,71,OPTIMAL
2025-02-15,PRD_002_Monitors,North,204,320,3,576,247,30,OVERSTOCK_WARNING
2025-02-15,PRD_002_Monitors,South,159,320,10,235,193,79,OPTIMAL
2025-02-15,PRD_002_Monitors,East,150,320,8,699,182,60,OVERSTOCK_WARNING
2025-02-15,PRD_002_Monitors,West,187,320,4,413,227,37,OVERSTOCK_WARNING
2025-02-15,PRD_003_Keyboards,North,169,45,11,590,205,92,OVERSTOCK_WARNING
2025-02-15,PRD_003_Keyboards,South,76,45,6,361,92,22,OVERSTOCK_WARNING
2025-02-15,PRD_003_Keyboards,East,68,45,3,198,82,10,OVERSTOCK_WARNING
2025-02-15,PRD_003_Keyboards,West,74,45,8,564,89,29,OVERSTOCK_WARNING
2025-02-15,PRD_004_Processors,North,98,400,7,240,119,34,OVERSTOCK_WARNING
2025-02-15,PRD_004_Processors,South,218,400,12,355,264,130,OPTIMAL
2025-02-15,PRD_004_Processors,East,82,400,4,296,99,16,OVERSTOCK_WARNING
2025-02-15,PRD_004_Processors,West,89,400,11,118,108,48,OPTIMAL
2025-02-16,PRD_001_Laptops,North,210,850,4,998,255,42,OVERSTOCK_WARNING
2025-02-16,PRD_001_Laptops,South,211,850,8,931,256,84,OVERSTOCK_WARNING
2025-02-16,PRD_001_Laptops,East,190,850,6,415,230,57,OVERSTOCK_WARNING
2025-02-16,PRD_001_Laptops,West,217,850,12,971,263,130,OVERSTOCK_WARNING
2025-02-16,PRD_002_Monitors,North,158,320,10,1089,191,79,OVERSTOCK_WARNING
2025-02-16,PRD_002_Monitors,South,124,320,3,1094,150,18,OVERSTOCK_WARNING
2025-02-16,PRD_002_Monitors,East,47,320,8,596,57,18,OVERSTOCK_WARNING
2025-02-16,PRD_002_Monitors,West,125,320,4,272,151,25,OVERSTOCK_WARNING
2025-02-16,PRD_003_Keyboards,North,94,45,9,297,114,42,OVERSTOCK_WARNING
2025-02-16,PRD_003_Keyboards,South,210,45,12,493,255,126,OPTIMAL
2025-02-16,PRD_003_Keyboards,East,153,45,4,224,185,30,OVERSTOCK_WARNING
2025-02-16,PRD_003_Keyboards,West,65,45,10,382,78,32,OVERSTOCK_WARNING
2025-02-16,PRD_004_Processors,North,152,400,13,919,184,98,OVERSTOCK_WARNING
2025-02-16,PRD_004_Processors,South,128,400,6,880,155,38,OVERSTOCK_WARNING
2025-02-16,PRD_004_Processors,East,40,400,5,366,48,10,OVERSTOCK_WARNING
2025-02-16,PRD_004_Processors,West,181,400,7,383,219,63,OVERSTOCK_WARNING
2025-02-17,PRD_001_Laptops,North,108,850,11,681,131,59,OVERSTOCK_WARNING
2025-02-17,PRD_001_Laptops,South,102,850,11,240,123,56,OPTIMAL
2025-02-17,PRD_001_Laptops,East,208,850,11,767,252,114,OVERSTOCK_WARNING
2025-02-17,PRD_001_Laptops,West,52,850,11,836,63,28,OVERSTOCK_WARNING
2025-02-17,PRD_002_Monitors,North,116,320,11,1050,140,63,OVERSTOCK_WARNING
2025-02-17,PRD_002_Monitors,South,107,320,4,460,129,21,OVERSTOCK_WARNING
2025-02-17,PRD_002_Monitors,East,141,320,6,693,171,42,OVERSTOCK_WARNING
2025-02-17,PRD_002_Monitors,West,58,320,8,561,70,23,OVERSTOCK_WARNING
2025-02-17,PRD_003_Keyboards,North,121,45,11,358,146,66,OVERSTOCK_WARNING
2025-02-17,PRD_003_Keyboards,South,122,45,13,720,148,79,OVERSTOCK_WARNING
2025-02-17,PRD_003_Keyboards,East,127,45,8,534,154,50,OVERSTOCK_WARNING
2025-02-17,PRD_003_Keyboards,West,128,45,7,734,155,44,OVERSTOCK_WARNING
2025-02-17,PRD_004_Processors,North,104,400,12,790,126,62,OVERSTOCK_WARNING
2025-02-17,PRD_004_Processors,South,182,400,7,994,221,63,OVERSTOCK_WARNING
2025-02-17,PRD_004_Processors,East,99,400,11,496,120,54,OVERSTOCK_WARNING
2025-02-17,PRD_004_Processors,West,88,400,3,370,106,13,OVERSTOCK_WARNING
2025-02-18,PRD_001_Laptops,North,211,850,8,1065,256,84,OVERSTOCK_WARNING
2025-02-18,PRD_001_Laptops,South,50,850,5,1047,60,12,OVERSTOCK_WARNING
2025-02-18,PRD_001_Laptops,East,149,850,12,1041,181,89,OVERSTOCK_WARNING
2025-02-18,PRD_001_Laptops,West,213,850,11,82,258,117,CRITICAL_STOCKOUT_RISK
2025-02-18,PRD_002_Monitors,North,124,320,12,407,150,74,OVERSTOCK_WARNING
2025-02-18,PRD_002_Monitors,South,87,320,4,533,105,17,OVERSTOCK_WARNING
2025-02-18,PRD_002_Monitors,East,195,320,7,300,236,68,OPTIMAL
2025-02-18,PRD_002_Monitors,West,193,320,11,91,234,106,CRITICAL_STOCKOUT_RISK
2025-02-18,PRD_003_Keyboards,North,172,45,4,383,208,34,OVERSTOCK_WARNING
2025-02-18,PRD_003_Keyboards,South,76,45,6,862,92,22,OVERSTOCK_WARNING
2025-02-18,PRD_003_Keyboards,East,82,45,9,405,99,36,OVERSTOCK_WARNING
2025-02-18,PRD_003_Keyboards,West,85,45,4,443,103,17,OVERSTOCK_WARNING
2025-02-18,PRD_004_Processors,North,162,400,13,1084,196,105,OVERSTOCK_WARNING
2025-02-18,PRD_004_Processors,South,60,400,9,698,72,27,OVERSTOCK_WARNING
2025-02-18,PRD_004_Processors,East,119,400,7,203,144,41,OVERSTOCK_WARNING
2025-02-18,PRD_004_Processors,West,182,400,11,883,221,100,OVERSTOCK_WARNING
2025-02-19,PRD_001_Laptops,North,90,850,6,868,109,27,OVERSTOCK_WARNING
2025-02-19,PRD_001_Laptops,South,180,850,8,866,218,72,OVERSTOCK_WARNING
2025-02-19,PRD_001_Laptops,East,73,850,6,1087,88,21,OVERSTOCK_WARNING
2025-02-19,PRD_001_Laptops,West,156,850,6,573,189,46,OVERSTOCK_WARNING
2025-02-19,PRD_002_Monitors,North,66,320,5,727,80,16,OVERSTOCK_WARNING
2025-02-19,PRD_002_Monitors,South,183,320,12,499,222,109,OVERSTOCK_WARNING
2025-02-19,PRD_002_Monitors,East,197,320,4,81,239,39,OPTIMAL
2025-02-19,PRD_002_Monitors,West,216,320,6,169,262,64,OPTIMAL
2025-02-19,PRD_003_Keyboards,North,128,45,13,342,155,83,OPTIMAL
2025-02-19,PRD_003_Keyboards,South,134,45,12,118,162,80,OPTIMAL
2025-02-19,PRD_003_Keyboards,East,180,45,9,1038,218,81,OVERSTOCK_WARNING
2025-02-19,PRD_003_Keyboards,West,95,45,3,1017,115,14,OVERSTOCK_WARNING
2025-02-19,PRD_004_Processors,North,81,400,10,115,98,40,OPTIMAL
2025-02-19,PRD_004_Processors,South,123,400,6,965,149,36,OVERSTOCK_WARNING
2025-02-19,PRD_004_Processors,East,46,400,8,464,55,18,OVERSTOCK_WARNING
2025-02-19,PRD_004_Processors,West,211,400,10,764,256,105,OVERSTOCK_WARNING
2025-02-20,PRD_001_Laptops,North,145,850,13,220,176,94,OPTIMAL
2025-02-20,PRD_001_Laptops,South,158,850,8,197,191,63,OPTIMAL
2025-02-20,PRD_001_Laptops,East,60,850,8,299,72,24,OVERSTOCK_WARNING
2025-02-20,PRD_001_Laptops,West,176,850,12,600,213,105,OVERSTOCK_WARNING
2025-02-20,PRD_002_Monitors,North,54,320,12,1063,65,32,OVERSTOCK_WARNING
2025-02-20,PRD_002_Monitors,South,161,320,11,716,195,88,OVERSTOCK_WARNING
2025-02-20,PRD_002_Monitors,East,209,320,10,231,253,104,OPTIMAL
2025-02-20,PRD_002_Monitors,West,88,320,12,938,106,52,OVERSTOCK_WARNING
2025-02-20,PRD_003_Keyboards,North,76,45,6,129,92,22,OVERSTOCK_WARNING
2025-02-20,PRD_003_Keyboards,South,191,45,5,691,232,47,OVERSTOCK_WARNING
2025-02-20,PRD_003_Keyboards,East,99,45,9,281,120,44,OVERSTOCK_WARNING
2025-02-20,PRD_003_Keyboards,West,128,45,4,994,155,25,OVERSTOCK_WARNING
2025-02-20,PRD_004_Processors,North,203,400,12,1072,246,121,OVERSTOCK_WARNING
2025-02-20,PRD_004_Processors,South,108,400,3,562,131,16,OVERSTOCK_WARNING
2025-02-20,PRD_004_Processors,East,147,400,4,752,178,29,OVERSTOCK_WARNING
2025-02-20,PRD_004_Processors,West,158,400,7,1056,191,55,OVERSTOCK_WARNING
2025-02-21,PRD_001_Laptops,North,189,850,7,734,229,66,OVERSTOCK_WARNING
2025-02-21,PRD_001_Laptops,South,202,850,9,239,245,90,OPTIMAL
2025-02-21,PRD_001_Laptops,East,50,850,12,1048,60,30,OVERSTOCK_WARNING
2025-02-21,PRD_001_Laptops,West,117,850,11,333,142,64,OVERSTOCK_WARNING
2025-02-21,PRD_002_Monitors,North,192,320,4,399,233,38,OVERSTOCK_WARNING
2025-02-21,PRD_002_Monitors,South,74,320,9,676,89,33,OVERSTOCK_WARNING
2025-02-21,PRD_002_Monitors,East,185,320,5,633,224,46,OVERSTOCK_WARNING
2025-02-21,PRD_002_Monitors,West,157,320,9,1016,190,70,OVERSTOCK_WARNING
2025-02-21,PRD_003_Keyboards,North,63,45,5,659,76,15,OVERSTOCK_WARNING
2025-02-21,PRD_003_Keyboards,South,141,45,12,367,171,84,OPTIMAL
2025-02-21,PRD_003_Keyboards,East,206,45,6,823,250,61,OVERSTOCK_WARNING
2025-02-21,PRD_003_Keyboards,West,136,45,6,978,165,40,OVERSTOCK_WARNING
2025-02-21,PRD_004_Processors,North,112,400,10,432,136,56,OVERSTOCK_WARNING
2025-02-21,PRD_004_Processors,South,162,400,8,504,196,64,OVERSTOCK_WARNING
2025-02-21,PRD_004_Processors,East,52,400,3,907,63,7,OVERSTOCK_WARNING
2025-02-21,PRD_004_Processors,West,169,400,7,507,205,59,OVERSTOCK_WARNING
2025-02-22,PRD_001_Laptops,North,66,850,7,855,80,23,OVERSTOCK_WARNING
2025-02-22,PRD_001_Laptops,South,89,850,5,1093,108,22,OVERSTOCK_WARNING
2025-02-22,PRD_001_Laptops,East,83,850,12,338,100,49,OVERSTOCK_WARNING
2025-02-22,PRD_001_Laptops,West,125,850,8,209,151,50,OPTIMAL
2025-02-22,PRD_002_Monitors,North,211,320,4,693,256,42,OVERSTOCK_WARNING
2025-02-22,PRD_002_Monitors,South,74,320,4,550,89,14,OVERSTOCK_WARNING
2025-02-22,PRD_002_Monitors,East,69,320,6,343,83,20,OVERSTOCK_WARNING
2025-02-22,PRD_002_Monitors,West,189,320,12,627,229,113,OVERSTOCK_WARNING
2025-02-22,PRD_003_Keyboards,North,116,45,11,390,140,63,OVERSTOCK_WARNING
2025-02-22,PRD_003_Keyboards,South,145,45,11,134,176,79,OPTIMAL
2025-02-22,PRD_003_Keyboards,East,183,45,3,479,222,27,OVERSTOCK_WARNING
2025-02-22,PRD_003_Keyboards,West,179,45,10,1059,217,89,OVERSTOCK_WARNING
2025-02-22,PRD_004_Processors,North,42,400,9,427,51,18,OVERSTOCK_WARNING
2025-02-22,PRD_004_Processors,South,154,400,10,709,187,77,OVERSTOCK_WARNING
2025-02-22,PRD_004_Processors,East,44,400,6,951,53,13,OVERSTOCK_WARNING
2025-02-22,PRD_004_Processors,West,147,400,3,712,178,22,OVERSTOCK_WARNING
2025-02-23,PRD_001_Laptops,North,69,850,7,163,83,24,OVERSTOCK_WARNING
2025-02-23,PRD_001_Laptops,South,189,850,4,535,229,37,OVERSTOCK_WARNING
2025-02-23,PRD_001_Laptops,East,71,850,3,1092,86,10,OVERSTOCK_WARNING
2025-02-23,PRD_001_Laptops,West,55,850,8,579,66,22,OVERSTOCK_WARNING
2025-02-23,PRD_002_Monitors,North,181,320,6,560,219,54,OVERSTOCK_WARNING
2025-02-23,PRD_002_Monitors,South,190,320,4,828,230,38,OVERSTOCK_WARNING
2025-02-23,PRD_002_Monitors,East,105,320,11,420,127,57,OVERSTOCK_WARNING
2025-02-23,PRD_002_Monitors,West,41,320,13,840,49,26,OVERSTOCK_WARNING
2025-02-23,PRD_003_Keyboards,North,114,45,5,259,138,28,OVERSTOCK_WARNING
2025-02-23,PRD_003_Keyboards,South,190,45,12,275,230,114,OPTIMAL
2025-02-23,PRD_003_Keyboards,East,94,45,8,498,114,37,OVERSTOCK_WARNING
2025-02-23,PRD_003_Keyboards,West,189,45,13,222,229,122,OPTIMAL
2025-02-23,PRD_004_Processors,North,125,400,7,323,151,43,OVERSTOCK_WARNING
2025-02-23,PRD_004_Processors,South,51,400,3,121,61,7,OVERSTOCK_WARNING
2025-02-23,PRD_004_Processors,East,205,400,4,508,249,41,OVERSTOCK_WARNING
2025-02-23,PRD_004_Processors,West,74,400,10,1081,89,37,OVERSTOCK_WARNING
2025-02-24,PRD_001_Laptops,North,197,850,8,146,239,78,OPTIMAL
2025-02-24,PRD_001_Laptops,South,119,850,9,1027,144,53,OVERSTOCK_WARNING
2025-02-24,PRD_001_Laptops,East,53,850,11,478,64,29,OVERSTOCK_WARNING
2025-02-24,PRD_001_Laptops,West,188,850,5,657,228,47,OVERSTOCK_WARNING
2025-02-24,PRD_002_Monitors,North,130,320,4,1010,157,26,OVERSTOCK_WARNING
2025-02-24,PRD_002_Monitors,South,59,320,4,847,71,11,OVERSTOCK_WARNING
2025-02-24,PRD_002_Monitors,East,49,320,11,1041,59,26,OVERSTOCK_WARNING
2025-02-24,PRD_002_Monitors,West,64,320,8,368,77,25,OVERSTOCK_WARNING
2025-02-24,PRD_003_Keyboards,North,203,45,3,189,246,30,OVERSTOCK_WARNING
2025-02-24,PRD_003_Keyboards,South,119,45,8,317,144,47,OVERSTOCK_WARNING
2025-02-24,PRD_003_Keyboards,East,164,45,6,978,199,49,OVERSTOCK_WARNING
2025-02-24,PRD_003_Keyboards,West,208,45,8,104,252,83,OPTIMAL
2025-02-24,PRD_004_Processors,North,180,400,7,561,218,63,OVERSTOCK_WARNING
2025-02-24,PRD_004_Processors,South,175,400,7,1073,212,61,OVERSTOCK_WARNING
2025-02-24,PRD_004_Processors,East,64,400,6,252,77,19,OVERSTOCK_WARNING
2025-02-24,PRD_004_Processors,West,51,400,6,737,61,15,OVERSTOCK_WARNING
2025-02-25,PRD_001_Laptops,North,99,850,8,751,120,39,OVERSTOCK_WARNING
2025-02-25,PRD_001_Laptops,South,132,850,13,333,160,85,OPTIMAL
2025-02-25,PRD_001_Laptops,East,169,850,9,546,205,76,OVERSTOCK_WARNING
2025-02-25,PRD_001_Laptops,West,70,850,5,596,85,17,OVERSTOCK_WARNING
2025-02-25,PRD_002_Monitors,North,201,320,12,424,244,120,OPTIMAL
2025-02-25,PRD_002_Monitors,South,169,320,13,769,205,109,OVERSTOCK_WARNING
2025-02-25,PRD_002_Monitors,East,198,320,10,542,240,99,OVERSTOCK_WARNING
2025-02-25,PRD_002_Monitors,West,122,320,11,178,148,67,OPTIMAL
2025-02-25,PRD_003_Keyboards,North,188,45,11,235,228,103,OPTIMAL
2025-02-25,PRD_003_Keyboards,South,154,45,9,159,187,69,OPTIMAL
2025-02-25,PRD_003_Keyboards,East,183,45,3,339,222,27,OVERSTOCK_WARNING
2025-02-25,PRD_003_Keyboards,West,43,45,9,631,52,19,OVERSTOCK_WARNING
2025-02-25,PRD_004_Processors,North,56,400,7,438,68,19,OVERSTOCK_WARNING
2025-02-25,PRD_004_Processors,South,163,400,6,300,198,48,OVERSTOCK_WARNING
2025-02-25,PRD_004_Processors,East,91,400,6,203,110,27,OVERSTOCK_WARNING
2025-02-25,PRD_004_Processors,West,205,400,9,769,249,92,OVERSTOCK_WARNING
2025-02-26,PRD_001_Laptops,North,102,850,7,707,123,35,OVERSTOCK_WARNING
2025-02-26,PRD_001_Laptops,South,101,850,5,598,122,25,OVERSTOCK_WARNING
2025-02-26,PRD_001_Laptops,East,194,850,8,605,235,77,OVERSTOCK_WARNING
2025-02-26,PRD_001_Laptops,West,125,850,7,589,151,43,OVERSTOCK_WARNING
2025-02-26,PRD_002_Monitors,North,169,320,13,484,205,109,OPTIMAL
2025-02-26,PRD_002_Monitors,South,118,320,7,729,143,41,OVERSTOCK_WARNING
2025-02-26,PRD_002_Monitors,East,97,320,10,502,117,48,OVERSTOCK_WARNING
2025-02-26,PRD_002_Monitors,West,172,320,3,92,208,25,OPTIMAL
2025-02-26,PRD_003_Keyboards,North,121,45,7,252,146,42,OVERSTOCK_WARNING
2025-02-26,PRD_003_Keyboards,South,199,45,6,544,241,59,OVERSTOCK_WARNING
2025-02-26,PRD_003_Keyboards,East,178,45,7,387,216,62,OVERSTOCK_WARNING
2025-02-26,PRD_003_Keyboards,West,156,45,12,589,189,93,OVERSTOCK_WARNING
2025-02-26,PRD_004_Processors,North,73,400,6,703,88,21,OVERSTOCK_WARNING
2025-02-26,PRD_004_Processors,South,121,400,10,306,146,60,OVERSTOCK_WARNING
2025-02-26,PRD_004_Processors,East,219,400,8,633,266,87,OVERSTOCK_WARNING
2025-02-26,PRD_004_Processors,West,60,400,12,476,72,36,OVERSTOCK_WARNING
2025-02-27,PRD_001_Laptops,North,152,850,11,271,184,83,OPTIMAL
2025-02-27,PRD_001_Laptops,South,56,850,10,472,68,28,OVERSTOCK_WARNING
2025-02-27,PRD_001_Laptops,East,208,850,3,209,252,31,OVERSTOCK_WARNING
2025-02-27,PRD_001_Laptops,West,99,850,3,89,120,14,OVERSTOCK_WARNING
2025-02-27,PRD_002_Monitors,North,97,320,10,868,117,48,OVERSTOCK_WARNING
2025-02-27,PRD_002_Monitors,South,67,320,13,838,81,43,OVERSTOCK_WARNING
2025-02-27,PRD_002_Monitors,East,73,320,10,1034,88,36,OVERSTOCK_WARNING
2025-02-27,PRD_002_Monitors,West,216,320,3,1035,262,32,OVERSTOCK_WARNING
2025-02-27,PRD_003_Keyboards,North,126,45,10,252,153,63,OPTIMAL
2025-02-27,PRD_003_Keyboards,South,108,45,3,166,131,16,OVERSTOCK_WARNING
2025-02-27,PRD_003_Keyboards,East,140,45,10,924,170,70,OVERSTOCK_WARNING
2025-02-27,PRD_003_Keyboards,West,126,45,13,464,153,81,OVERSTOCK_WARNING
2025-02-27,PRD_004_Processors,North,148,400,5,487,179,37,OVERSTOCK_WARNING
2025-02-27,PRD_004_Processors,South,191,400,3,724,232,28,OVERSTOCK_WARNING
2025-02-27,PRD_004_Processors,East,187,400,7,311,227,65,OVERSTOCK_WARNING
2025-02-27,PRD_004_Processors,West,97,400,6,730,117,29,OVERSTOCK_WARNING
2025-02-28,PRD_001_Laptops,North,219,850,5,470,266,54,OVERSTOCK_WARNING
2025-02-28,PRD_001_Laptops,South,67,850,5,570,81,16,OVERSTOCK_WARNING
2025-02-28,PRD_001_Laptops,East,44,850,7,429,53,15,OVERSTOCK_WARNING
2025-02-28,PRD_001_Laptops,West,135,850,10,399,163,67,OVERSTOCK_WARNING
2025-02-28,PRD_002_Monitors,North,177,320,8,702,215,70,OVERSTOCK_WARNING
2025-02-28,PRD_002_Monitors,South,151,320,3,302,183,22,OVERSTOCK_WARNING
2025-02-28,PRD_002_Monitors,East,175,320,10,1000,212,87,OVERSTOCK_WARNING
2025-02-28,PRD_002_Monitors,West,112,320,4,542,136,22,OVERSTOCK_WARNING
2025-02-28,PRD_003_Keyboards,North,217,45,5,640,263,54,OVERSTOCK_WARNING
2025-02-28,PRD_003_Keyboards,South,75,45,6,669,91,22,OVERSTOCK_WARNING
2025-02-28,PRD_003_Keyboards,East,144,45,11,296,174,79,OPTIMAL
2025-02-28,PRD_003_Keyboards,West,161,45,9,269,195,72,OPTIMAL
2025-02-28,PRD_004_Processors,North,153,400,12,228,185,91,OPTIMAL
2025-02-28,PRD_004_Processors,South,203,400,13,567,246,131,OPTIMAL
2025-02-28,PRD_004_Processors,East,41,400,8,860,49,16,OVERSTOCK_WARNING
2025-02-28,PRD_004_Processors,West,199,400,4,602,241,39,OVERSTOCK_WARNING
2025-03-01,PRD_001_Laptops,North,49,850,3,1015,59,7,OVERSTOCK_WARNING
2025-03-01,PRD_001_Laptops,South,185,850,9,1048,224,83,OVERSTOCK_WARNING
2025-03-01,PRD_001_Laptops,East,192,850,10,906,233,96,OVERSTOCK_WARNING
2025-03-01,PRD_001_Laptops,West,117,850,12,1064,142,70,OVERSTOCK_WARNING
2025-03-01,PRD_002_Monitors,North,153,320,8,1091,185,61,OVERSTOCK_WARNING
2025-03-01,PRD_002_Monitors,South,197,320,6,804,239,59,OVERSTOCK_WARNING
2025-03-01,PRD_002_Monitors,East,211,320,5,765,256,52,OVERSTOCK_WARNING
2025-03-01,PRD_002_Monitors,West,152,320,10,996,184,76,OVERSTOCK_WARNING
2025-03-01,PRD_003_Keyboards,North,161,45,9,118,195,72,OPTIMAL
2025-03-01,PRD_003_Keyboards,South,51,45,11,1022,61,28,OVERSTOCK_WARNING
2025-03-01,PRD_003_Keyboards,East,57,45,7,476,69,19,OVERSTOCK_WARNING
2025-03-01,PRD_003_Keyboards,West,188,45,10,381,228,94,OPTIMAL
2025-03-01,PRD_004_Processors,North,143,400,9,742,173,64,OVERSTOCK_WARNING
2025-03-01,PRD_004_Processors,South,125,400,8,314,151,50,OVERSTOCK_WARNING
2025-03-01,PRD_004_Processors,East,128,400,8,939,155,51,OVERSTOCK_WARNING
2025-03-01,PRD_004_Processors,West,68,400,4,849,82,13,OVERSTOCK_WARNING
2025-03-02,PRD_001_Laptops,North,68,850,7,542,82,23,OVERSTOCK_WARNING
2025-03-02,PRD_001_Laptops,South,219,850,13,641,266,142,OVERSTOCK_WARNING
2025-03-02,PRD_001_Laptops,East,134,850,5,486,162,33,OVERSTOCK_WARNING
2025-03-02,PRD_001_Laptops,West,127,850,8,762,154,50,OVERSTOCK_WARNING
2025-03-02,PRD_002_Monitors,North,204,320,3,775,247,30,OVERSTOCK_WARNING
2025-03-02,PRD_002_Monitors,South,42,320,8,98,51,16,OVERSTOCK_WARNING
2025-03-02,PRD_002_Monitors,East,62,320,9,187,75,27,OVERSTOCK_WARNING
2025-03-02,PRD_002_Monitors,West,150,320,11,207,182,82,OPTIMAL
2025-03-02,PRD_003_Keyboards,North,150,45,10,441,182,75,OVERSTOCK_WARNING
2025-03-02,PRD_003_Keyboards,South,183,45,10,208,222,91,OPTIMAL
2025-03-02,PRD_003_Keyboards,East,147,45,7,594,178,51,OVERSTOCK_WARNING
2025-03-02,PRD_003_Keyboards,West,171,45,10,562,207,85,OVERSTOCK_WARNING
2025-03-02,PRD_004_Processors,North,103,400,12,945,125,61,OVERSTOCK_WARNING
2025-03-02,PRD_004_Processors,South,49,400,7,975,59,17,OVERSTOCK_WARNING
2025-03-02,PRD_004_Processors,East,85,400,9,810,103,38,OVERSTOCK_WARNING
2025-03-02,PRD_004_Processors,West,194,400,4,1016,235,38,OVERSTOCK_WARNING
2025-03-03,PRD_001_Laptops,North,151,850,11,579,183,83,OVERSTOCK_WARNING
2025-03-03,PRD_001_Laptops,South,203,850,8,313,246,81,OPTIMAL
2025-03-03,PRD_001_Laptops,East,129,850,12,645,156,77,OVERSTOCK_WARNING
2025-03-03,PRD_001_Laptops,West,51,850,3,1053,61,7,OVERSTOCK_WARNING
2025-03-03,PRD_002_Monitors,North,53,320,11,497,64,29,OVERSTOCK_WARNING
2025-03-03,PRD_002_Monitors,South,160,320,6,666,194,48,OVERSTOCK_WARNING
2025-03-03,PRD_002_Monitors,East,183,320,5,814,222,45,OVERSTOCK_WARNING
2025-03-03,PRD_002_Monitors,West,109,320,10,290,132,54,OVERSTOCK_WARNING
2025-03-03,PRD_003_Keyboards,North,140,45,12,211,170,84,OPTIMAL
2025-03-03,PRD_003_Keyboards,South,150,45,6,99,182,45,OPTIMAL
2025-03-03,PRD_003_Keyboards,East,177,45,10,1093,215,88,OVERSTOCK_WARNING
2025-03-03,PRD_003_Keyboards,West,193,45,7,821,234,67,OVERSTOCK_WARNING
2025-03-03,PRD_004_Processors,North,93,400,10,950,112,46,OVERSTOCK_WARNING
2025-03-03,PRD_004_Processors,South,188,400,12,117,228,112,OPTIMAL
2025-03-03,PRD_004_Processors,East,213,400,6,267,258,63,OPTIMAL
2025-03-03,PRD_004_Processors,West,96,400,6,352,116,28,OVERSTOCK_WARNING
2025-03-04,PRD_001_Laptops,North,158,850,9,595,191,71,OVERSTOCK_WARNING
2025-03-04,PRD_001_Laptops,South,53,850,5,807,64,13,OVERSTOCK_WARNING
2025-03-04,PRD_001_Laptops,East,119,850,12,134,144,71,OPTIMAL
2025-03-04,PRD_001_Laptops,West,171,850,10,845,207,85,OVERSTOCK_WARNING
2025-03-04,PRD_002_Monitors,North,63,320,4,749,76,12,OVERSTOCK_WARNING
2025-03-04,PRD_002_Monitors,South,121,320,5,238,146,30,OVERSTOCK_WARNING
2025-03-04,PRD_002_Monitors,East,99,320,5,896,120,24,OVERSTOCK_WARNING
2025-03-04,PRD_002_Monitors,West,102,320,5,485,123,25,OVERSTOCK_WARNING
2025-03-04,PRD_003_Keyboards,North,191,45,12,1077,232,114,OVERSTOCK_WARNING
2025-03-04,PRD_003_Keyboards,South,156,45,6,783,189,46,OVERSTOCK_WARNING
2025-03-04,PRD_003_Keyboards,East,58,45,6,429,70,17,OVERSTOCK_WARNING
2025-03-04,PRD_003_Keyboards,West,152,45,9,560,184,68,OVERSTOCK_WARNING
2025-03-04,PRD_004_Processors,North,185,400,6,192,224,55,OPTIMAL
2025-03-04,PRD_004_Processors,South,86,400,13,904,104,55,OVERSTOCK_WARNING
2025-03-04,PRD_004_Processors,East,157,400,3,480,190,23,OVERSTOCK_WARNING
2025-03-04,PRD_004_Processors,West,43,400,6,831,52,12,OVERSTOCK_WARNING
2025-03-05,PRD_001_Laptops,North,86,850,13,478,104,55,OVERSTOCK_WARNING
2025-03-05,PRD_001_Laptops,South,86,850,13,950,104,55,OVERSTOCK_WARNING
2025-03-05,PRD_001_Laptops,East,176,850,12,479,213,105,OVERSTOCK_WARNING
2025-03-05,PRD_001_Laptops,West,108,850,11,579,131,59,OVERSTOCK_WARNING
2025-03-05,PRD_002_Monitors,North,100,320,12,129,121,60,OPTIMAL
2025-03-05,PRD_002_Monitors,South,42,320,13,704,51,27,OVERSTOCK_WARNING
2025-03-05,PRD_002_Monitors,East,133,320,8,1084,161,53,OVERSTOCK_WARNING
2025-03-05,PRD_002_Monitors,West,120,320,13,956,145,78,OVERSTOCK_WARNING
2025-03-05,PRD_003_Keyboards,North,90,45,7,994,109,31,OVERSTOCK_WARNING
2025-03-05,PRD_003_Keyboards,South,209,45,5,381,253,52,OVERSTOCK_WARNING
2025-03-05,PRD_003_Keyboards,East,193,45,5,660,234,48,OVERSTOCK_WARNING
2025-03-05,PRD_003_Keyboards,West,132,45,7,1059,160,46,OVERSTOCK_WARNING
2025-03-05,PRD_004_Processors,North,88,400,7,153,106,30,OVERSTOCK_WARNING
2025-03-05,PRD_004_Processors,South,44,400,6,661,53,13,OVERSTOCK_WARNING
2025-03-05,PRD_004_Processors,East,129,400,6,717,156,38,OVERSTOCK_WARNING
2025-03-05,PRD_004_Processors,West,78,400,4,1010,94,15,OVERSTOCK_WARNING
2025-03-06,PRD_001_Laptops,North,168,850,10,392,204,84,OVERSTOCK_WARNING
2025-03-06,PRD_001_Laptops,South,139,850,8,888,168,55,OVERSTOCK_WARNING
2025-03-06,PRD_001_Laptops,East,213,850,11,622,258,117,OVERSTOCK_WARNING
2025-03-06,PRD_001_Laptops,West,123,850,10,1064,149,61,OVERSTOCK_WARNING
2025-03-06,PRD_002_Monitors,North,75,320,7,1005,91,26,OVERSTOCK_WARNING
2025-03-06,PRD_002_Monitors,South,191,320,12,493,232,114,OPTIMAL
2025-03-06,PRD_002_Monitors,East,125,320,9,242,151,56,OPTIMAL
2025-03-06,PRD_002_Monitors,West,53,320,10,985,64,26,OVERSTOCK_WARNING
2025-03-06,PRD_003_Keyboards,North,119,45,8,1070,144,47,OVERSTOCK_WARNING
2025-03-06,PRD_003_Keyboards,South,145,45,11,284,176,79,OPTIMAL
2025-03-06,PRD_003_Keyboards,East,109,45,11,892,132,59,OVERSTOCK_WARNING
2025-03-06,PRD_003_Keyboards,West,146,45,6,929,177,43,OVERSTOCK_WARNING
2025-03-06,PRD_004_Processors,North,146,400,11,612,177,80,OVERSTOCK_WARNING
2025-03-06,PRD_004_Processors,South,217,400,3,1066,263,32,OVERSTOCK_WARNING
2025-03-06,PRD_004_Processors,East,46,400,8,718,55,18,OVERSTOCK_WARNING
2025-03-06,PRD_004_Processors,West,182,400,4,751,221,36,OVERSTOCK_WARNING
2025-03-07,PRD_001_Laptops,North,187,850,10,734,227,93,OVERSTOCK_WARNING
2025-03-07,PRD_001_Laptops,South,215,850,9,996,261,96,OVERSTOCK_WARNING
2025-03-07,PRD_001_Laptops,East,209,850,12,571,253,125,OVERSTOCK_WARNING
2025-03-07,PRD_001_Laptops,West,159,850,11,244,193,87,OPTIMAL
2025-03-07,PRD_002_Monitors,North,97,320,7,161,117,33,OVERSTOCK_WARNING
2025-03-07,PRD_002_Monitors,South,108,320,5,678,131,27,OVERSTOCK_WARNING
2025-03-07,PRD_002_Monitors,East,204,320,10,384,247,102,OPTIMAL
2025-03-07,PRD_002_Monitors,West,186,320,5,936,225,46,OVERSTOCK_WARNING
2025-03-07,PRD_003_Keyboards,North,124,45,11,524,150,68,OVERSTOCK_WARNING
2025-03-07,PRD_003_Keyboards,South,208,45,3,257,252,31,OVERSTOCK_WARNING
2025-03-07,PRD_003_Keyboards,East,156,45,6,974,189,46,OVERSTOCK_WARNING
2025-03-07,PRD_003_Keyboards,West,110,45,8,1094,133,44,OVERSTOCK_WARNING
2025-03-07,PRD_004_Processors,North,72,400,3,743,87,10,OVERSTOCK_WARNING
2025-03-07,PRD_004_Processors,South,100,400,4,107,121,20,OVERSTOCK_WARNING
2025-03-07,PRD_004_Processors,East,82,400,11,502,99,45,OVERSTOCK_WARNING
2025-03-07,PRD_004_Processors,West,125,400,3,608,151,18,OVERSTOCK_WARNING
2025-03-08,PRD_001_Laptops,North,137,850,8,573,166,54,OVERSTOCK_WARNING
2025-03-08,PRD_001_Laptops,South,137,850,3,921,166,20,OVERSTOCK_WARNING
2025-03-08,PRD_001_Laptops,East,124,850,7,593,150,43,OVERSTOCK_WARNING
2025-03-08,PRD_001_Laptops,West,61,850,11,145,74,33,OPTIMAL
2025-03-08,PRD_002_Monitors,North,113,320,4,223,137,22,OVERSTOCK_WARNING
2025-03-08,PRD_002_Monitors,South,151,320,5,716,183,37,OVERSTOCK_WARNING
2025-03-08,PRD_002_Monitors,East,206,320,8,667,250,82,OVERSTOCK_WARNING
2025-03-08,PRD_002_Monitors,West,127,320,10,373,154,63,OVERSTOCK_WARNING
2025-03-08,PRD_003_Keyboards,North,98,45,12,690,119,58,OVERSTOCK_WARNING
2025-03-08,PRD_003_Keyboards,South,102,45,3,1039,123,15,OVERSTOCK_WARNING
2025-03-08,PRD_003_Keyboards,East,71,45,9,356,86,31,OVERSTOCK_WARNING
2025-03-08,PRD_003_Keyboards,West,59,45,12,462,71,35,OVERSTOCK_WARNING
2025-03-08,PRD_004_Processors,North,107,400,6,293,129,32,OVERSTOCK_WARNING
2025-03-08,PRD_004_Processors,South,182,400,10,823,221,91,OVERSTOCK_WARNING
2025-03-08,PRD_004_Processors,East,118,400,8,707,143,47,OVERSTOCK_WARNING
2025-03-08,PRD_004_Processors,West,131,400,13,460,159,85,OVERSTOCK_WARNING
2025-03-09,PRD_001_Laptops,North,207,850,12,875,251,124,OVERSTOCK_WARNING
2025-03-09,PRD_001_Laptops,South,65,850,3,526,78,9,OVERSTOCK_WARNING
2025-03-09,PRD_001_Laptops,East,105,850,11,839,127,57,OVERSTOCK_WARNING
2025-03-09,PRD_001_Laptops,West,170,850,10,123,206,85,OPTIMAL
2025-03-09,PRD_002_Monitors,North,136,320,12,1091,165,81,OVERSTOCK_WARNING
2025-03-09,PRD_002_Monitors,South,45,320,9,515,54,20,OVERSTOCK_WARNING
2025-03-09,PRD_002_Monitors,East,62,320,11,458,75,34,OVERSTOCK_WARNING
2025-03-09,PRD_002_Monitors,West,217,320,13,994,263,141,OVERSTOCK_WARNING
2025-03-09,PRD_003_Keyboards,North,90,45,13,583,109,58,OVERSTOCK_WARNING
2025-03-09,PRD_003_Keyboards,South,51,45,12,87,61,30,OPTIMAL
2025-03-09,PRD_003_Keyboards,East,191,45,11,243,232,105,OPTIMAL
2025-03-09,PRD_003_Keyboards,West,124,45,10,646,150,62,OVERSTOCK_WARNING
2025-03-09,PRD_004_Processors,North,176,400,10,289,213,88,OPTIMAL
2025-03-09,PRD_004_Processors,South,81,400,6,533,98,24,OVERSTOCK_WARNING
2025-03-09,PRD_004_Processors,East,51,400,4,854,61,10,OVERSTOCK_WARNING
2025-03-09,PRD_004_Processors,West,119,400,5,956,144,29,OVERSTOCK_WARNING
2025-03-10,PRD_001_Laptops,North,42,850,13,705,51,27,OVERSTOCK_WARNING
2025-03-10,PRD_001_Laptops,South,146,850,10,565,177,73,OVERSTOCK_WARNING
2025-03-10,PRD_001_Laptops,East,200,850,3,1094,242,30,OVERSTOCK_WARNING
2025-03-10,PRD_001_Laptops,West,47,850,7,1007,57,16,OVERSTOCK_WARNING
2025-03-10,PRD_002_Monitors,North,163,320,13,692,198,105,OVERSTOCK_WARNING
2025-03-10,PRD_002_Monitors,South,43,320,8,445,52,17,OVERSTOCK_WARNING
2025-03-10,PRD_002_Monitors,East,58,320,11,603,70,31,OVERSTOCK_WARNING
2025-03-10,PRD_002_Monitors,West,178,320,9,95,216,80,OPTIMAL
2025-03-10,PRD_003_Keyboards,North,168,45,9,1092,204,75,OVERSTOCK_WARNING
2025-03-10,PRD_003_Keyboards,South,60,45,4,339,72,12,OVERSTOCK_WARNING
2025-03-10,PRD_003_Keyboards,East,195,45,8,585,236,78,OVERSTOCK_WARNING
2025-03-10,PRD_003_Keyboards,West,98,45,9,719,119,44,OVERSTOCK_WARNING
2025-03-10,PRD_004_Processors,North,66,400,7,616,80,23,OVERSTOCK_WARNING
2025-03-10,PRD_004_Processors,South,170,400,3,275,206,25,OVERSTOCK_WARNING
2025-03-10,PRD_004_Processors,East,64,400,6,1009,77,19,OVERSTOCK_WARNING
2025-03-10,PRD_004_Processors,West,193,400,7,306,234,67,OVERSTOCK_WARNING
2025-03-11,PRD_001_Laptops,North,48,850,6,565,58,14,OVERSTOCK_WARNING
2025-03-11,PRD_001_Laptops,South,217,850,8,290,263,86,OPTIMAL
2025-03-11,PRD_001_Laptops,East,99,850,11,474,120,54,OVERSTOCK_WARNING
2025-03-11,PRD_001_Laptops,West,214,850,11,804,259,117,OVERSTOCK_WARNING
2025-03-11,PRD_002_Monitors,North,170,320,12,1087,206,102,OVERSTOCK_WARNING
2025-03-11,PRD_002_Monitors,South,60,320,10,297,72,30,OVERSTOCK_WARNING
2025-03-11,PRD_002_Monitors,East,200,320,7,754,242,70,OVERSTOCK_WARNING
2025-03-11,PRD_002_Monitors,West,219,320,4,120,266,43,OPTIMAL
2025-03-11,PRD_003_Keyboards,North,90,45,4,393,109,18,OVERSTOCK_WARNING
2025-03-11,PRD_003_Keyboards,South,114,45,11,358,138,62,OVERSTOCK_WARNING
2025-03-11,PRD_003_Keyboards,East,215,45,8,352,261,86,OPTIMAL
2025-03-11,PRD_003_Keyboards,West,108,45,13,941,131,70,OVERSTOCK_WARNING
2025-03-11,PRD_004_Processors,North,54,400,13,1010,65,35,OVERSTOCK_WARNING
2025-03-11,PRD_004_Processors,South,72,400,6,972,87,21,OVERSTOCK_WARNING
2025-03-11,PRD_004_Processors,East,55,400,4,145,66,11,OVERSTOCK_WARNING
2025-03-11,PRD_004_Processors,West,207,400,10,235,251,103,OPTIMAL
2025-03-12,PRD_001_Laptops,North,86,850,9,533,104,38,OVERSTOCK_WARNING
2025-03-12,PRD_001_Laptops,South,187,850,3,1047,227,28,OVERSTOCK_WARNING
2025-03-12,PRD_001_Laptops,East,126,850,5,595,153,31,OVERSTOCK_WARNING
2025-03-12,PRD_001_Laptops,West,192,850,8,222,233,76,OPTIMAL
2025-03-12,PRD_002_Monitors,North,60,320,5,392,72,15,OVERSTOCK_WARNING
2025-03-12,PRD_002_Monitors,South,156,320,7,381,189,54,OVERSTOCK_WARNING
2025-03-12,PRD_002_Monitors,East,181,320,6,539,219,54,OVERSTOCK_WARNING
2025-03-12,PRD_002_Monitors,West,184,320,9,472,223,82,OVERSTOCK_WARNING
2025-03-12,PRD_003_Keyboards,North,138,45,4,194,167,27,OVERSTOCK_WARNING
2025-03-12,PRD_003_Keyboards,South,173,45,13,298,210,112,OPTIMAL
2025-03-12,PRD_003_Keyboards,East,190,45,13,682,230,123,OVERSTOCK_WARNING
2025-03-12,PRD_003_Keyboards,West,137,45,10,637,166,68,OVERSTOCK_WARNING
2025-03-12,PRD_004_Processors,North,77,400,6,580,93,23,OVERSTOCK_WARNING
2025-03-12,PRD_004_Processors,South,111,400,5,738,134,27,OVERSTOCK_WARNING
2025-03-12,PRD_004_Processors,East,69,400,13,675,83,44,OVERSTOCK_WARNING
2025-03-12,PRD_004_Processors,West,152,400,11,503,184,83,OVERSTOCK_WARNING
2025-03-13,PRD_001_Laptops,North,127,850,12,693,154,76,OVERSTOCK_WARNING
2025-03-13,PRD_001_Laptops,South,189,850,11,162,229,103,OPTIMAL
2025-03-13,PRD_001_Laptops,East,149,850,5,978,181,37,OVERSTOCK_WARNING
2025-03-13,PRD_001_Laptops,West,209,850,5,792,253,52,OVERSTOCK_WARNING
2025-03-13,PRD_002_Monitors,North,67,320,6,252,81,20,OVERSTOCK_WARNING
2025-03-13,PRD_002_Monitors,South,110,320,11,842,133,60,OVERSTOCK_WARNING
2025-03-13,PRD_002_Monitors,East,163,320,9,712,198,73,OVERSTOCK_WARNING
2025-03-13,PRD_002_Monitors,West,58,320,6,477,70,17,OVERSTOCK_WARNING
2025-03-13,PRD_003_Keyboards,North,159,45,8,516,193,63,OVERSTOCK_WARNING
2025-03-13,PRD_003_Keyboards,South,100,45,6,1015,121,30,OVERSTOCK_WARNING
2025-03-13,PRD_003_Keyboards,East,69,45,11,399,83,37,OVERSTOCK_WARNING
2025-03-13,PRD_003_Keyboards,West,200,45,10,899,242,100,OVERSTOCK_WARNING
2025-03-13,PRD_004_Processors,North,128,400,13,900,155,83,OVERSTOCK_WARNING
2025-03-13,PRD_004_Processors,South,117,400,11,787,142,64,OVERSTOCK_WARNING
2025-03-13,PRD_004_Processors,East,107,400,10,593,129,53,OVERSTOCK_WARNING
2025-03-13,PRD_004_Processors,West,144,400,8,1016,174,57,OVERSTOCK_WARNING
2025-03-14,PRD_001_Laptops,North,159,850,9,95,193,71,OPTIMAL
2025-03-14,PRD_001_Laptops,South,101,850,3,511,122,15,OVERSTOCK_WARNING
2025-03-14,PRD_001_Laptops,East,197,850,5,858,239,49,OVERSTOCK_WARNING
2025-03-14,PRD_001_Laptops,West,103,850,4,548,125,20,OVERSTOCK_WARNING
2025-03-14,PRD_002_Monitors,North,188,320,7,383,228,65,OVERSTOCK_WARNING
2025-03-14,PRD_002_Monitors,South,59,320,7,1042,71,20,OVERSTOCK_WARNING
2025-03-14,PRD_002_Monitors,East,211,320,3,1092,256,31,OVERSTOCK_WARNING
2025-03-14,PRD_002_Monitors,West,176,320,6,114,213,52,OPTIMAL
2025-03-14,PRD_003_Keyboards,North,104,45,10,380,126,52,OVERSTOCK_WARNING
2025-03-14,PRD_003_Keyboards,South,126,45,10,411,153,63,OVERSTOCK_WARNING
2025-03-14,PRD_003_Keyboards,East,115,45,11,738,139,63,OVERSTOCK_WARNING
2025-03-14,PRD_003_Keyboards,West,65,45,6,684,78,19,OVERSTOCK_WARNING
2025-03-14,PRD_004_Processors,North,189,400,10,612,229,94,OVERSTOCK_WARNING
2025-03-14,PRD_004_Processors,South,90,400,8,867,109,36,OVERSTOCK_WARNING
2025-03-14,PRD_004_Processors,East,196,400,5,211,238,49,OPTIMAL
2025-03-14,PRD_004_Processors,West,94,400,9,427,114,42,OVERSTOCK_WARNING
2025-03-15,PRD_001_Laptops,North,67,850,6,485,81,20,OVERSTOCK_WARNING
2025-03-15,PRD_001_Laptops,South,115,850,5,933,139,28,OVERSTOCK_WARNING
2025-03-15,PRD_001_Laptops,East,201,850,13,1030,244,130,OVERSTOCK_WARNING
2025-03-15,PRD_001_Laptops,West,144,850,3,663,174,21,OVERSTOCK_WARNING
2025-03-15,PRD_002_Monitors,North,126,320,8,341,153,50,OVERSTOCK_WARNING
2025-03-15,PRD_002_Monitors,South,192,320,4,992,233,38,OVERSTOCK_WARNING
2025-03-15,PRD_002_Monitors,East,100,320,8,809,121,40,OVERSTOCK_WARNING
2025-03-15,PRD_002_Monitors,West,66,320,10,546,80,33,OVERSTOCK_WARNING
2025-03-15,PRD_003_Keyboards,North,163,45,12,528,198,97,OVERSTOCK_WARNING
2025-03-15,PRD_003_Keyboards,South,132,45,3,946,160,19,OVERSTOCK_WARNING
2025-03-15,PRD_003_Keyboards,East,207,45,5,511,251,51,OVERSTOCK_WARNING
2025-03-15,PRD_003_Keyboards,West,123,45,10,768,149,61,OVERSTOCK_WARNING
2025-03-15,PRD_004_Processors,North,180,400,8,128,218,72,OPTIMAL
2025-03-15,PRD_004_Processors,South,85,400,3,269,103,12,OVERSTOCK_WARNING
2025-03-15,PRD_004_Processors,East,175,400,13,483,212,113,OPTIMAL
2025-03-15,PRD_004_Processors,West,163,400,3,681,198,24,OVERSTOCK_WARNING
2025-03-16,PRD_001_Laptops,North,78,850,7,836,94,27,OVERSTOCK_WARNING
2025-03-16,PRD_001_Laptops,South,216,850,12,442,262,129,OPTIMAL
2025-03-16,PRD_001_Laptops,East,93,850,11,856,112,51,OVERSTOCK_WARNING
2025-03-16,PRD_001_Laptops,West,127,850,7,896,154,44,OVERSTOCK_WARNING
2025-03-16,PRD_002_Monitors,North,80,320,3,935,97,12,OVERSTOCK_WARNING
2025-03-16,PRD_002_Monitors,South,60,320,5,650,72,15,OVERSTOCK_WARNING
2025-03-16,PRD_002_Monitors,East,206,320,9,120,250,92,OPTIMAL
2025-03-16,PRD_002_Monitors,West,78,320,13,573,94,50,OVERSTOCK_WARNING
2025-03-16,PRD_003_Keyboards,North,186,45,13,412,225,120,OPTIMAL
2025-03-16,PRD_003_Keyboards,South,166,45,3,247,201,24,OVERSTOCK_WARNING
2025-03-16,PRD_003_Keyboards,East,147,45,5,411,178,36,OVERSTOCK_WARNING
2025-03-16,PRD_003_Keyboards,West,111,45,10,1036,134,55,OVERSTOCK_WARNING
2025-03-16,PRD_004_Processors,North,148,400,3,380,179,22,OVERSTOCK_WARNING
2025-03-16,PRD_004_Processors,South,129,400,9,1067,156,58,OVERSTOCK_WARNING
2025-03-16,PRD_004_Processors,East,47,400,11,938,57,25,OVERSTOCK_WARNING
2025-03-16,PRD_004_Processors,West,213,400,9,749,258,95,OVERSTOCK_WARNING
2025-03-17,PRD_001_Laptops,North,214,850,9,768,259,96,OVERSTOCK_WARNING
2025-03-17,PRD_001_Laptops,South,214,850,6,929,259,64,OVERSTOCK_WARNING
2025-03-17,PRD_001_Laptops,East,185,850,4,403,224,37,OVERSTOCK_WARNING
2025-03-17,PRD_001_Laptops,West,200,850,6,673,242,60,OVERSTOCK_WARNING
2025-03-17,PRD_002_Monitors,North,186,320,10,163,225,93,OPTIMAL
2025-03-17,PRD_002_Monitors,South,152,320,3,411,184,22,OVERSTOCK_WARNING
2025-03-17,PRD_002_Monitors,East,161,320,5,734,195,40,OVERSTOCK_WARNING
2025-03-17,PRD_002_Monitors,West,80,320,9,849,97,36,OVERSTOCK_WARNING
2025-03-17,PRD_003_Keyboards,North,68,45,11,281,82,37,OVERSTOCK_WARNING
2025-03-17,PRD_003_Keyboards,South,90,45,13,1052,109,58,OVERSTOCK_WARNING
2025-03-17,PRD_003_Keyboards,East,49,45,4,642,59,9,OVERSTOCK_WARNING
2025-03-17,PRD_003_Keyboards,West,157,45,11,456,190,86,OVERSTOCK_WARNING
2025-03-17,PRD_004_Processors,North,78,400,5,163,94,19,OVERSTOCK_WARNING
2025-03-17,PRD_004_Processors,South,194,400,7,593,235,67,OVERSTOCK_WARNING
2025-03-17,PRD_004_Processors,East,132,400,8,466,160,52,OVERSTOCK_WARNING
2025-03-17,PRD_004_Processors,West,183,400,10,337,222,91,OPTIMAL
2025-03-18,PRD_001_Laptops,North,120,850,11,347,145,66,OVERSTOCK_WARNING
2025-03-18,PRD_001_Laptops,South,202,850,13,912,245,131,OVERSTOCK_WARNING
2025-03-18,PRD_001_Laptops,East,94,850,12,436,114,56,OVERSTOCK_WARNING
2025-03-18,PRD_001_Laptops,West,101,850,3,206,122,15,OVERSTOCK_WARNING
2025-03-18,PRD_002_Monitors,North,192,320,9,487,233,86,OVERSTOCK_WARNING
2025-03-18,PRD_002_Monitors,South,77,320,7,517,93,26,OVERSTOCK_WARNING
2025-03-18,PRD_002_Monitors,East,146,320,4,499,177,29,OVERSTOCK_WARNING
2025-03-18,PRD_002_Monitors,West,138,320,9,152,167,62,OPTIMAL
2025-03-18,PRD_003_Keyboards,North,161,45,4,879,195,32,OVERSTOCK_WARNING
2025-03-18,PRD_003_Keyboards,South,195,45,11,142,236,107,OPTIMAL
2025-03-18,PRD_003_Keyboards,East,62,45,10,154,75,31,OVERSTOCK_WARNING
2025-03-18,PRD_003_Keyboards,West,87,45,12,1098,105,52,OVERSTOCK_WARNING
2025-03-18,PRD_004_Processors,North,96,400,8,691,116,38,OVERSTOCK_WARNING
2025-03-18,PRD_004_Processors,South,163,400,3,999,198,24,OVERSTOCK_WARNING
2025-03-18,PRD_004_Processors,East,206,400,4,519,250,41,OVERSTOCK_WARNING
2025-03-18,PRD_004_Processors,West,195,400,7,86,236,68,OPTIMAL
2025-03-19,PRD_001_Laptops,North,204,850,10,912,247,102,OVERSTOCK_WARNING
2025-03-19,PRD_001_Laptops,South,86,850,6,866,104,25,OVERSTOCK_WARNING
2025-03-19,PRD_001_Laptops,East,196,850,12,523,238,117,OPTIMAL
2025-03-19,PRD_001_Laptops,West,185,850,5,506,224,46,OVERSTOCK_WARNING
2025-03-19,PRD_002_Monitors,North,165,320,13,896,200,107,OVERSTOCK_WARNING
2025-03-19,PRD_002_Monitors,South,152,320,8,655,184,60,OVERSTOCK_WARNING
2025-03-19,PRD_002_Monitors,East,108,320,10,1009,131,54,OVERSTOCK_WARNING
2025-03-19,PRD_002_Monitors,West,215,320,6,519,261,64,OVERSTOCK_WARNING
2025-03-19,PRD_003_Keyboards,North,104,45,6,704,126,31,OVERSTOCK_WARNING
2025-03-19,PRD_003_Keyboards,South,148,45,4,916,179,29,OVERSTOCK_WARNING
2025-03-19,PRD_003_Keyboards,East,197,45,10,423,239,98,OPTIMAL
2025-03-19,PRD_003_Keyboards,West,106,45,13,636,128,68,OVERSTOCK_WARNING
2025-03-19,PRD_004_Processors,North,43,400,12,234,52,25,OVERSTOCK_WARNING
2025-03-19,PRD_004_Processors,South,213,400,8,442,258,85,OVERSTOCK_WARNING
2025-03-19,PRD_004_Processors,East,90,400,4,341,109,18,OVERSTOCK_WARNING
2025-03-19,PRD_004_Processors,West,98,400,7,621,119,34,OVERSTOCK_WARNING
2025-03-20,PRD_001_Laptops,North,209,850,7,201,253,73,OPTIMAL
2025-03-20,PRD_001_Laptops,South,164,850,7,249,199,57,OPTIMAL
2025-03-20,PRD_001_Laptops,East,163,850,7,114,198,57,OPTIMAL
2025-03-20,PRD_001_Laptops,West,126,850,8,787,153,50,OVERSTOCK_WARNING
2025-03-20,PRD_002_Monitors,North,57,320,11,448,69,31,OVERSTOCK_WARNING
2025-03-20,PRD_002_Monitors,South,68,320,13,510,82,44,OVERSTOCK_WARNING
2025-03-20,PRD_002_Monitors,East,165,320,6,992,200,49,OVERSTOCK_WARNING
2025-03-20,PRD_002_Monitors,West,148,320,8,147,179,59,OPTIMAL
2025-03-20,PRD_003_Keyboards,North,108,45,7,568,131,37,OVERSTOCK_WARNING
2025-03-20,PRD_003_Keyboards,South,88,45,4,444,106,17,OVERSTOCK_WARNING
2025-03-20,PRD_003_Keyboards,East,125,45,7,458,151,43,OVERSTOCK_WARNING
2025-03-20,PRD_003_Keyboards,West,126,45,5,978,153,31,OVERSTOCK_WARNING
2025-03-20,PRD_004_Processors,North,81,400,4,495,98,16,OVERSTOCK_WARNING
2025-03-20,PRD_004_Processors,South,148,400,5,841,179,37,OVERSTOCK_WARNING
2025-03-20,PRD_004_Processors,East,124,400,7,379,150,43,OVERSTOCK_WARNING
2025-03-20,PRD_004_Processors,West,178,400,9,915,216,80,OVERSTOCK_WARNING
2025-03-21,PRD_001_Laptops,North,168,850,10,716,204,84,OVERSTOCK_WARNING
2025-03-21,PRD_001_Laptops,South,180,850,4,218,218,36,OVERSTOCK_WARNING
2025-03-21,PRD_001_Laptops,East,218,850,3,178,264,32,OVERSTOCK_WARNING
2025-03-21,PRD_001_Laptops,West,121,850,10,293,146,60,OVERSTOCK_WARNING
2025-03-21,PRD_002_Monitors,North,191,320,12,866,232,114,OVERSTOCK_WARNING
2025-03-21,PRD_002_Monitors,South,204,320,9,932,247,91,OVERSTOCK_WARNING
2025-03-21,PRD_002_Monitors,East,47,320,7,736,57,16,OVERSTOCK_WARNING
2025-03-21,PRD_002_Monitors,West,140,320,6,965,170,42,OVERSTOCK_WARNING
2025-03-21,PRD_003_Keyboards,North,186,45,13,196,225,120,OPTIMAL
2025-03-21,PRD_003_Keyboards,South,137,45,13,901,166,89,OVERSTOCK_WARNING
2025-03-21,PRD_003_Keyboards,East,212,45,8,740,257,84,OVERSTOCK_WARNING
2025-03-21,PRD_003_Keyboards,West,178,45,9,555,216,80,OVERSTOCK_WARNING
2025-03-21,PRD_004_Processors,North,44,400,3,263,53,6,OVERSTOCK_WARNING
2025-03-21,PRD_004_Processors,South,59,400,11,637,71,32,OVERSTOCK_WARNING
2025-03-21,PRD_004_Processors,East,51,400,8,608,61,20,OVERSTOCK_WARNING
2025-03-21,PRD_004_Processors,West,154,400,5,745,187,38,OVERSTOCK_WARNING
2025-03-22,PRD_001_Laptops,North,87,850,6,943,105,26,OVERSTOCK_WARNING
2025-03-22,PRD_001_Laptops,South,109,850,9,841,132,49,OVERSTOCK_WARNING
2025-03-22,PRD_001_Laptops,East,141,850,13,496,171,91,OVERSTOCK_WARNING
2025-03-22,PRD_001_Laptops,West,190,850,13,794,230,123,OVERSTOCK_WARNING
2025-03-22,PRD_002_Monitors,North,218,320,7,1053,264,76,OVERSTOCK_WARNING
2025-03-22,PRD_002_Monitors,South,121,320,5,766,146,30,OVERSTOCK_WARNING
2025-03-22,PRD_002_Monitors,East,43,320,9,444,52,19,OVERSTOCK_WARNING
2025-03-22,PRD_002_Monitors,West,202,320,11,919,245,111,OVERSTOCK_WARNING
2025-03-22,PRD_003_Keyboards,North,155,45,3,416,188,23,OVERSTOCK_WARNING
2025-03-22,PRD_003_Keyboards,South,152,45,3,943,184,22,OVERSTOCK_WARNING
2025-03-22,PRD_003_Keyboards,East,111,45,5,654,134,27,OVERSTOCK_WARNING
2025-03-22,PRD_003_Keyboards,West,77,45,5,522,93,19,OVERSTOCK_WARNING
2025-03-22,PRD_004_Processors,North,108,400,9,799,131,48,OVERSTOCK_WARNING
2025-03-22,PRD_004_Processors,South,153,400,8,428,185,61,OVERSTOCK_WARNING
2025-03-22,PRD_004_Processors,East,210,400,5,645,255,52,OVERSTOCK_WARNING
2025-03-22,PRD_004_Processors,West,177,400,12,399,215,106,OPTIMAL
2025-03-23,PRD_001_Laptops,North,165,850,7,1055,200,57,OVERSTOCK_WARNING
2025-03-23,PRD_001_Laptops,South,208,850,10,626,252,104,OVERSTOCK_WARNING
2025-03-23,PRD_001_Laptops,East,69,850,11,813,83,37,OVERSTOCK_WARNING
2025-03-23,PRD_001_Laptops,West,86,850,5,98,104,21,OVERSTOCK_WARNING
2025-03-23,PRD_002_Monitors,North,153,320,10,873,185,76,OVERSTOCK_WARNING
2025-03-23,PRD_002_Monitors,South,152,320,10,406,184,76,OVERSTOCK_WARNING
2025-03-23,PRD_002_Monitors,East,69,320,9,658,83,31,OVERSTOCK_WARNING
2025-03-23,PRD_002_Monitors,West,104,320,6,104,126,31,OPTIMAL
2025-03-23,PRD_003_Keyboards,North,76,45,3,990,92,11,OVERSTOCK_WARNING
2025-03-23,PRD_003_Keyboards,South,76,45,10,727,92,38,OVERSTOCK_WARNING
2025-03-23,PRD_003_Keyboards,East,172,45,11,206,208,94,OPTIMAL
2025-03-23,PRD_003_Keyboards,West,40,45,6,626,48,12,OVERSTOCK_WARNING
2025-03-23,PRD_004_Processors,North,143,400,9,344,173,64,OVERSTOCK_WARNING
2025-03-23,PRD_004_Processors,South,73,400,6,493,88,21,OVERSTOCK_WARNING
2025-03-23,PRD_004_Processors,East,141,400,13,434,171,91,OVERSTOCK_WARNING
2025-03-23,PRD_004_Processors,West,111,400,5,989,134,27,OVERSTOCK_WARNING
2025-03-24,PRD_001_Laptops,North,212,850,4,124,257,42,OPTIMAL
2025-03-24,PRD_001_Laptops,South,100,850,5,202,121,25,OVERSTOCK_WARNING
2025-03-24,PRD_001_Laptops,East,141,850,4,1015,171,28,OVERSTOCK_WARNING
2025-03-24,PRD_001_Laptops,West,184,850,9,241,223,82,OPTIMAL
2025-03-24,PRD_002_Monitors,North,163,320,8,267,198,65,OPTIMAL
2025-03-24,PRD_002_Monitors,South,105,320,4,553,127,21,OVERSTOCK_WARNING
2025-03-24,PRD_002_Monitors,East,52,320,10,190,63,26,OVERSTOCK_WARNING
2025-03-24,PRD_002_Monitors,West,198,320,4,374,240,39,OVERSTOCK_WARNING
2025-03-24,PRD_003_Keyboards,North,175,45,9,1053,212,78,OVERSTOCK_WARNING
2025-03-24,PRD_003_Keyboards,South,159,45,9,106,193,71,OPTIMAL
2025-03-24,PRD_003_Keyboards,East,157,45,9,644,190,70,OVERSTOCK_WARNING
2025-03-24,PRD_003_Keyboards,West,78,45,3,992,94,11,OVERSTOCK_WARNING
2025-03-24,PRD_004_Processors,North,197,400,7,860,239,68,OVERSTOCK_WARNING
2025-03-24,PRD_004_Processors,South,60,400,5,132,72,15,OVERSTOCK_WARNING
2025-03-24,PRD_004_Processors,East,58,400,11,360,70,31,OVERSTOCK_WARNING
2025-03-24,PRD_004_Processors,West,70,400,3,262,85,10,OVERSTOCK_WARNING
2025-03-25,PRD_001_Laptops,North,62,850,12,89,75,37,OPTIMAL
2025-03-25,PRD_001_Laptops,South,93,850,6,739,112,27,OVERSTOCK_WARNING
2025-03-25,PRD_001_Laptops,East,199,850,4,93,241,39,OPTIMAL
2025-03-25,PRD_001_Laptops,West,217,850,6,132,263,65,OPTIMAL
2025-03-25,PRD_002_Monitors,North,191,320,8,109,232,76,OPTIMAL
2025-03-25,PRD_002_Monitors,South,43,320,13,550,52,27,OVERSTOCK_WARNING
2025-03-25,PRD_002_Monitors,East,47,320,4,91,57,9,OVERSTOCK_WARNING
2025-03-25,PRD_002_Monitors,West,158,320,4,929,191,31,OVERSTOCK_WARNING
2025-03-25,PRD_003_Keyboards,North,137,45,13,952,166,89,OVERSTOCK_WARNING
2025-03-25,PRD_003_Keyboards,South,88,45,11,1070,106,48,OVERSTOCK_WARNING
2025-03-25,PRD_003_Keyboards,East,132,45,12,865,160,79,OVERSTOCK_WARNING
2025-03-25,PRD_003_Keyboards,West,135,45,8,373,163,54,OVERSTOCK_WARNING
2025-03-25,PRD_004_Processors,North,126,400,10,897,153,63,OVERSTOCK_WARNING
2025-03-25,PRD_004_Processors,South,47,400,11,469,57,25,OVERSTOCK_WARNING
2025-03-25,PRD_004_Processors,East,108,400,11,911,131,59,OVERSTOCK_WARNING
2025-03-25,PRD_004_Processors,West,196,400,13,712,238,127,OVERSTOCK_WARNING
2025-03-26,PRD_001_Laptops,North,104,850,13,738,126,67,OVERSTOCK_WARNING
2025-03-26,PRD_001_Laptops,South,176,850,13,753,213,114,OVERSTOCK_WARNING
2025-03-26,PRD_001_Laptops,East,211,850,6,691,256,63,OVERSTOCK_WARNING
2025-03-26,PRD_001_Laptops,West,121,850,5,220,146,30,OVERSTOCK_WARNING
2025-03-26,PRD_002_Monitors,North,122,320,3,277,148,18,OVERSTOCK_WARNING
2025-03-26,PRD_002_Monitors,South,151,320,10,1051,183,75,OVERSTOCK_WARNING
2025-03-26,PRD_002_Monitors,East,218,320,7,480,264,76,OVERSTOCK_WARNING
2025-03-26,PRD_002_Monitors,West,196,320,3,907,238,29,OVERSTOCK_WARNING
2025-03-26,PRD_003_Keyboards,North,159,45,9,985,193,71,OVERSTOCK_WARNING
2025-03-26,PRD_003_Keyboards,South,214,45,9,804,259,96,OVERSTOCK_WARNING
2025-03-26,PRD_003_Keyboards,East,188,45,13,92,228,122,CRITICAL_STOCKOUT_RISK
2025-03-26,PRD_003_Keyboards,West,140,45,3,615,170,21,OVERSTOCK_WARNING
2025-03-26,PRD_004_Processors,North,147,400,13,864,178,95,OVERSTOCK_WARNING
2025-03-26,PRD_004_Processors,South,214,400,11,685,259,117,OVERSTOCK_WARNING
2025-03-26,PRD_004_Processors,East,60,400,6,1058,72,18,OVERSTOCK_WARNING
2025-03-26,PRD_004_Processors,West,179,400,7,889,217,62,OVERSTOCK_WARNING
2025-03-27,PRD_001_Laptops,North,184,850,7,581,223,64,OVERSTOCK_WARNING
2025-03-27,PRD_001_Laptops,South,87,850,9,619,105,39,OVERSTOCK_WARNING
2025-03-27,PRD_001_Laptops,East,80,850,5,382,97,20,OVERSTOCK_WARNING
2025-03-27,PRD_001_Laptops,West,185,850,5,315,224,46,OVERSTOCK_WARNING
2025-03-27,PRD_002_Monitors,North,144,320,9,1080,174,64,OVERSTOCK_WARNING
2025-03-27,PRD_002_Monitors,South,52,320,4,820,63,10,OVERSTOCK_WARNING
2025-03-27,PRD_002_Monitors,East,180,320,6,110,218,54,OPTIMAL
2025-03-27,PRD_002_Monitors,West,169,320,11,408,205,92,OPTIMAL
2025-03-27,PRD_003_Keyboards,North,205,45,13,901,249,133,OVERSTOCK_WARNING
2025-03-27,PRD_003_Keyboards,South,139,45,9,252,168,62,OPTIMAL
2025-03-27,PRD_003_Keyboards,East,201,45,11,807,244,110,OVERSTOCK_WARNING
2025-03-27,PRD_003_Keyboards,West,47,45,9,883,57,21,OVERSTOCK_WARNING
2025-03-27,PRD_004_Processors,North,57,400,5,107,69,14,OVERSTOCK_WARNING
2025-03-27,PRD_004_Processors,South,109,400,7,619,132,38,OVERSTOCK_WARNING
2025-03-27,PRD_004_Processors,East,93,400,8,144,112,37,OPTIMAL
2025-03-27,PRD_004_Processors,West,139,400,7,331,168,48,OVERSTOCK_WARNING
2025-03-28,PRD_001_Laptops,North,52,850,11,128,63,28,OVERSTOCK_WARNING
2025-03-28,PRD_001_Laptops,South,157,850,8,729,190,62,OVERSTOCK_WARNING
2025-03-28,PRD_001_Laptops,East,92,850,7,665,111,32,OVERSTOCK_WARNING
2025-03-28,PRD_001_Laptops,West,85,850,7,181,103,29,OVERSTOCK_WARNING
2025-03-28,PRD_002_Monitors,North,63,320,4,1061,76,12,OVERSTOCK_WARNING
2025-03-28,PRD_002_Monitors,South,120,320,6,477,145,36,OVERSTOCK_WARNING
2025-03-28,PRD_002_Monitors,East,177,320,5,1000,215,44,OVERSTOCK_WARNING
2025-03-28,PRD_002_Monitors,West,170,320,8,96,206,68,OPTIMAL
2025-03-28,PRD_003_Keyboards,North,51,45,8,963,61,20,OVERSTOCK_WARNING
2025-03-28,PRD_003_Keyboards,South,63,45,13,488,76,40,OVERSTOCK_WARNING
2025-03-28,PRD_003_Keyboards,East,161,45,12,309,195,96,OPTIMAL
2025-03-28,PRD_003_Keyboards,West,104,45,6,198,126,31,OVERSTOCK_WARNING
2025-03-28,PRD_004_Processors,North,195,400,3,183,236,29,OVERSTOCK_WARNING
2025-03-28,PRD_004_Processors,South,131,400,12,1051,159,78,OVERSTOCK_WARNING
2025-03-28,PRD_004_Processors,East,66,400,8,772,80,26,OVERSTOCK_WARNING
2025-03-28,PRD_004_Processors,West,209,400,13,254,253,135,OPTIMAL
2025-03-29,PRD_001_Laptops,North,201,850,7,213,244,70,OPTIMAL
2025-03-29,PRD_001_Laptops,South,174,850,7,744,211,60,OVERSTOCK_WARNING
2025-03-29,PRD_001_Laptops,East,72,850,9,1033,87,32,OVERSTOCK_WARNING
2025-03-29,PRD_001_Laptops,West,46,850,6,904,55,13,OVERSTOCK_WARNING
2025-03-29,PRD_002_Monitors,North,165,320,13,452,200,107,OPTIMAL
2025-03-29,PRD_002_Monitors,South,174,320,6,702,211,52,OVERSTOCK_WARNING
2025-03-29,PRD_002_Monitors,East,90,320,11,239,109,49,OVERSTOCK_WARNING
2025-03-29,PRD_002_Monitors,West,114,320,10,304,138,57,OVERSTOCK_WARNING
2025-03-29,PRD_003_Keyboards,North,84,45,8,138,102,33,OPTIMAL
2025-03-29,PRD_003_Keyboards,South,171,45,10,274,207,85,OPTIMAL
2025-03-29,PRD_003_Keyboards,East,196,45,11,236,238,107,OPTIMAL
2025-03-29,PRD_003_Keyboards,West,137,45,4,491,166,27,OVERSTOCK_WARNING
2025-03-29,PRD_004_Processors,North,118,400,9,1019,143,53,OVERSTOCK_WARNING
2025-03-29,PRD_004_Processors,South,43,400,12,183,52,25,OVERSTOCK_WARNING
2025-03-29,PRD_004_Processors,East,176,400,9,724,213,79,OVERSTOCK_WARNING
2025-03-29,PRD_004_Processors,West,95,400,6,513,115,28,OVERSTOCK_WARNING
2025-03-30,PRD_001_Laptops,North,114,850,8,312,138,45,OVERSTOCK_WARNING
2025-03-30,PRD_001_Laptops,South,56,850,13,169,68,36,OVERSTOCK_WARNING
2025-03-30,PRD_001_Laptops,East,145,850,11,105,176,79,OPTIMAL
2025-03-30,PRD_001_Laptops,West,64,850,12,586,77,38,OVERSTOCK_WARNING
2025-03-30,PRD_002_Monitors,North,84,320,5,346,102,21,OVERSTOCK_WARNING
2025-03-30,PRD_002_Monitors,South,143,320,6,1086,173,42,OVERSTOCK_WARNING
2025-03-30,PRD_002_Monitors,East,134,320,13,570,162,87,OVERSTOCK_WARNING
2025-03-30,PRD_002_Monitors,West,104,320,3,766,126,15,OVERSTOCK_WARNING
2025-03-30,PRD_003_Keyboards,North,91,45,8,295,110,36,OVERSTOCK_WARNING
2025-03-30,PRD_003_Keyboards,South,96,45,11,765,116,52,OVERSTOCK_WARNING
2025-03-30,PRD_003_Keyboards,East,65,45,3,961,78,9,OVERSTOCK_WARNING
2025-03-30,PRD_003_Keyboards,West,44,45,6,899,53,13,OVERSTOCK_WARNING
2025-03-30,PRD_004_Processors,North,144,400,13,327,174,93,OPTIMAL
2025-03-30,PRD_004_Processors,South,93,400,3,1025,112,13,OVERSTOCK_WARNING
2025-03-30,PRD_004_Processors,East,205,400,13,817,249,133,OVERSTOCK_WARNING
2025-03-30,PRD_004_Processors,West,54,400,12,356,65,32,OVERSTOCK_WARNING
2025-03-31,PRD_001_Laptops,North,85,850,7,469,103,29,OVERSTOCK_WARNING
2025-03-31,PRD_001_Laptops,South,77,850,8,525,93,30,OVERSTOCK_WARNING
2025-03-31,PRD_001_Laptops,East,117,850,12,381,142,70,OVERSTOCK_WARNING
2025-03-31,PRD_001_Laptops,West,180,850,5,1069,218,45,OVERSTOCK_WARNING
2025-03-31,PRD_002_Monitors,North,45,320,10,507,54,22,OVERSTOCK_WARNING
2025-03-31,PRD_002_Monitors,South,147,320,3,800,178,22,OVERSTOCK_WARNING
2025-03-31,PRD_002_Monitors,East,114,320,4,602,138,22,OVERSTOCK_WARNING
2025-03-31,PRD_002_Monitors,West,134,320,8,760,162,53,OVERSTOCK_WARNING
2025-03-31,PRD_003_Keyboards,North,55,45,6,946,66,16,OVERSTOCK_WARNING
2025-03-31,PRD_003_Keyboards,South,87,45,10,911,105,43,OVERSTOCK_WARNING
2025-03-31,PRD_003_Keyboards,East,129,45,11,411,156,70,OVERSTOCK_WARNING
2025-03-31,PRD_003_Keyboards,West,178,45,7,680,216,62,OVERSTOCK_WARNING
2025-03-31,PRD_004_Processors,North,57,400,5,1062,69,14,OVERSTOCK_WARNING
2025-03-31,PRD_004_Processors,South,94,400,8,965,114,37,OVERSTOCK_WARNING
2025-03-31,PRD_004_Processors,East,193,400,8,339,234,77,OPTIMAL
2025-03-31,PRD_004_Processors,West,147,400,5,876,178,36,OVERSTOCK_WARNING
2025-04-01,PRD_001_Laptops,North,98,850,4,352,119,19,OVERSTOCK_WARNING
2025-04-01,PRD_001_Laptops,South,146,850,13,324,177,94,OPTIMAL
2025-04-01,PRD_001_Laptops,East,119,850,4,1009,144,23,OVERSTOCK_WARNING
2025-04-01,PRD_001_Laptops,West,47,850,12,87,57,28,OPTIMAL
2025-04-01,PRD_002_Monitors,North,135,320,6,574,163,40,OVERSTOCK_WARNING
2025-04-01,PRD_002_Monitors,South,133,320,3,506,161,19,OVERSTOCK_WARNING
2025-04-01,PRD_002_Monitors,East,78,320,3,266,94,11,OVERSTOCK_WARNING
2025-04-01,PRD_002_Monitors,West,123,320,10,833,149,61,OVERSTOCK_WARNING
2025-04-01,PRD_003_Keyboards,North,125,45,8,123,151,50,OPTIMAL
2025-04-01,PRD_003_Keyboards,South,176,45,7,153,213,61,OPTIMAL
2025-04-01,PRD_003_Keyboards,East,75,45,7,1067,91,26,OVERSTOCK_WARNING
2025-04-01,PRD_003_Keyboards,West,195,45,12,334,236,117,OPTIMAL
2025-04-01,PRD_004_Processors,North,210,400,7,807,255,73,OVERSTOCK_WARNING
2025-04-01,PRD_004_Processors,South,209,400,10,401,253,104,OPTIMAL
2025-04-01,PRD_004_Processors,East,94,400,10,1023,114,47,OVERSTOCK_WARNING
2025-04-01,PRD_004_Processors,West,130,400,8,692,157,52,OVERSTOCK_WARNING
2025-04-02,PRD_001_Laptops,North,194,850,11,428,235,106,OPTIMAL
2025-04-02,PRD_001_Laptops,South,147,850,12,819,178,88,OVERSTOCK_WARNING
2025-04-02,PRD_001_Laptops,East,48,850,8,839,58,19,OVERSTOCK_WARNING
2025-04-02,PRD_001_Laptops,West,194,850,4,578,235,38,OVERSTOCK_WARNING
2025-04-02,PRD_002_Monitors,North,168,320,11,684,204,92,OVERSTOCK_WARNING
2025-04-02,PRD_002_Monitors,South,110,320,3,914,133,16,OVERSTOCK_WARNING
2025-04-02,PRD_002_Monitors,East,187,320,7,685,227,65,OVERSTOCK_WARNING
2025-04-02,PRD_002_Monitors,West,202,320,5,704,245,50,OVERSTOCK_WARNING
2025-04-02,PRD_003_Keyboards,North,142,45,13,937,172,92,OVERSTOCK_WARNING
2025-04-02,PRD_003_Keyboards,South,56,45,4,764,68,11,OVERSTOCK_WARNING
2025-04-02,PRD_003_Keyboards,East,155,45,6,772,188,46,OVERSTOCK_WARNING
2025-04-02,PRD_003_Keyboards,West,130,45,4,403,157,26,OVERSTOCK_WARNING
2025-04-02,PRD_004_Processors,North,153,400,3,137,185,22,OVERSTOCK_WARNING
2025-04-02,PRD_004_Processors,South,193,400,6,707,234,57,OVERSTOCK_WARNING
2025-04-02,PRD_004_Processors,East,126,400,12,394,153,75,OVERSTOCK_WARNING
2025-04-02,PRD_004_Processors,West,80,400,11,980,97,44,OVERSTOCK_WARNING
2025-04-03,PRD_001_Laptops,North,161,850,3,480,195,24,OVERSTOCK_WARNING
2025-04-03,PRD_001_Laptops,South,61,850,4,1095,74,12,OVERSTOCK_WARNING
2025-04-03,PRD_001_Laptops,East,208,850,6,788,252,62,OVERSTOCK_WARNING
2025-04-03,PRD_001_Laptops,West,178,850,10,1026,216,89,OVERSTOCK_WARNING
2025-04-03,PRD_002_Monitors,North,188,320,5,667,228,47,OVERSTOCK_WARNING
2025-04-03,PRD_002_Monitors,South,65,320,5,482,78,16,OVERSTOCK_WARNING
2025-04-03,PRD_002_Monitors,East,148,320,9,382,179,66,OVERSTOCK_WARNING
2025-04-03,PRD_002_Monitors,West,110,320,12,631,133,66,OVERSTOCK_WARNING
2025-04-03,PRD_003_Keyboards,North,172,45,7,541,208,60,OVERSTOCK_WARNING
2025-04-03,PRD_003_Keyboards,South,171,45,9,953,207,76,OVERSTOCK_WARNING
2025-04-03,PRD_003_Keyboards,East,123,45,4,707,149,24,OVERSTOCK_WARNING
2025-04-03,PRD_003_Keyboards,West,148,45,10,632,179,74,OVERSTOCK_WARNING
2025-04-03,PRD_004_Processors,North,151,400,5,191,183,37,OVERSTOCK_WARNING
2025-04-03,PRD_004_Processors,South,142,400,11,554,172,78,OVERSTOCK_WARNING
2025-04-03,PRD_004_Processors,East,107,400,12,350,129,64,OVERSTOCK_WARNING
2025-04-03,PRD_004_Processors,West,204,400,3,786,247,30,OVERSTOCK_WARNING
2025-04-04,PRD_001_Laptops,North,150,850,10,362,182,75,OVERSTOCK_WARNING
2025-04-04,PRD_001_Laptops,South,79,850,6,1073,95,23,OVERSTOCK_WARNING
2025-04-04,PRD_001_Laptops,East,63,850,10,1081,76,31,OVERSTOCK_WARNING
2025-04-04,PRD_001_Laptops,West,43,850,5,369,52,10,OVERSTOCK_WARNING
2025-04-04,PRD_002_Monitors,North,216,320,9,260,262,97,OPTIMAL
2025-04-04,PRD_002_Monitors,South,155,320,9,956,188,69,OVERSTOCK_WARNING
2025-04-04,PRD_002_Monitors,East,108,320,7,909,131,37,OVERSTOCK_WARNING
2025-04-04,PRD_002_Monitors,West,208,320,11,588,252,114,OVERSTOCK_WARNING
2025-04-04,PRD_003_Keyboards,North,93,45,8,436,112,37,OVERSTOCK_WARNING
2025-04-04,PRD_003_Keyboards,South,96,45,12,759,116,57,OVERSTOCK_WARNING
2025-04-04,PRD_003_Keyboards,East,174,45,9,1013,211,78,OVERSTOCK_WARNING
2025-04-04,PRD_003_Keyboards,West,124,45,6,594,150,37,OVERSTOCK_WARNING
2025-04-04,PRD_004_Processors,North,167,400,5,421,202,41,OVERSTOCK_WARNING
2025-04-04,PRD_004_Processors,South,86,400,6,1067,104,25,OVERSTOCK_WARNING
2025-04-04,PRD_004_Processors,East,115,400,8,1090,139,46,OVERSTOCK_WARNING
2025-04-04,PRD_004_Processors,West,203,400,11,1044,246,111,OVERSTOCK_WARNING
2025-04-05,PRD_001_Laptops,North,180,850,9,905,218,81,OVERSTOCK_WARNING
2025-04-05,PRD_001_Laptops,South,89,850,7,616,108,31,OVERSTOCK_WARNING
2025-04-05,PRD_001_Laptops,East,151,850,13,1026,183,98,OVERSTOCK_WARNING
2025-04-05,PRD_001_Laptops,West,165,850,13,126,200,107,OPTIMAL
2025-04-05,PRD_002_Monitors,North,157,320,6,630,190,47,OVERSTOCK_WARNING
2025-04-05,PRD_002_Monitors,South,55,320,10,101,66,27,OPTIMAL
2025-04-05,PRD_002_Monitors,East,93,320,7,1047,112,32,OVERSTOCK_WARNING
2025-04-05,PRD_002_Monitors,West,55,320,13,1094,66,35,OVERSTOCK_WARNING
2025-04-05,PRD_003_Keyboards,North,70,45,12,281,85,42,OVERSTOCK_WARNING
2025-04-05,PRD_003_Keyboards,South,71,45,13,241,86,46,OVERSTOCK_WARNING
2025-04-05,PRD_003_Keyboards,East,48,45,3,730,58,7,OVERSTOCK_WARNING
2025-04-05,PRD_003_Keyboards,West,49,45,8,584,59,19,OVERSTOCK_WARNING
2025-04-05,PRD_004_Processors,North,56,400,6,639,68,16,OVERSTOCK_WARNING
2025-04-05,PRD_004_Processors,South,219,400,11,714,266,120,OVERSTOCK_WARNING
2025-04-05,PRD_004_Processors,East,188,400,7,181,228,65,OPTIMAL
2025-04-05,PRD_004_Processors,West,104,400,11,642,126,57,OVERSTOCK_WARNING
2025-04-06,PRD_001_Laptops,North,75,850,3,568,91,11,OVERSTOCK_WARNING
2025-04-06,PRD_001_Laptops,South,166,850,10,273,201,83,OPTIMAL
2025-04-06,PRD_001_Laptops,East,143,850,9,970,173,64,OVERSTOCK_WARNING
2025-04-06,PRD_001_Laptops,West,40,850,9,457,48,18,OVERSTOCK_WARNING
2025-04-06,PRD_002_Monitors,North,206,320,11,672,250,113,OVERSTOCK_WARNING
2025-04-06,PRD_002_Monitors,South,201,320,13,760,244,130,OVERSTOCK_WARNING
2025-04-06,PRD_002_Monitors,East,112,320,8,341,136,44,OVERSTOCK_WARNING
2025-04-06,PRD_002_Monitors,West,123,320,6,324,149,36,OVERSTOCK_WARNING
2025-04-06,PRD_003_Keyboards,North,42,45,3,654,51,6,OVERSTOCK_WARNING
2025-04-06,PRD_003_Keyboards,South,88,45,9,271,106,39,OVERSTOCK_WARNING
2025-04-06,PRD_003_Keyboards,East,104,45,3,1042,126,15,OVERSTOCK_WARNING
2025-04-06,PRD_003_Keyboards,West,54,45,6,623,65,16,OVERSTOCK_WARNING
2025-04-06,PRD_004_Processors,North,135,400,6,993,163,40,OVERSTOCK_WARNING
2025-04-06,PRD_004_Processors,South,152,400,5,122,184,38,OPTIMAL
2025-04-06,PRD_004_Processors,East,155,400,5,567,188,38,OVERSTOCK_WARNING
2025-04-06,PRD_004_Processors,West,117,400,12,880,142,70,OVERSTOCK_WARNING
2025-04-07,PRD_001_Laptops,North,53,850,4,780,64,10,OVERSTOCK_WARNING
2025-04-07,PRD_001_Laptops,South,171,850,10,394,207,85,OVERSTOCK_WARNING
2025-04-07,PRD_001_Laptops,East,196,850,5,981,238,49,OVERSTOCK_WARNING
2025-04-07,PRD_001_Laptops,West,160,850,3,1024,194,24,OVERSTOCK_WARNING
2025-04-07,PRD_002_Monitors,North,207,320,5,1092,251,51,OVERSTOCK_WARNING
2025-04-07,PRD_002_Monitors,South,66,320,8,1079,80,26,OVERSTOCK_WARNING
2025-04-07,PRD_002_Monitors,East,52,320,5,738,63,13,OVERSTOCK_WARNING
2025-04-07,PRD_002_Monitors,West,119,320,13,634,144,77,OVERSTOCK_WARNING
2025-04-07,PRD_003_Keyboards,North,128,45,6,174,155,38,OVERSTOCK_WARNING
2025-04-07,PRD_003_Keyboards,South,211,45,9,593,256,94,OVERSTOCK_WARNING
2025-04-07,PRD_003_Keyboards,East,159,45,8,962,193,63,OVERSTOCK_WARNING
2025-04-07,PRD_003_Keyboards,West,96,45,7,919,116,33,OVERSTOCK_WARNING
2025-04-07,PRD_004_Processors,North,46,400,10,454,55,23,OVERSTOCK_WARNING
2025-04-07,PRD_004_Processors,South,153,400,9,674,185,68,OVERSTOCK_WARNING
2025-04-07,PRD_004_Processors,East,218,400,4,579,264,43,OVERSTOCK_WARNING
2025-04-07,PRD_004_Processors,West,111,400,3,192,134,16,OVERSTOCK_WARNING
2025-04-08,PRD_001_Laptops,North,51,850,7,410,61,17,OVERSTOCK_WARNING
2025-04-08,PRD_001_Laptops,South,172,850,13,219,208,111,OPTIMAL
2025-04-08,PRD_001_Laptops,East,184,850,8,176,223,73,OPTIMAL
2025-04-08,PRD_001_Laptops,West,44,850,11,1003,53,24,OVERSTOCK_WARNING
2025-04-08,PRD_002_Monitors,North,117,320,7,197,142,40,OVERSTOCK_WARNING
2025-04-08,PRD_002_Monitors,South,159,320,13,112,193,103,OPTIMAL
2025-04-08,PRD_002_Monitors,East,101,320,4,959,122,20,OVERSTOCK_WARNING
2025-04-08,PRD_002_Monitors,West,58,320,8,276,70,23,OVERSTOCK_WARNING
2025-04-08,PRD_003_Keyboards,North,162,45,4,1069,196,32,OVERSTOCK_WARNING
2025-04-08,PRD_003_Keyboards,South,86,45,9,531,104,38,OVERSTOCK_WARNING
2025-04-08,PRD_003_Keyboards,East,72,45,6,773,87,21,OVERSTOCK_WARNING
2025-04-08,PRD_003_Keyboards,West,174,45,9,605,211,78,OVERSTOCK_WARNING
2025-04-08,PRD_004_Processors,North,186,400,8,556,225,74,OVERSTOCK_WARNING
2025-04-08,PRD_004_Processors,South,187,400,10,417,227,93,OPTIMAL
2025-04-08,PRD_004_Processors,East,102,400,12,440,123,61,OVERSTOCK_WARNING
2025-04-08,PRD_004_Processors,West,96,400,10,297,116,48,OVERSTOCK_WARNING
2025-04-09,PRD_001_Laptops,North,101,850,12,96,122,60,OPTIMAL
2025-04-09,PRD_001_Laptops,South,105,850,8,649,127,42,OVERSTOCK_WARNING
2025-04-09,PRD_001_Laptops,East,108,850,11,1044,131,59,OVERSTOCK_WARNING
2025-04-09,PRD_001_Laptops,West,121,850,12,547,146,72,OVERSTOCK_WARNING
2025-04-09,PRD_002_Monitors,North,208,320,3,810,252,31,OVERSTOCK_WARNING
2025-04-09,PRD_002_Monitors,South,216,320,9,1098,262,97,OVERSTOCK_WARNING
2025-04-09,PRD_002_Monitors,East,170,320,12,177,206,102,OPTIMAL
2025-04-09,PRD_002_Monitors,West,128,320,5,287,155,32,OVERSTOCK_WARNING
2025-04-09,PRD_003_Keyboards,North,41,45,10,665,49,20,OVERSTOCK_WARNING
2025-04-09,PRD_003_Keyboards,South,205,45,8,233,249,82,OPTIMAL
2025-04-09,PRD_003_Keyboards,East,210,45,9,374,255,94,OPTIMAL
2025-04-09,PRD_003_Keyboards,West,196,45,8,99,238,78,OPTIMAL
2025-04-09,PRD_004_Processors,North,80,400,8,227,97,32,OVERSTOCK_WARNING
2025-04-09,PRD_004_Processors,South,147,400,5,675,178,36,OVERSTOCK_WARNING
2025-04-09,PRD_004_Processors,East,150,400,4,493,182,30,OVERSTOCK_WARNING
2025-04-09,PRD_004_Processors,West,92,400,4,997,111,18,OVERSTOCK_WARNING
2025-04-10,PRD_001_Laptops,North,106,850,8,798,128,42,OVERSTOCK_WARNING
2025-04-10,PRD_001_Laptops,South,66,850,12,152,80,39,OPTIMAL
2025-04-10,PRD_001_Laptops,East,135,850,8,824,163,54,OVERSTOCK_WARNING
2025-04-10,PRD_001_Laptops,West,139,850,13,587,168,90,OVERSTOCK_WARNING
2025-04-10,PRD_002_Monitors,North,41,320,6,144,49,12,OVERSTOCK_WARNING
2025-04-10,PRD_002_Monitors,South,122,320,12,1064,148,73,OVERSTOCK_WARNING
2025-04-10,PRD_002_Monitors,East,49,320,7,158,59,17,OVERSTOCK_WARNING
2025-04-10,PRD_002_Monitors,West,98,320,8,1026,119,39,OVERSTOCK_WARNING
2025-04-10,PRD_003_Keyboards,North,87,45,7,970,105,30,OVERSTOCK_WARNING
2025-04-10,PRD_003_Keyboards,South,61,45,6,689,74,18,OVERSTOCK_WARNING
2025-04-10,PRD_003_Keyboards,East,197,45,11,1084,239,108,OVERSTOCK_WARNING
2025-04-10,PRD_003_Keyboards,West,67,45,3,960,81,10,OVERSTOCK_WARNING
2025-04-10,PRD_004_Processors,North,84,400,6,86,102,25,OPTIMAL
2025-04-10,PRD_004_Processors,South,88,400,11,243,106,48,OVERSTOCK_WARNING
2025-04-10,PRD_004_Processors,East,122,400,3,729,148,18,OVERSTOCK_WARNING
2025-04-10,PRD_004_Processors,West,203,400,11,316,246,111,OPTIMAL
2025-04-11,PRD_001_Laptops,North,85,850,12,1007,103,51,OVERSTOCK_WARNING
2025-04-11,PRD_001_Laptops,South,71,850,8,255,86,28,OVERSTOCK_WARNING
2025-04-11,PRD_001_Laptops,East,205,850,3,921,249,30,OVERSTOCK_WARNING
2025-04-11,PRD_001_Laptops,West,153,850,13,133,185,99,OPTIMAL
2025-04-11,PRD_002_Monitors,North,217,320,5,835,263,54,OVERSTOCK_WARNING
2025-04-11,PRD_002_Monitors,South,124,320,11,1003,150,68,OVERSTOCK_WARNING
2025-04-11,PRD_002_Monitors,East,150,320,6,684,182,45,OVERSTOCK_WARNING
2025-04-11,PRD_002_Monitors,West,162,320,11,1002,196,89,OVERSTOCK_WARNING
2025-04-11,PRD_003_Keyboards,North,193,45,5,327,234,48,OVERSTOCK_WARNING
2025-04-11,PRD_003_Keyboards,South,131,45,3,122,159,19,OVERSTOCK_WARNING
2025-04-11,PRD_003_Keyboards,East,160,45,11,249,194,88,OPTIMAL
2025-04-11,PRD_003_Keyboards,West,217,45,6,572,263,65,OVERSTOCK_WARNING
2025-04-11,PRD_004_Processors,North,207,400,9,448,251,93,OVERSTOCK_WARNING
2025-04-11,PRD_004_Processors,South,190,400,6,126,230,57,OPTIMAL
2025-04-11,PRD_004_Processors,East,102,400,3,1096,123,15,OVERSTOCK_WARNING
2025-04-11,PRD_004_Processors,West,149,400,7,378,181,52,OVERSTOCK_WARNING
2025-04-12,PRD_001_Laptops,North,215,850,4,375,261,43,OVERSTOCK_WARNING
2025-04-12,PRD_001_Laptops,South,100,850,4,1042,121,20,OVERSTOCK_WARNING
2025-04-12,PRD_001_Laptops,East,101,850,12,240,122,60,OPTIMAL
2025-04-12,PRD_001_Laptops,West,114,850,4,685,138,22,OVERSTOCK_WARNING
2025-04-12,PRD_002_Monitors,North,87,320,9,729,105,39,OVERSTOCK_WARNING
2025-04-12,PRD_002_Monitors,South,121,320,8,718,146,48,OVERSTOCK_WARNING
2025-04-12,PRD_002_Monitors,East,58,320,6,522,70,17,OVERSTOCK_WARNING
2025-04-12,PRD_002_Monitors,West,102,320,10,765,123,51,OVERSTOCK_WARNING
2025-04-12,PRD_003_Keyboards,North,170,45,12,949,206,102,OVERSTOCK_WARNING
2025-04-12,PRD_003_Keyboards,South,104,45,9,967,126,46,OVERSTOCK_WARNING
2025-04-12,PRD_003_Keyboards,East,130,45,10,770,157,65,OVERSTOCK_WARNING
2025-04-12,PRD_003_Keyboards,West,112,45,8,698,136,44,OVERSTOCK_WARNING
2025-04-12,PRD_004_Processors,North,128,400,9,448,155,57,OVERSTOCK_WARNING
2025-04-12,PRD_004_Processors,South,67,400,3,773,81,10,OVERSTOCK_WARNING
2025-04-12,PRD_004_Processors,East,76,400,11,929,92,41,OVERSTOCK_WARNING
2025-04-12,PRD_004_Processors,West,95,400,13,932,115,61,OVERSTOCK_WARNING
2025-04-13,PRD_001_Laptops,North,41,850,12,442,49,24,OVERSTOCK_WARNING
2025-04-13,PRD_001_Laptops,South,162,850,8,1097,196,64,OVERSTOCK_WARNING
2025-04-13,PRD_001_Laptops,East,207,850,6,705,251,62,OVERSTOCK_WARNING
2025-04-13,PRD_001_Laptops,West,146,850,7,414,177,51,OVERSTOCK_WARNING
2025-04-13,PRD_002_Monitors,North,131,320,4,945,159,26,OVERSTOCK_WARNING
2025-04-13,PRD_002_Monitors,South,102,320,8,591,123,40,OVERSTOCK_WARNING
2025-04-13,PRD_002_Monitors,East,178,320,12,264,216,106,OPTIMAL
2025-04-13,PRD_002_Monitors,West,43,320,8,335,52,17,OVERSTOCK_WARNING
2025-04-13,PRD_003_Keyboards,North,174,45,13,901,211,113,OVERSTOCK_WARNING
2025-04-13,PRD_003_Keyboards,South,127,45,6,1067,154,38,OVERSTOCK_WARNING
2025-04-13,PRD_003_Keyboards,East,168,45,9,82,204,75,OPTIMAL
2025-04-13,PRD_003_Keyboards,West,205,45,4,200,249,41,OVERSTOCK_WARNING
2025-04-13,PRD_004_Processors,North,168,400,8,117,204,67,OPTIMAL
2025-04-13,PRD_004_Processors,South,124,400,7,1088,150,43,OVERSTOCK_WARNING
2025-04-13,PRD_004_Processors,East,131,400,7,321,159,45,OVERSTOCK_WARNING
2025-04-13,PRD_004_Processors,West,148,400,6,674,179,44,OVERSTOCK_WARNING
2025-04-14,PRD_001_Laptops,North,74,850,6,148,89,22,OVERSTOCK_WARNING
2025-04-14,PRD_001_Laptops,South,168,850,6,219,204,50,OPTIMAL
2025-04-14,PRD_001_Laptops,East,66,850,10,825,80,33,OVERSTOCK_WARNING
2025-04-14,PRD_001_Laptops,West,62,850,11,356,75,34,OVERSTOCK_WARNING
2025-04-14,PRD_002_Monitors,North,100,320,12,131,121,60,OPTIMAL
2025-04-14,PRD_002_Monitors,South,127,320,11,828,154,69,OVERSTOCK_WARNING
2025-04-14,PRD_002_Monitors,East,94,320,9,943,114,42,OVERSTOCK_WARNING
2025-04-14,PRD_002_Monitors,West,172,320,6,701,208,51,OVERSTOCK_WARNING
2025-04-14,PRD_003_Keyboards,North,216,45,12,393,262,129,OPTIMAL
2025-04-14,PRD_003_Keyboards,South,78,45,3,960,94,11,OVERSTOCK_WARNING
2025-04-14,PRD_003_Keyboards,East,100,45,11,85,121,55,OPTIMAL
2025-04-14,PRD_003_Keyboards,West,148,45,5,118,179,37,OPTIMAL
2025-04-14,PRD_004_Processors,North,189,400,11,709,229,103,OVERSTOCK_WARNING
2025-04-14,PRD_004_Processors,South,44,400,12,166,53,26,OVERSTOCK_WARNING
2025-04-14,PRD_004_Processors,East,115,400,9,1055,139,51,OVERSTOCK_WARNING
2025-04-14,PRD_004_Processors,West,197,400,11,974,239,108,OVERSTOCK_WARNING
2025-04-15,PRD_001_Laptops,North,68,850,7,678,82,23,OVERSTOCK_WARNING
2025-04-15,PRD_001_Laptops,South,180,850,6,574,218,54,OVERSTOCK_WARNING
2025-04-15,PRD_001_Laptops,East,151,850,9,124,183,67,OPTIMAL
2025-04-15,PRD_001_Laptops,West,184,850,9,695,223,82,OVERSTOCK_WARNING
2025-04-15,PRD_002_Monitors,North,124,320,4,564,150,24,OVERSTOCK_WARNING
2025-04-15,PRD_002_Monitors,South,173,320,4,685,210,34,OVERSTOCK_WARNING
2025-04-15,PRD_002_Monitors,East,189,320,8,368,229,75,OVERSTOCK_WARNING
2025-04-15,PRD_002_Monitors,West,197,320,3,717,239,29,OVERSTOCK_WARNING
2025-04-15,PRD_003_Keyboards,North,199,45,12,578,241,119,OVERSTOCK_WARNING
2025-04-15,PRD_003_Keyboards,South,161,45,12,1086,195,96,OVERSTOCK_WARNING
2025-04-15,PRD_003_Keyboards,East,154,45,6,753,187,46,OVERSTOCK_WARNING
2025-04-15,PRD_003_Keyboards,West,67,45,13,285,81,43,OVERSTOCK_WARNING
2025-04-15,PRD_004_Processors,North,206,400,9,638,250,92,OVERSTOCK_WARNING
2025-04-15,PRD_004_Processors,South,166,400,5,197,201,41,OVERSTOCK_WARNING
2025-04-15,PRD_004_Processors,East,182,400,10,663,221,91,OVERSTOCK_WARNING
2025-04-15,PRD_004_Processors,West,146,400,11,254,177,80,OPTIMAL
2025-04-16,PRD_001_Laptops,North,72,850,3,98,87,10,OVERSTOCK_WARNING
2025-04-16,PRD_001_Laptops,South,113,850,10,254,137,56,OVERSTOCK_WARNING
2025-04-16,PRD_001_Laptops,East,196,850,4,433,238,39,OVERSTOCK_WARNING
2025-04-16,PRD_001_Laptops,West,180,850,8,976,218,72,OVERSTOCK_WARNING
2025-04-16,PRD_002_Monitors,North,201,320,3,324,244,30,OVERSTOCK_WARNING
2025-04-16,PRD_002_Monitors,South,103,320,9,719,125,46,OVERSTOCK_WARNING
2025-04-16,PRD_002_Monitors,East,127,320,12,96,154,76,OPTIMAL
2025-04-16,PRD_002_Monitors,West,110,320,7,873,133,38,OVERSTOCK_WARNING
2025-04-16,PRD_003_Keyboards,North,88,45,5,86,106,22,OPTIMAL
2025-04-16,PRD_003_Keyboards,South,97,45,3,182,117,14,OVERSTOCK_WARNING
2025-04-16,PRD_003_Keyboards,East,92,45,3,832,111,13,OVERSTOCK_WARNING
2025-04-16,PRD_003_Keyboards,West,101,45,3,250,122,15,OVERSTOCK_WARNING
2025-04-16,PRD_004_Processors,North,64,400,13,844,77,41,OVERSTOCK_WARNING
2025-04-16,PRD_004_Processors,South,170,400,7,1082,206,59,OVERSTOCK_WARNING
2025-04-16,PRD_004_Processors,East,199,400,12,459,241,119,OPTIMAL
2025-04-16,PRD_004_Processors,West,183,400,11,901,222,100,OVERSTOCK_WARNING
2025-04-17,PRD_001_Laptops,North,195,850,11,711,236,107,OVERSTOCK_WARNING
2025-04-17,PRD_001_Laptops,South,95,850,3,172,115,14,OVERSTOCK_WARNING
2025-04-17,PRD_001_Laptops,East,125,850,11,578,151,68,OVERSTOCK_WARNING
2025-04-17,PRD_001_Laptops,West,147,850,5,709,178,36,OVERSTOCK_WARNING
2025-04-17,PRD_002_Monitors,North,196,320,5,738,238,49,OVERSTOCK_WARNING
2025-04-17,PRD_002_Monitors,South,208,320,5,218,252,52,OPTIMAL
2025-04-17,PRD_002_Monitors,East,213,320,11,311,258,117,OPTIMAL
2025-04-17,PRD_002_Monitors,West,185,320,5,463,224,46,OVERSTOCK_WARNING
2025-04-17,PRD_003_Keyboards,North,87,45,4,815,105,17,OVERSTOCK_WARNING
2025-04-17,PRD_003_Keyboards,South,175,45,8,597,212,70,OVERSTOCK_WARNING
2025-04-17,PRD_003_Keyboards,East,143,45,6,414,173,42,OVERSTOCK_WARNING
2025-04-17,PRD_003_Keyboards,West,155,45,11,128,188,85,OPTIMAL
2025-04-17,PRD_004_Processors,North,212,400,4,913,257,42,OVERSTOCK_WARNING
2025-04-17,PRD_004_Processors,South,116,400,8,414,140,46,OVERSTOCK_WARNING
2025-04-17,PRD_004_Processors,East,59,400,13,825,71,38,OVERSTOCK_WARNING
2025-04-17,PRD_004_Processors,West,106,400,5,82,128,26,OPTIMAL
2025-04-18,PRD_001_Laptops,North,103,850,10,138,125,51,OPTIMAL
2025-04-18,PRD_001_Laptops,South,101,850,6,586,122,30,OVERSTOCK_WARNING
2025-04-18,PRD_001_Laptops,East,99,850,6,922,120,29,OVERSTOCK_WARNING
2025-04-18,PRD_001_Laptops,West,161,850,13,175,195,104,OPTIMAL
2025-04-18,PRD_002_Monitors,North,130,320,13,977,157,84,OVERSTOCK_WARNING
2025-04-18,PRD_002_Monitors,South,101,320,3,984,122,15,OVERSTOCK_WARNING
2025-04-18,PRD_002_Monitors,East,131,320,4,396,159,26,OVERSTOCK_WARNING
2025-04-18,PRD_002_Monitors,West,87,320,11,1011,105,47,OVERSTOCK_WARNING
2025-04-18,PRD_003_Keyboards,North,175,45,11,329,212,96,OPTIMAL
2025-04-18,PRD_003_Keyboards,South,97,45,7,447,117,33,OVERSTOCK_WARNING
2025-04-18,PRD_003_Keyboards,East,212,45,9,559,257,95,OVERSTOCK_WARNING
2025-04-18,PRD_003_Keyboards,West,97,45,6,800,117,29,OVERSTOCK_WARNING
2025-04-18,PRD_004_Processors,North,138,400,7,290,167,48,OVERSTOCK_WARNING
2025-04-18,PRD_004_Processors,South,83,400,13,662,100,53,OVERSTOCK_WARNING
2025-04-18,PRD_004_Processors,East,131,400,11,974,159,72,OVERSTOCK_WARNING
2025-04-18,PRD_004_Processors,West,173,400,12,480,210,103,OVERSTOCK_WARNING
2025-04-19,PRD_001_Laptops,North,183,850,9,1070,222,82,OVERSTOCK_WARNING
2025-04-19,PRD_001_Laptops,South,170,850,7,655,206,59,OVERSTOCK_WARNING
2025-04-19,PRD_001_Laptops,East,129,850,6,569,156,38,OVERSTOCK_WARNING
2025-04-19,PRD_001_Laptops,West,101,850,12,923,122,60,OVERSTOCK_WARNING
2025-04-19,PRD_002_Monitors,North,209,320,13,133,253,135,CRITICAL_STOCKOUT_RISK
2025-04-19,PRD_002_Monitors,South,55,320,10,695,66,27,OVERSTOCK_WARNING
2025-04-19,PRD_002_Monitors,East,98,320,11,119,119,53,OPTIMAL
2025-04-19,PRD_002_Monitors,West,169,320,12,379,205,101,OPTIMAL
2025-04-19,PRD_003_Keyboards,North,178,45,3,809,216,26,OVERSTOCK_WARNING
2025-04-19,PRD_003_Keyboards,South,41,45,4,475,49,8,OVERSTOCK_WARNING
2025-04-19,PRD_003_Keyboards,East,154,45,12,870,187,92,OVERSTOCK_WARNING
2025-04-19,PRD_003_Keyboards,West,185,45,3,463,224,27,OVERSTOCK_WARNING
2025-04-19,PRD_004_Processors,North,101,400,8,584,122,40,OVERSTOCK_WARNING
2025-04-19,PRD_004_Processors,South,205,400,5,301,249,51,OVERSTOCK_WARNING
2025-04-19,PRD_004_Processors,East,100,400,3,1069,121,15,OVERSTOCK_WARNING
2025-04-19,PRD_004_Processors,West,212,400,7,457,257,74,OVERSTOCK_WARNING
2025-04-20,PRD_001_Laptops,North,149,850,13,947,181,96,OVERSTOCK_WARNING
2025-04-20,PRD_001_Laptops,South,174,850,8,665,211,69,OVERSTOCK_WARNING
2025-04-20,PRD_001_Laptops,East,171,850,9,966,207,76,OVERSTOCK_WARNING
2025-04-20,PRD_001_Laptops,West,109,850,10,419,132,54,OVERSTOCK_WARNING
2025-04-20,PRD_002_Monitors,North,140,320,6,283,170,42,OVERSTOCK_WARNING
2025-04-20,PRD_002_Monitors,South,200,320,10,848,242,100,OVERSTOCK_WARNING
2025-04-20,PRD_002_Monitors,East,204,320,8,149,247,81,OPTIMAL
2025-04-20,PRD_002_Monitors,West,164,320,7,687,199,57,OVERSTOCK_WARNING
2025-04-20,PRD_003_Keyboards,North,202,45,7,907,245,70,OVERSTOCK_WARNING
2025-04-20,PRD_003_Keyboards,South,159,45,4,767,193,31,OVERSTOCK_WARNING
2025-04-20,PRD_003_Keyboards,East,173,45,11,135,210,95,OPTIMAL
2025-04-20,PRD_003_Keyboards,West,149,45,13,583,181,96,OVERSTOCK_WARNING
2025-04-20,PRD_004_Processors,North,196,400,9,183,238,88,OPTIMAL
2025-04-20,PRD_004_Processors,South,116,400,8,993,140,46,OVERSTOCK_WARNING
2025-04-20,PRD_004_Processors,East,41,400,10,410,49,20,OVERSTOCK_WARNING
2025-04-20,PRD_004_Processors,West,164,400,8,767,199,65,OVERSTOCK_WARNING
2025-04-21,PRD_001_Laptops,North,66,850,6,731,80,19,OVERSTOCK_WARNING
2025-04-21,PRD_001_Laptops,South,82,850,13,559,99,53,OVERSTOCK_WARNING
2025-04-21,PRD_001_Laptops,East,100,850,12,530,121,60,OVERSTOCK_WARNING
2025-04-21,PRD_001_Laptops,West,148,850,13,754,179,96,OVERSTOCK_WARNING
2025-04-21,PRD_002_Monitors,North,134,320,3,882,162,20,OVERSTOCK_WARNING
2025-04-21,PRD_002_Monitors,South,188,320,5,1029,228,47,OVERSTOCK_WARNING
2025-04-21,PRD_002_Monitors,East,197,320,7,882,239,68,OVERSTOCK_WARNING
2025-04-21,PRD_002_Monitors,West,125,320,8,494,151,50,OVERSTOCK_WARNING
2025-04-21,PRD_003_Keyboards,North,191,45,4,512,232,38,OVERSTOCK_WARNING
2025-04-21,PRD_003_Keyboards,South,139,45,9,286,168,62,OVERSTOCK_WARNING
2025-04-21,PRD_003_Keyboards,East,138,45,5,287,167,34,OVERSTOCK_WARNING
2025-04-21,PRD_003_Keyboards,West,124,45,12,418,150,74,OVERSTOCK_WARNING
2025-04-21,PRD_004_Processors,North,64,400,6,652,77,19,OVERSTOCK_WARNING
2025-04-21,PRD_004_Processors,South,68,400,5,762,82,17,OVERSTOCK_WARNING
2025-04-21,PRD_004_Processors,East,113,400,13,744,137,73,OVERSTOCK_WARNING
2025-04-21,PRD_004_Processors,West,59,400,5,934,71,14,OVERSTOCK_WARNING
2025-04-22,PRD_001_Laptops,North,191,850,13,701,232,124,OVERSTOCK_WARNING
2025-04-22,PRD_001_Laptops,South,67,850,7,270,81,23,OVERSTOCK_WARNING
2025-04-22,PRD_001_Laptops,East,98,850,7,642,119,34,OVERSTOCK_WARNING
2025-04-22,PRD_001_Laptops,West,188,850,4,979,228,37,OVERSTOCK_WARNING
2025-04-22,PRD_002_Monitors,North,152,320,12,547,184,91,OVERSTOCK_WARNING
2025-04-22,PRD_002_Monitors,South,205,320,11,93,249,112,CRITICAL_STOCKOUT_RISK
2025-04-22,PRD_002_Monitors,East,71,320,13,268,86,46,OVERSTOCK_WARNING
2025-04-22,PRD_002_Monitors,West,185,320,13,646,224,120,OVERSTOCK_WARNING
2025-04-22,PRD_003_Keyboards,North,159,45,9,154,193,71,OPTIMAL
2025-04-22,PRD_003_Keyboards,South,60,45,7,422,72,21,OVERSTOCK_WARNING
2025-04-22,PRD_003_Keyboards,East,208,45,13,590,252,135,OPTIMAL
2025-04-22,PRD_003_Keyboards,West,128,45,11,261,155,70,OPTIMAL
2025-04-22,PRD_004_Processors,North,189,400,5,912,229,47,OVERSTOCK_WARNING
2025-04-22,PRD_004_Processors,South,103,400,9,339,125,46,OVERSTOCK_WARNING
2025-04-22,PRD_004_Processors,East,182,400,10,1051,221,91,OVERSTOCK_WARNING
2025-04-22,PRD_004_Processors,West,189,400,8,833,229,75,OVERSTOCK_WARNING
2025-04-23,PRD_001_Laptops,North,214,850,3,172,259,32,OVERSTOCK_WARNING
2025-04-23,PRD_001_Laptops,South,213,850,4,483,258,42,OVERSTOCK_WARNING
2025-04-23,PRD_001_Laptops,East,217,850,3,454,263,32,OVERSTOCK_WARNING
2025-04-23,PRD_001_Laptops,West,98,850,13,286,119,63,OVERSTOCK_WARNING
2025-04-23,PRD_002_Monitors,North,51,320,10,197,61,25,OVERSTOCK_WARNING
2025-04-23,PRD_002_Monitors,South,59,320,8,722,71,23,OVERSTOCK_WARNING
2025-04-23,PRD_002_Monitors,East,195,320,10,169,236,97,OPTIMAL
2025-04-23,PRD_002_Monitors,West,133,320,4,884,161,26,OVERSTOCK_WARNING
2025-04-23,PRD_003_Keyboards,North,216,45,8,913,262,86,OVERSTOCK_WARNING
2025-04-23,PRD_003_Keyboards,South,75,45,8,617,91,30,OVERSTOCK_WARNING
2025-04-23,PRD_003_Keyboards,East,114,45,10,955,138,57,OVERSTOCK_WARNING
2025-04-23,PRD_003_Keyboards,West,207,45,13,229,251,134,OPTIMAL
2025-04-23,PRD_004_Processors,North,187,400,10,108,227,93,OPTIMAL
2025-04-23,PRD_004_Processors,South,79,400,12,1005,95,47,OVERSTOCK_WARNING
2025-04-23,PRD_004_Processors,East,167,400,6,707,202,50,OVERSTOCK_WARNING
2025-04-23,PRD_004_Processors,West,183,400,13,598,222,118,OVERSTOCK_WARNING
2025-04-24,PRD_001_Laptops,North,84,850,13,318,102,54,OVERSTOCK_WARNING
2025-04-24,PRD_001_Laptops,South,215,850,13,260,261,139,OPTIMAL
2025-04-24,PRD_001_Laptops,East,127,850,11,1010,154,69,OVERSTOCK_WARNING
2025-04-24,PRD_001_Laptops,West,218,850,6,884,264,65,OVERSTOCK_WARNING
2025-04-24,PRD_002_Monitors,North,158,320,11,343,191,86,OPTIMAL
2025-04-24,PRD_002_Monitors,South,134,320,7,813,162,46,OVERSTOCK_WARNING
2025-04-24,PRD_002_Monitors,East,149,320,6,459,181,44,OVERSTOCK_WARNING
2025-04-24,PRD_002_Monitors,West,92,320,9,347,111,41,OVERSTOCK_WARNING
2025-04-24,PRD_003_Keyboards,North,216,45,3,143,262,32,OPTIMAL
2025-04-24,PRD_003_Keyboards,South,81,45,5,573,98,20,OVERSTOCK_WARNING
2025-04-24,PRD_003_Keyboards,East,50,45,4,1025,60,10,OVERSTOCK_WARNING
2025-04-24,PRD_003_Keyboards,West,110,45,12,881,133,66,OVERSTOCK_WARNING
2025-04-24,PRD_004_Processors,North,59,400,4,437,71,11,OVERSTOCK_WARNING
2025-04-24,PRD_004_Processors,South,177,400,6,862,215,53,OVERSTOCK_WARNING
2025-04-24,PRD_004_Processors,East,123,400,5,884,149,30,OVERSTOCK_WARNING
2025-04-24,PRD_004_Processors,West,165,400,11,887,200,90,OVERSTOCK_WARNING
2025-04-25,PRD_001_Laptops,North,111,850,10,315,134,55,OVERSTOCK_WARNING
2025-04-25,PRD_001_Laptops,South,95,850,9,439,115,42,OVERSTOCK_WARNING
2025-04-25,PRD_001_Laptops,East,178,850,10,172,216,89,OPTIMAL
2025-04-25,PRD_001_Laptops,West,133,850,10,139,161,66,OPTIMAL
2025-04-25,PRD_002_Monitors,North,177,320,9,619,215,79,OVERSTOCK_WARNING
2025-04-25,PRD_002_Monitors,South,88,320,6,716,106,26,OVERSTOCK_WARNING
2025-04-25,PRD_002_Monitors,East,52,320,6,180,63,15,OVERSTOCK_WARNING
2025-04-25,PRD_002_Monitors,West,65,320,8,595,78,26,OVERSTOCK_WARNING
2025-04-25,PRD_003_Keyboards,North,121,45,8,462,146,48,OVERSTOCK_WARNING
2025-04-25,PRD_003_Keyboards,South,127,45,10,550,154,63,OVERSTOCK_WARNING
2025-04-25,PRD_003_Keyboards,East,61,45,4,110,74,12,OVERSTOCK_WARNING
2025-04-25,PRD_003_Keyboards,West,158,45,13,1067,191,102,OVERSTOCK_WARNING
2025-04-25,PRD_004_Processors,North,85,400,7,271,103,29,OVERSTOCK_WARNING
2025-04-25,PRD_004_Processors,South,49,400,10,207,59,24,OVERSTOCK_WARNING
2025-04-25,PRD_004_Processors,East,191,400,5,1019,232,47,OVERSTOCK_WARNING
2025-04-25,PRD_004_Processors,West,151,400,9,224,183,67,OPTIMAL
2025-04-26,PRD_001_Laptops,North,104,850,9,814,126,46,OVERSTOCK_WARNING
2025-04-26,PRD_001_Laptops,South,96,850,9,185,116,43,OPTIMAL
2025-04-26,PRD_001_Laptops,East,48,850,8,988,58,19,OVERSTOCK_WARNING
2025-04-26,PRD_001_Laptops,West,128,850,4,450,155,25,OVERSTOCK_WARNING
2025-04-26,PRD_002_Monitors,North,207,320,3,478,251,31,OVERSTOCK_WARNING
2025-04-26,PRD_002_Monitors,South,145,320,9,758,176,65,OVERSTOCK_WARNING
2025-04-26,PRD_002_Monitors,East,52,320,3,111,63,7,OVERSTOCK_WARNING
2025-04-26,PRD_002_Monitors,West,176,320,10,739,213,88,OVERSTOCK_WARNING
2025-04-26,PRD_003_Keyboards,North,121,45,11,526,146,66,OVERSTOCK_WARNING
2025-04-26,PRD_003_Keyboards,South,115,45,8,290,139,46,OVERSTOCK_WARNING
2025-04-26,PRD_003_Keyboards,East,110,45,11,306,133,60,OVERSTOCK_WARNING
2025-04-26,PRD_003_Keyboards,West,87,45,4,991,105,17,OVERSTOCK_WARNING
2025-04-26,PRD_004_Processors,North,78,400,6,266,94,23,OVERSTOCK_WARNING
2025-04-26,PRD_004_Processors,South,128,400,10,988,155,64,OVERSTOCK_WARNING
2025-04-26,PRD_004_Processors,East,148,400,3,1088,179,22,OVERSTOCK_WARNING
2025-04-26,PRD_004_Processors,West,173,400,5,668,210,43,OVERSTOCK_WARNING
2025-04-27,PRD_001_Laptops,North,129,850,8,211,156,51,OPTIMAL
2025-04-27,PRD_001_Laptops,South,78,850,10,872,94,39,OVERSTOCK_WARNING
2025-04-27,PRD_001_Laptops,East,116,850,13,565,140,75,OVERSTOCK_WARNING
2025-04-27,PRD_001_Laptops,West,205,850,10,299,249,102,OPTIMAL
2025-04-27,PRD_002_Monitors,North,92,320,5,491,111,23,OVERSTOCK_WARNING
2025-04-27,PRD_002_Monitors,South,170,320,8,817,206,68,OVERSTOCK_WARNING
2025-04-27,PRD_002_Monitors,East,189,320,8,791,229,75,OVERSTOCK_WARNING
2025-04-27,PRD_002_Monitors,West,111,320,11,85,134,61,OPTIMAL
2025-04-27,PRD_003_Keyboards,North,71,45,5,985,86,17,OVERSTOCK_WARNING
2025-04-27,PRD_003_Keyboards,South,170,45,13,155,206,110,OPTIMAL
2025-04-27,PRD_003_Keyboards,East,216,45,13,878,262,140,OVERSTOCK_WARNING
2025-04-27,PRD_003_Keyboards,West,132,45,7,781,160,46,OVERSTOCK_WARNING
2025-04-27,PRD_004_Processors,North,91,400,11,206,110,50,OPTIMAL
2025-04-27,PRD_004_Processors,South,208,400,7,841,252,72,OVERSTOCK_WARNING
2025-04-27,PRD_004_Processors,East,123,400,9,462,149,55,OVERSTOCK_WARNING
2025-04-27,PRD_004_Processors,West,189,400,6,604,229,56,OVERSTOCK_WARNING
2025-04-28,PRD_001_Laptops,North,84,850,12,705,102,50,OVERSTOCK_WARNING
2025-04-28,PRD_001_Laptops,South,216,850,6,579,262,64,OVERSTOCK_WARNING
2025-04-28,PRD_001_Laptops,East,120,850,8,1011,145,48,OVERSTOCK_WARNING
2025-04-28,PRD_001_Laptops,West,168,850,3,999,204,25,OVERSTOCK_WARNING
2025-04-28,PRD_002_Monitors,North,97,320,10,1089,117,48,OVERSTOCK_WARNING
2025-04-28,PRD_002_Monitors,South,148,320,9,765,179,66,OVERSTOCK_WARNING
2025-04-28,PRD_002_Monitors,East,111,320,10,394,134,55,OVERSTOCK_WARNING
2025-04-28,PRD_002_Monitors,West,150,320,13,860,182,97,OVERSTOCK_WARNING
2025-04-28,PRD_003_Keyboards,North,206,45,7,576,250,72,OVERSTOCK_WARNING
2025-04-28,PRD_003_Keyboards,South,195,45,11,780,236,107,OVERSTOCK_WARNING
2025-04-28,PRD_003_Keyboards,East,55,45,9,81,66,24,OPTIMAL
2025-04-28,PRD_003_Keyboards,West,184,45,9,92,223,82,OPTIMAL
2025-04-28,PRD_004_Processors,North,135,400,4,812,163,27,OVERSTOCK_WARNING
2025-04-28,PRD_004_Processors,South,133,400,4,860,161,26,OVERSTOCK_WARNING
2025-04-28,PRD_004_Processors,East,210,400,7,685,255,73,OVERSTOCK_WARNING
2025-04-28,PRD_004_Processors,West,188,400,9,928,228,84,OVERSTOCK_WARNING
2025-04-29,PRD_001_Laptops,North,207,850,5,707,251,51,OVERSTOCK_WARNING
2025-04-29,PRD_001_Laptops,South,182,850,11,259,221,100,OPTIMAL
2025-04-29,PRD_001_Laptops,East,147,850,7,550,178,51,OVERSTOCK_WARNING
2025-04-29,PRD_001_Laptops,West,167,850,6,1005,202,50,OVERSTOCK_WARNING
2025-04-29,PRD_002_Monitors,North,200,320,11,387,242,110,OPTIMAL
2025-04-29,PRD_002_Monitors,South,176,320,8,446,213,70,OVERSTOCK_WARNING
2025-04-29,PRD_002_Monitors,East,40,320,5,922,48,10,OVERSTOCK_WARNING
2025-04-29,PRD_002_Monitors,West,137,320,11,879,166,75,OVERSTOCK_WARNING
2025-04-29,PRD_003_Keyboards,North,54,45,3,316,65,8,OVERSTOCK_WARNING
2025-04-29,PRD_003_Keyboards,South,175,45,10,746,212,87,OVERSTOCK_WARNING
2025-04-29,PRD_003_Keyboards,East,51,45,3,186,61,7,OVERSTOCK_WARNING
2025-04-29,PRD_003_Keyboards,West,81,45,5,218,98,20,OVERSTOCK_WARNING
2025-04-29,PRD_004_Processors,North,142,400,13,942,172,92,OVERSTOCK_WARNING
2025-04-29,PRD_004_Processors,South,56,400,3,495,68,8,OVERSTOCK_WARNING
2025-04-29,PRD_004_Processors,East,124,400,10,486,150,62,OVERSTOCK_WARNING
2025-04-29,PRD_004_Processors,West,95,400,8,421,115,38,OVERSTOCK_WARNING
2025-04-30,PRD_001_Laptops,North,217,850,8,1012,263,86,OVERSTOCK_WARNING
2025-04-30,PRD_001_Laptops,South,93,850,10,312,112,46,OVERSTOCK_WARNING
2025-04-30,PRD_001_Laptops,East,216,850,5,450,262,54,OVERSTOCK_WARNING
2025-04-30,PRD_001_Laptops,West,178,850,10,896,216,89,OVERSTOCK_WARNING
2025-04-30,PRD_002_Monitors,North,188,320,5,529,228,47,OVERSTOCK_WARNING
2025-04-30,PRD_002_Monitors,South,102,320,10,930,123,51,OVERSTOCK_WARNING
2025-04-30,PRD_002_Monitors,East,142,320,13,352,172,92,OPTIMAL
2025-04-30,PRD_002_Monitors,West,45,320,5,263,54,11,OVERSTOCK_WARNING
2025-04-30,PRD_003_Keyboards,North,67,45,4,629,81,13,OVERSTOCK_WARNING
2025-04-30,PRD_003_Keyboards,South,158,45,7,450,191,55,OVERSTOCK_WARNING
2025-04-30,PRD_003_Keyboards,East,107,45,8,297,129,42,OVERSTOCK_WARNING
2025-04-30,PRD_003_Keyboards,West,216,45,13,755,262,140,OVERSTOCK_WARNING
2025-04-30,PRD_004_Processors,North,97,400,6,649,117,29,OVERSTOCK_WARNING
2025-04-30,PRD_004_Processors,South,71,400,3,184,86,10,OVERSTOCK_WARNING
2025-04-30,PRD_004_Processors,East,122,400,12,331,148,73,OVERSTOCK_WARNING
2025-04-30,PRD_004_Processors,West,138,400,10,775,167,69,OVERSTOCK_WARNING
2025-05-01,PRD_001_Laptops,North,67,850,3,1017,81,10,OVERSTOCK_WARNING
2025-05-01,PRD_001_Laptops,South,87,850,10,688,105,43,OVERSTOCK_WARNING
2025-05-01,PRD_001_Laptops,East,153,850,6,1013,185,45,OVERSTOCK_WARNING
2025-05-01,PRD_001_Laptops,West,194,850,11,446,235,106,OPTIMAL
2025-05-01,PRD_002_Monitors,North,183,320,10,667,222,91,OVERSTOCK_WARNING
2025-05-01,PRD_002_Monitors,South,70,320,10,454,85,35,OVERSTOCK_WARNING
2025-05-01,PRD_002_Monitors,East,181,320,11,590,219,99,OVERSTOCK_WARNING
2025-05-01,PRD_002_Monitors,West,73,320,5,329,88,18,OVERSTOCK_WARNING
2025-05-01,PRD_003_Keyboards,North,191,45,8,1081,232,76,OVERSTOCK_WARNING
2025-05-01,PRD_003_Keyboards,South,112,45,12,995,136,67,OVERSTOCK_WARNING
2025-05-01,PRD_003_Keyboards,East,143,45,12,290,173,85,OPTIMAL
2025-05-01,PRD_003_Keyboards,West,106,45,10,84,128,52,OPTIMAL
2025-05-01,PRD_004_Processors,North,66,400,3,350,80,9,OVERSTOCK_WARNING
2025-05-01,PRD_004_Processors,South,202,400,11,772,245,111,OVERSTOCK_WARNING
2025-05-01,PRD_004_Processors,East,83,400,12,766,100,49,OVERSTOCK_WARNING
2025-05-01,PRD_004_Processors,West,201,400,9,430,244,90,OVERSTOCK_WARNING
2025-05-02,PRD_001_Laptops,North,217,850,6,219,263,65,OPTIMAL
2025-05-02,PRD_001_Laptops,South,171,850,9,767,207,76,OVERSTOCK_WARNING
2025-05-02,PRD_001_Laptops,East,151,850,3,325,183,22,OVERSTOCK_WARNING
2025-05-02,PRD_001_Laptops,West,128,850,4,749,155,25,OVERSTOCK_WARNING
2025-05-02,PRD_002_Monitors,North,170,320,12,228,206,102,OPTIMAL
2025-05-02,PRD_002_Monitors,South,123,320,3,707,149,18,OVERSTOCK_WARNING
2025-05-02,PRD_002_Monitors,East,155,320,8,844,188,62,OVERSTOCK_WARNING
2025-05-02,PRD_002_Monitors,West,182,320,12,329,221,109,OPTIMAL
2025-05-02,PRD_003_Keyboards,North,149,45,6,1054,181,44,OVERSTOCK_WARNING
2025-05-02,PRD_003_Keyboards,South,85,45,11,868,103,46,OVERSTOCK_WARNING
2025-05-02,PRD_003_Keyboards,East,160,45,12,980,194,96,OVERSTOCK_WARNING
2025-05-02,PRD_003_Keyboards,West,109,45,3,954,132,16,OVERSTOCK_WARNING
2025-05-02,PRD_004_Processors,North,151,400,9,1043,183,67,OVERSTOCK_WARNING
2025-05-02,PRD_004_Processors,South,130,400,4,740,157,26,OVERSTOCK_WARNING
2025-05-02,PRD_004_Processors,East,143,400,9,271,173,64,OPTIMAL
2025-05-02,PRD_004_Processors,West,79,400,4,217,95,15,OVERSTOCK_WARNING
2025-05-03,PRD_001_Laptops,North,128,850,6,1088,155,38,OVERSTOCK_WARNING
2025-05-03,PRD_001_Laptops,South,100,850,7,969,121,35,OVERSTOCK_WARNING
2025-05-03,PRD_001_Laptops,East,94,850,7,135,114,32,OPTIMAL
2025-05-03,PRD_001_Laptops,West,141,850,7,664,171,49,OVERSTOCK_WARNING
2025-05-03,PRD_002_Monitors,North,98,320,4,528,119,19,OVERSTOCK_WARNING
2025-05-03,PRD_002_Monitors,South,143,320,5,109,173,35,OPTIMAL
2025-05-03,PRD_002_Monitors,East,50,320,9,681,60,22,OVERSTOCK_WARNING
2025-05-03,PRD_002_Monitors,West,162,320,10,1038,196,81,OVERSTOCK_WARNING
2025-05-03,PRD_003_Keyboards,North,164,45,8,811,199,65,OVERSTOCK_WARNING
2025-05-03,PRD_003_Keyboards,South,161,45,11,694,195,88,OVERSTOCK_WARNING
2025-05-03,PRD_003_Keyboards,East,201,45,9,622,244,90,OVERSTOCK_WARNING
2025-05-03,PRD_003_Keyboards,West,91,45,11,667,110,50,OVERSTOCK_WARNING
2025-05-03,PRD_004_Processors,North,168,400,9,357,204,75,OVERSTOCK_WARNING
2025-05-03,PRD_004_Processors,South,79,400,7,190,95,27,OVERSTOCK_WARNING
2025-05-03,PRD_004_Processors,East,168,400,3,840,204,25,OVERSTOCK_WARNING
2025-05-03,PRD_004_Processors,West,209,400,7,414,253,73,OVERSTOCK_WARNING
2025-05-04,PRD_001_Laptops,North,61,850,8,690,74,24,OVERSTOCK_WARNING
2025-05-04,PRD_001_Laptops,South,47,850,3,608,57,7,OVERSTOCK_WARNING
2025-05-04,PRD_001_Laptops,East,129,850,3,245,156,19,OVERSTOCK_WARNING
2025-05-04,PRD_001_Laptops,West,120,850,8,242,145,48,OVERSTOCK_WARNING
2025-05-04,PRD_002_Monitors,North,149,320,10,524,181,74,OVERSTOCK_WARNING
2025-05-04,PRD_002_Monitors,South,182,320,8,588,221,72,OVERSTOCK_WARNING
2025-05-04,PRD_002_Monitors,East,66,320,3,494,80,9,OVERSTOCK_WARNING
2025-05-04,PRD_002_Monitors,West,202,320,8,788,245,80,OVERSTOCK_WARNING
2025-05-04,PRD_003_Keyboards,North,97,45,3,486,117,14,OVERSTOCK_WARNING
2025-05-04,PRD_003_Keyboards,South,201,45,12,894,244,120,OVERSTOCK_WARNING
2025-05-04,PRD_003_Keyboards,East,44,45,12,611,53,26,OVERSTOCK_WARNING
2025-05-04,PRD_003_Keyboards,West,173,45,8,650,210,69,OVERSTOCK_WARNING
2025-05-04,PRD_004_Processors,North,185,400,6,864,224,55,OVERSTOCK_WARNING
2025-05-04,PRD_004_Processors,South,53,400,9,463,64,23,OVERSTOCK_WARNING
2025-05-04,PRD_004_Processors,East,83,400,9,478,100,37,OVERSTOCK_WARNING
2025-05-04,PRD_004_Processors,West,58,400,13,830,70,37,OVERSTOCK_WARNING
2025-05-05,PRD_001_Laptops,North,202,850,3,498,245,30,OVERSTOCK_WARNING
2025-05-05,PRD_001_Laptops,South,186,850,6,691,225,55,OVERSTOCK_WARNING
2025-05-05,PRD_001_Laptops,East,202,850,12,511,245,121,OPTIMAL
2025-05-05,PRD_001_Laptops,West,83,850,10,999,100,41,OVERSTOCK_WARNING
2025-05-05,PRD_002_Monitors,North,100,320,3,406,121,15,OVERSTOCK_WARNING
2025-05-05,PRD_002_Monitors,South,146,320,4,144,177,29,OVERSTOCK_WARNING
2025-05-05,PRD_002_Monitors,East,138,320,6,220,167,41,OVERSTOCK_WARNING
2025-05-05,PRD_002_Monitors,West,97,320,7,959,117,33,OVERSTOCK_WARNING
2025-05-05,PRD_003_Keyboards,North,107,45,10,266,129,53,OVERSTOCK_WARNING
2025-05-05,PRD_003_Keyboards,South,183,45,6,508,222,54,OVERSTOCK_WARNING
2025-05-05,PRD_003_Keyboards,East,129,45,4,366,156,25,OVERSTOCK_WARNING
2025-05-05,PRD_003_Keyboards,West,42,45,8,215,51,16,OVERSTOCK_WARNING
2025-05-05,PRD_004_Processors,North,63,400,13,238,76,40,OVERSTOCK_WARNING
2025-05-05,PRD_004_Processors,South,84,400,4,855,102,16,OVERSTOCK_WARNING
2025-05-05,PRD_004_Processors,East,110,400,10,955,133,55,OVERSTOCK_WARNING
2025-05-05,PRD_004_Processors,West,154,400,9,1081,187,69,OVERSTOCK_WARNING
2025-05-06,PRD_001_Laptops,North,164,850,11,1055,199,90,OVERSTOCK_WARNING
2025-05-06,PRD_001_Laptops,South,69,850,12,309,83,41,OVERSTOCK_WARNING
2025-05-06,PRD_001_Laptops,East,185,850,4,276,224,37,OVERSTOCK_WARNING
2025-05-06,PRD_001_Laptops,West,156,850,9,651,189,70,OVERSTOCK_WARNING
2025-05-06,PRD_002_Monitors,North,137,320,13,461,166,89,OVERSTOCK_WARNING
2025-05-06,PRD_002_Monitors,South,212,320,9,532,257,95,OVERSTOCK_WARNING
2025-05-06,PRD_002_Monitors,East,133,320,8,1031,161,53,OVERSTOCK_WARNING
2025-05-06,PRD_002_Monitors,West,161,320,6,172,195,48,OPTIMAL
2025-05-06,PRD_003_Keyboards,North,190,45,8,367,230,76,OVERSTOCK_WARNING
2025-05-06,PRD_003_Keyboards,South,145,45,4,862,176,29,OVERSTOCK_WARNING
2025-05-06,PRD_003_Keyboards,East,207,45,12,687,251,124,OVERSTOCK_WARNING
2025-05-06,PRD_003_Keyboards,West,45,45,10,970,54,22,OVERSTOCK_WARNING
2025-05-06,PRD_004_Processors,North,106,400,12,730,128,63,OVERSTOCK_WARNING
2025-05-06,PRD_004_Processors,South,82,400,3,175,99,12,OVERSTOCK_WARNING
2025-05-06,PRD_004_Processors,East,171,400,6,928,207,51,OVERSTOCK_WARNING
2025-05-06,PRD_004_Processors,West,80,400,5,980,97,20,OVERSTOCK_WARNING
2025-05-07,PRD_001_Laptops,North,199,850,8,583,241,79,OVERSTOCK_WARNING
2025-05-07,PRD_001_Laptops,South,74,850,8,272,89,29,OVERSTOCK_WARNING
2025-05-07,PRD_001_Laptops,East,189,850,9,858,229,85,OVERSTOCK_WARNING
2025-05-07,PRD_001_Laptops,West,42,850,11,395,51,23,OVERSTOCK_WARNING
2025-05-07,PRD_002_Monitors,North,115,320,9,349,139,51,OVERSTOCK_WARNING
2025-05-07,PRD_002_Monitors,South,57,320,3,330,69,8,OVERSTOCK_WARNING
2025-05-07,PRD_002_Monitors,East,112,320,9,793,136,50,OVERSTOCK_WARNING
2025-05-07,PRD_002_Monitors,West,122,320,7,126,148,42,OPTIMAL
2025-05-07,PRD_003_Keyboards,North,155,45,9,109,188,69,OPTIMAL
2025-05-07,PRD_003_Keyboards,South,64,45,4,316,77,12,OVERSTOCK_WARNING
2025-05-07,PRD_003_Keyboards,East,151,45,11,665,183,83,OVERSTOCK_WARNING
2025-05-07,PRD_003_Keyboards,West,97,45,9,718,117,43,OVERSTOCK_WARNING
2025-05-07,PRD_004_Processors,North,208,400,11,413,252,114,OPTIMAL
2025-05-07,PRD_004_Processors,South,138,400,6,127,167,41,OPTIMAL
2025-05-07,PRD_004_Processors,East,49,400,5,538,59,12,OVERSTOCK_WARNING
2025-05-07,PRD_004_Processors,West,50,400,7,484,60,17,OVERSTOCK_WARNING
2025-05-08,PRD_001_Laptops,North,212,850,9,582,257,95,OVERSTOCK_WARNING
2025-05-08,PRD_001_Laptops,South,165,850,4,923,200,33,OVERSTOCK_WARNING
2025-05-08,PRD_001_Laptops,East,160,850,12,1057,194,96,OVERSTOCK_WARNING
2025-05-08,PRD_001_Laptops,West,93,850,13,410,112,60,OVERSTOCK_WARNING
2025-05-08,PRD_002_Monitors,North,55,320,3,834,66,8,OVERSTOCK_WARNING
2025-05-08,PRD_002_Monitors,South,57,320,5,1092,69,14,OVERSTOCK_WARNING
2025-05-08,PRD_002_Monitors,East,129,320,8,1032,156,51,OVERSTOCK_WARNING
2025-05-08,PRD_002_Monitors,West,147,320,13,510,178,95,OVERSTOCK_WARNING
2025-05-08,PRD_003_Keyboards,North,87,45,12,155,105,52,OPTIMAL
2025-05-08,PRD_003_Keyboards,South,116,45,6,1078,140,34,OVERSTOCK_WARNING
2025-05-08,PRD_003_Keyboards,East,169,45,12,906,205,101,OVERSTOCK_WARNING
2025-05-08,PRD_003_Keyboards,West,194,45,13,670,235,126,OVERSTOCK_WARNING
2025-05-08,PRD_004_Processors,North,111,400,9,782,134,49,OVERSTOCK_WARNING
2025-05-08,PRD_004_Processors,South,150,400,9,1021,182,67,OVERSTOCK_WARNING
2025-05-08,PRD_004_Processors,East,102,400,10,971,123,51,OVERSTOCK_WARNING
2025-05-08,PRD_004_Processors,West,51,400,13,96,61,33,OPTIMAL
2025-05-09,PRD_001_Laptops,North,102,850,3,455,123,15,OVERSTOCK_WARNING
2025-05-09,PRD_001_Laptops,South,75,850,7,599,91,26,OVERSTOCK_WARNING
2025-05-09,PRD_001_Laptops,East,108,850,12,799,131,64,OVERSTOCK_WARNING
2025-05-09,PRD_001_Laptops,West,75,850,8,940,91,30,OVERSTOCK_WARNING
2025-05-09,PRD_002_Monitors,North,214,320,7,1005,259,74,OVERSTOCK_WARNING
2025-05-09,PRD_002_Monitors,South,190,320,12,150,230,114,OPTIMAL
2025-05-09,PRD_002_Monitors,East,219,320,7,876,266,76,OVERSTOCK_WARNING
2025-05-09,PRD_002_Monitors,West,182,320,6,510,221,54,OVERSTOCK_WARNING
2025-05-09,PRD_003_Keyboards,North,213,45,6,866,258,63,OVERSTOCK_WARNING
2025-05-09,PRD_003_Keyboards,South,145,45,7,143,176,50,OPTIMAL
2025-05-09,PRD_003_Keyboards,East,204,45,13,390,247,132,OPTIMAL
2025-05-09,PRD_003_Keyboards,West,68,45,6,360,82,20,OVERSTOCK_WARNING
2025-05-09,PRD_004_Processors,North,109,400,6,977,132,32,OVERSTOCK_WARNING
2025-05-09,PRD_004_Processors,South,189,400,4,1044,229,37,OVERSTOCK_WARNING
2025-05-09,PRD_004_Processors,East,139,400,5,550,168,34,OVERSTOCK_WARNING
2025-05-09,PRD_004_Processors,West,73,400,13,909,88,47,OVERSTOCK_WARNING
2025-05-10,PRD_001_Laptops,North,157,850,6,613,190,47,OVERSTOCK_WARNING
2025-05-10,PRD_001_Laptops,South,219,850,6,446,266,65,OVERSTOCK_WARNING
2025-05-10,PRD_001_Laptops,East,203,850,11,822,246,111,OVERSTOCK_WARNING
2025-05-10,PRD_001_Laptops,West,186,850,8,661,225,74,OVERSTOCK_WARNING
2025-05-10,PRD_002_Monitors,North,155,320,11,227,188,85,OPTIMAL
2025-05-10,PRD_002_Monitors,South,48,320,6,129,58,14,OVERSTOCK_WARNING
2025-05-10,PRD_002_Monitors,East,121,320,7,995,146,42,OVERSTOCK_WARNING
2025-05-10,PRD_002_Monitors,West,126,320,13,756,153,81,OVERSTOCK_WARNING
2025-05-10,PRD_003_Keyboards,North,61,45,12,915,74,36,OVERSTOCK_WARNING
2025-05-10,PRD_003_Keyboards,South,83,45,4,668,100,16,OVERSTOCK_WARNING
2025-05-10,PRD_003_Keyboards,East,81,45,11,697,98,44,OVERSTOCK_WARNING
2025-05-10,PRD_003_Keyboards,West,134,45,9,659,162,60,OVERSTOCK_WARNING
2025-05-10,PRD_004_Processors,North,186,400,12,557,225,111,OVERSTOCK_WARNING
2025-05-10,PRD_004_Processors,South,198,400,5,520,240,49,OVERSTOCK_WARNING
2025-05-10,PRD_004_Processors,East,124,400,5,686,150,31,OVERSTOCK_WARNING
2025-05-10,PRD_004_Processors,West,71,400,4,266,86,14,OVERSTOCK_WARNING
2025-05-11,PRD_001_Laptops,North,155,850,12,209,188,93,OPTIMAL
2025-05-11,PRD_001_Laptops,South,99,850,10,864,120,49,OVERSTOCK_WARNING
2025-05-11,PRD_001_Laptops,East,135,850,9,324,163,60,OVERSTOCK_WARNING
2025-05-11,PRD_001_Laptops,West,198,850,13,167,240,128,OPTIMAL
2025-05-11,PRD_002_Monitors,North,168,320,13,966,204,109,OVERSTOCK_WARNING
2025-05-11,PRD_002_Monitors,South,124,320,6,406,150,37,OVERSTOCK_WARNING
2025-05-11,PRD_002_Monitors,East,193,320,4,987,234,38,OVERSTOCK_WARNING
2025-05-11,PRD_002_Monitors,West,134,320,3,304,162,20,OVERSTOCK_WARNING
2025-05-11,PRD_003_Keyboards,North,131,45,3,638,159,19,OVERSTOCK_WARNING
2025-05-11,PRD_003_Keyboards,South,145,45,9,465,176,65,OVERSTOCK_WARNING
2025-05-11,PRD_003_Keyboards,East,145,45,10,851,176,72,OVERSTOCK_WARNING
2025-05-11,PRD_003_Keyboards,West,147,45,5,489,178,36,OVERSTOCK_WARNING
2025-05-11,PRD_004_Processors,North,79,400,4,250,95,15,OVERSTOCK_WARNING
2025-05-11,PRD_004_Processors,South,114,400,5,91,138,28,OPTIMAL
2025-05-11,PRD_004_Processors,East,66,400,3,261,80,9,OVERSTOCK_WARNING
2025-05-11,PRD_004_Processors,West,88,400,4,395,106,17,OVERSTOCK_WARNING
2025-05-12,PRD_001_Laptops,North,69,850,6,757,83,20,OVERSTOCK_WARNING
2025-05-12,PRD_001_Laptops,South,67,850,11,175,81,36,OVERSTOCK_WARNING
2025-05-12,PRD_001_Laptops,East,164,850,12,523,199,98,OVERSTOCK_WARNING
2025-05-12,PRD_001_Laptops,West,81,850,10,816,98,40,OVERSTOCK_WARNING
2025-05-12,PRD_002_Monitors,North,116,320,10,440,140,58,OVERSTOCK_WARNING
2025-05-12,PRD_002_Monitors,South,157,320,12,382,190,94,OPTIMAL
2025-05-12,PRD_002_Monitors,East,204,320,8,799,247,81,OVERSTOCK_WARNING
2025-05-12,PRD_002_Monitors,West,61,320,11,547,74,33,OVERSTOCK_WARNING
2025-05-12,PRD_003_Keyboards,North,146,45,13,632,177,94,OVERSTOCK_WARNING
2025-05-12,PRD_003_Keyboards,South,119,45,4,239,144,23,OVERSTOCK_WARNING
2025-05-12,PRD_003_Keyboards,East,128,45,4,91,155,25,OPTIMAL
2025-05-12,PRD_003_Keyboards,West,207,45,11,667,251,113,OVERSTOCK_WARNING
2025-05-12,PRD_004_Processors,North,129,400,11,601,156,70,OVERSTOCK_WARNING
2025-05-12,PRD_004_Processors,South,135,400,11,817,163,74,OVERSTOCK_WARNING
2025-05-12,PRD_004_Processors,East,215,400,6,118,261,64,OPTIMAL
2025-05-12,PRD_004_Processors,West,99,400,4,400,120,19,OVERSTOCK_WARNING
2025-05-13,PRD_001_Laptops,North,218,850,6,487,264,65,OVERSTOCK_WARNING
2025-05-13,PRD_001_Laptops,South,194,850,4,750,235,38,OVERSTOCK_WARNING
2025-05-13,PRD_001_Laptops,East,96,850,4,364,116,19,OVERSTOCK_WARNING
2025-05-13,PRD_001_Laptops,West,54,850,7,235,65,18,OVERSTOCK_WARNING
2025-05-13,PRD_002_Monitors,North,123,320,9,359,149,55,OVERSTOCK_WARNING
2025-05-13,PRD_002_Monitors,South,188,320,12,701,228,112,OVERSTOCK_WARNING
2025-05-13,PRD_002_Monitors,East,117,320,7,737,142,40,OVERSTOCK_WARNING
2025-05-13,PRD_002_Monitors,West,181,320,4,207,219,36,OVERSTOCK_WARNING
2025-05-13,PRD_003_Keyboards,North,97,45,8,1095,117,38,OVERSTOCK_WARNING
2025-05-13,PRD_003_Keyboards,South,75,45,6,101,91,22,OVERSTOCK_WARNING
2025-05-13,PRD_003_Keyboards,East,166,45,6,519,201,49,OVERSTOCK_WARNING
2025-05-13,PRD_003_Keyboards,West,135,45,3,1020,163,20,OVERSTOCK_WARNING
2025-05-13,PRD_004_Processors,North,203,400,6,609,246,60,OVERSTOCK_WARNING
2025-05-13,PRD_004_Processors,South,77,400,5,742,93,19,OVERSTOCK_WARNING
2025-05-13,PRD_004_Processors,East,148,400,13,479,179,96,OVERSTOCK_WARNING
2025-05-13,PRD_004_Processors,West,188,400,10,834,228,94,OVERSTOCK_WARNING
2025-05-14,PRD_001_Laptops,North,179,850,3,1084,217,26,OVERSTOCK_WARNING
2025-05-14,PRD_001_Laptops,South,126,850,9,637,153,56,OVERSTOCK_WARNING
2025-05-14,PRD_001_Laptops,East,71,850,3,760,86,10,OVERSTOCK_WARNING
2025-05-14,PRD_001_Laptops,West,93,850,4,852,112,18,OVERSTOCK_WARNING
2025-05-14,PRD_002_Monitors,North,148,320,13,451,179,96,OVERSTOCK_WARNING
2025-05-14,PRD_002_Monitors,South,126,320,10,847,153,63,OVERSTOCK_WARNING
2025-05-14,PRD_002_Monitors,East,162,320,13,944,196,105,OVERSTOCK_WARNING
2025-05-14,PRD_002_Monitors,West,70,320,5,864,85,17,OVERSTOCK_WARNING
2025-05-14,PRD_003_Keyboards,North,122,45,8,269,148,48,OVERSTOCK_WARNING
2025-05-14,PRD_003_Keyboards,South,71,45,10,988,86,35,OVERSTOCK_WARNING
2025-05-14,PRD_003_Keyboards,East,74,45,7,280,89,25,OVERSTOCK_WARNING
2025-05-14,PRD_003_Keyboards,West,68,45,8,590,82,27,OVERSTOCK_WARNING
2025-05-14,PRD_004_Processors,North,192,400,8,1041,233,76,OVERSTOCK_WARNING
2025-05-14,PRD_004_Processors,South,212,400,7,587,257,74,OVERSTOCK_WARNING
2025-05-14,PRD_004_Processors,East,128,400,10,326,155,64,OVERSTOCK_WARNING
2025-05-14,PRD_004_Processors,West,168,400,6,1019,204,50,OVERSTOCK_WARNING
2025-05-15,PRD_001_Laptops,North,126,850,13,1014,153,81,OVERSTOCK_WARNING
2025-05-15,PRD_001_Laptops,South,93,850,10,1050,112,46,OVERSTOCK_WARNING
2025-05-15,PRD_001_Laptops,East,196,850,8,809,238,78,OVERSTOCK_WARNING
2025-05-15,PRD_001_Laptops,West,55,850,5,611,66,13,OVERSTOCK_WARNING
2025-05-15,PRD_002_Monitors,North,85,320,5,272,103,21,OVERSTOCK_WARNING
2025-05-15,PRD_002_Monitors,South,166,320,12,516,201,99,OVERSTOCK_WARNING
2025-05-15,PRD_002_Monitors,East,150,320,3,928,182,22,OVERSTOCK_WARNING
2025-05-15,PRD_002_Monitors,West,196,320,6,405,238,58,OVERSTOCK_WARNING
2025-05-15,PRD_003_Keyboards,North,47,45,5,752,57,11,OVERSTOCK_WARNING
2025-05-15,PRD_003_Keyboards,South,170,45,5,788,206,42,OVERSTOCK_WARNING
2025-05-15,PRD_003_Keyboards,East,147,45,6,700,178,44,OVERSTOCK_WARNING
2025-05-15,PRD_003_Keyboards,West,59,45,11,758,71,32,OVERSTOCK_WARNING
2025-05-15,PRD_004_Processors,North,43,400,5,1093,52,10,OVERSTOCK_WARNING
2025-05-15,PRD_004_Processors,South,58,400,8,1066,70,23,OVERSTOCK_WARNING
2025-05-15,PRD_004_Processors,East,212,400,13,732,257,137,OVERSTOCK_WARNING
2025-05-15,PRD_004_Processors,West,180,400,11,165,218,99,OPTIMAL
2025-05-16,PRD_001_Laptops,North,91,850,7,956,110,31,OVERSTOCK_WARNING
2025-05-16,PRD_001_Laptops,South,125,850,13,290,151,81,OPTIMAL
2025-05-16,PRD_001_Laptops,East,81,850,12,831,98,48,OVERSTOCK_WARNING
2025-05-16,PRD_001_Laptops,West,154,850,12,998,187,92,OVERSTOCK_WARNING
2025-05-16,PRD_002_Monitors,North,82,320,11,99,99,45,OPTIMAL
2025-05-16,PRD_002_Monitors,South,78,320,5,859,94,19,OVERSTOCK_WARNING
2025-05-16,PRD_002_Monitors,East,50,320,12,121,60,30,OPTIMAL
2025-05-16,PRD_002_Monitors,West,194,320,13,885,235,126,OVERSTOCK_WARNING
2025-05-16,PRD_003_Keyboards,North,137,45,13,354,166,89,OPTIMAL
2025-05-16,PRD_003_Keyboards,South,173,45,6,821,210,51,OVERSTOCK_WARNING
2025-05-16,PRD_003_Keyboards,East,152,45,12,299,184,91,OPTIMAL
2025-05-16,PRD_003_Keyboards,West,104,45,5,311,126,26,OVERSTOCK_WARNING
2025-05-16,PRD_004_Processors,North,111,400,13,131,134,72,OPTIMAL
2025-05-16,PRD_004_Processors,South,157,400,10,342,190,78,OPTIMAL
2025-05-16,PRD_004_Processors,East,50,400,9,396,60,22,OVERSTOCK_WARNING
2025-05-16,PRD_004_Processors,West,107,400,11,987,129,58,OVERSTOCK_WARNING
2025-05-17,PRD_001_Laptops,North,193,850,8,957,234,77,OVERSTOCK_WARNING
2025-05-17,PRD_001_Laptops,South,179,850,13,642,217,116,OVERSTOCK_WARNING
2025-05-17,PRD_001_Laptops,East,156,850,7,125,189,54,OPTIMAL
2025-05-17,PRD_001_Laptops,West,92,850,10,799,111,46,OVERSTOCK_WARNING
2025-05-17,PRD_002_Monitors,North,160,320,11,460,194,88,OVERSTOCK_WARNING
2025-05-17,PRD_002_Monitors,South,157,320,8,1032,190,62,OVERSTOCK_WARNING
2025-05-17,PRD_002_Monitors,East,155,320,8,339,188,62,OVERSTOCK_WARNING
2025-05-17,PRD_002_Monitors,West,114,320,3,86,138,17,OVERSTOCK_WARNING
2025-05-17,PRD_003_Keyboards,North,149,45,12,602,181,89,OVERSTOCK_WARNING
2025-05-17,PRD_003_Keyboards,South,131,45,8,1080,159,52,OVERSTOCK_WARNING
2025-05-17,PRD_003_Keyboards,East,212,45,9,577,257,95,OVERSTOCK_WARNING
2025-05-17,PRD_003_Keyboards,West,67,45,13,446,81,43,OVERSTOCK_WARNING
2025-05-17,PRD_004_Processors,North,96,400,12,1000,116,57,OVERSTOCK_WARNING
2025-05-17,PRD_004_Processors,South,93,400,5,944,112,23,OVERSTOCK_WARNING
2025-05-17,PRD_004_Processors,East,203,400,5,877,246,50,OVERSTOCK_WARNING
2025-05-17,PRD_004_Processors,West,131,400,3,1042,159,19,OVERSTOCK_WARNING
2025-05-18,PRD_001_Laptops,North,197,850,6,172,239,59,OPTIMAL
2025-05-18,PRD_001_Laptops,South,212,850,10,296,257,105,OPTIMAL
2025-05-18,PRD_001_Laptops,East,218,850,8,697,264,87,OVERSTOCK_WARNING
2025-05-18,PRD_001_Laptops,West,86,850,7,655,104,30,OVERSTOCK_WARNING
2025-05-18,PRD_002_Monitors,North,205,320,9,296,249,92,OPTIMAL
2025-05-18,PRD_002_Monitors,South,46,320,8,928,55,18,OVERSTOCK_WARNING
2025-05-18,PRD_002_Monitors,East,208,320,12,729,252,124,OVERSTOCK_WARNING
2025-05-18,PRD_002_Monitors,West,174,320,4,821,211,34,OVERSTOCK_WARNING
2025-05-18,PRD_003_Keyboards,North,91,45,3,592,110,13,OVERSTOCK_WARNING
2025-05-18,PRD_003_Keyboards,South,201,45,6,992,244,60,OVERSTOCK_WARNING
2025-05-18,PRD_003_Keyboards,East,171,45,13,581,207,111,OVERSTOCK_WARNING
2025-05-18,PRD_003_Keyboards,West,43,45,3,150,52,6,OVERSTOCK_WARNING
2025-05-18,PRD_004_Processors,North,217,400,11,268,263,119,OPTIMAL
2025-05-18,PRD_004_Processors,South,74,400,10,844,89,37,OVERSTOCK_WARNING
2025-05-18,PRD_004_Processors,East,191,400,5,371,232,47,OVERSTOCK_WARNING
2025-05-18,PRD_004_Processors,West,217,400,6,714,263,65,OVERSTOCK_WARNING
2025-05-19,PRD_001_Laptops,North,82,850,13,623,99,53,OVERSTOCK_WARNING
2025-05-19,PRD_001_Laptops,South,117,850,11,737,142,64,OVERSTOCK_WARNING
2025-05-19,PRD_001_Laptops,East,195,850,5,638,236,48,OVERSTOCK_WARNING
2025-05-19,PRD_001_Laptops,West,70,850,6,500,85,21,OVERSTOCK_WARNING
2025-05-19,PRD_002_Monitors,North,56,320,9,383,68,25,OVERSTOCK_WARNING
2025-05-19,PRD_002_Monitors,South,213,320,12,1023,258,127,OVERSTOCK_WARNING
2025-05-19,PRD_002_Monitors,East,78,320,11,723,94,42,OVERSTOCK_WARNING
2025-05-19,PRD_002_Monitors,West,69,320,8,282,83,27,OVERSTOCK_WARNING
2025-05-19,PRD_003_Keyboards,North,105,45,6,609,127,31,OVERSTOCK_WARNING
2025-05-19,PRD_003_Keyboards,South,129,45,7,334,156,45,OVERSTOCK_WARNING
2025-05-19,PRD_003_Keyboards,East,40,45,12,937,48,24,OVERSTOCK_WARNING
2025-05-19,PRD_003_Keyboards,West,126,45,12,828,153,75,OVERSTOCK_WARNING
2025-05-19,PRD_004_Processors,North,173,400,8,123,210,69,OPTIMAL
2025-05-19,PRD_004_Processors,South,191,400,8,98,232,76,OPTIMAL
2025-05-19,PRD_004_Processors,East,140,400,4,686,170,28,OVERSTOCK_WARNING
2025-05-19,PRD_004_Processors,West,140,400,11,1017,170,77,OVERSTOCK_WARNING
2025-05-20,PRD_001_Laptops,North,72,850,12,308,87,43,OVERSTOCK_WARNING
2025-05-20,PRD_001_Laptops,South,51,850,8,941,61,20,OVERSTOCK_WARNING
2025-05-20,PRD_001_Laptops,East,194,850,9,984,235,87,OVERSTOCK_WARNING
2025-05-20,PRD_001_Laptops,West,188,850,9,620,228,84,OVERSTOCK_WARNING
2025-05-20,PRD_002_Monitors,North,200,320,13,781,242,130,OVERSTOCK_WARNING
2025-05-20,PRD_002_Monitors,South,156,320,4,771,189,31,OVERSTOCK_WARNING
2025-05-20,PRD_002_Monitors,East,156,320,8,353,189,62,OVERSTOCK_WARNING
2025-05-20,PRD_002_Monitors,West,42,320,9,762,51,18,OVERSTOCK_WARNING
2025-05-20,PRD_003_Keyboards,North,205,45,7,265,249,71,OPTIMAL
2025-05-20,PRD_003_Keyboards,South,200,45,13,686,242,130,OVERSTOCK_WARNING
2025-05-20,PRD_003_Keyboards,East,161,45,13,659,195,104,OVERSTOCK_WARNING
2025-05-20,PRD_003_Keyboards,West,162,45,4,275,196,32,OVERSTOCK_WARNING
2025-05-20,PRD_004_Processors,North,152,400,4,684,184,30,OVERSTOCK_WARNING
2025-05-20,PRD_004_Processors,South,61,400,4,251,74,12,OVERSTOCK_WARNING
2025-05-20,PRD_004_Processors,East,166,400,8,505,201,66,OVERSTOCK_WARNING
2025-05-20,PRD_004_Processors,West,64,400,9,264,77,28,OVERSTOCK_WARNING
2025-05-21,PRD_001_Laptops,North,124,850,9,842,150,55,OVERSTOCK_WARNING
2025-05-21,PRD_001_Laptops,South,183,850,9,491,222,82,OVERSTOCK_WARNING
2025-05-21,PRD_001_Laptops,East,218,850,9,512,264,98,OVERSTOCK_WARNING
2025-05-21,PRD_001_Laptops,West,48,850,12,508,58,28,OVERSTOCK_WARNING
2025-05-21,PRD_002_Monitors,North,189,320,7,806,229,66,OVERSTOCK_WARNING
2025-05-21,PRD_002_Monitors,South,81,320,7,559,98,28,OVERSTOCK_WARNING
2025-05-21,PRD_002_Monitors,East,113,320,13,886,137,73,OVERSTOCK_WARNING
2025-05-21,PRD_002_Monitors,West,161,320,9,1004,195,72,OVERSTOCK_WARNING
2025-05-21,PRD_003_Keyboards,North,162,45,5,418,196,40,OVERSTOCK_WARNING
2025-05-21,PRD_003_Keyboards,South,49,45,5,597,59,12,OVERSTOCK_WARNING
2025-05-21,PRD_003_Keyboards,East,179,45,8,668,217,71,OVERSTOCK_WARNING
2025-05-21,PRD_003_Keyboards,West,132,45,5,146,160,33,OPTIMAL
2025-05-21,PRD_004_Processors,North,175,400,10,1094,212,87,OVERSTOCK_WARNING
2025-05-21,PRD_004_Processors,South,161,400,6,254,195,48,OVERSTOCK_WARNING
2025-05-21,PRD_004_Processors,East,171,400,5,676,207,42,OVERSTOCK_WARNING
2025-05-21,PRD_004_Processors,West,84,400,10,934,102,42,OVERSTOCK_WARNING
2025-05-22,PRD_001_Laptops,North,55,850,5,575,66,13,OVERSTOCK_WARNING
2025-05-22,PRD_001_Laptops,South,48,850,7,1096,58,16,OVERSTOCK_WARNING
2025-05-22,PRD_001_Laptops,East,110,850,9,693,133,49,OVERSTOCK_WARNING
2025-05-22,PRD_001_Laptops,West,208,850,8,487,252,83,OVERSTOCK_WARNING
2025-05-22,PRD_002_Monitors,North,152,320,7,507,184,53,OVERSTOCK_WARNING
2025-05-22,PRD_002_Monitors,South,40,320,12,570,48,24,OVERSTOCK_WARNING
2025-05-22,PRD_002_Monitors,East,149,320,10,1031,181,74,OVERSTOCK_WARNING
2025-05-22,PRD_002_Monitors,West,152,320,11,385,184,83,OVERSTOCK_WARNING
2025-05-22,PRD_003_Keyboards,North,51,45,11,544,61,28,OVERSTOCK_WARNING
2025-05-22,PRD_003_Keyboards,South,193,45,11,499,234,106,OVERSTOCK_WARNING
2025-05-22,PRD_003_Keyboards,East,160,45,9,250,194,72,OPTIMAL
2025-05-22,PRD_003_Keyboards,West,173,45,7,506,210,60,OVERSTOCK_WARNING
2025-05-22,PRD_004_Processors,North,64,400,4,269,77,12,OVERSTOCK_WARNING
2025-05-22,PRD_004_Processors,South,180,400,13,925,218,117,OVERSTOCK_WARNING
2025-05-22,PRD_004_Processors,East,67,400,4,394,81,13,OVERSTOCK_WARNING
2025-05-22,PRD_004_Processors,West,102,400,11,171,123,56,OPTIMAL
2025-05-23,PRD_001_Laptops,North,218,850,10,234,264,109,OPTIMAL
2025-05-23,PRD_001_Laptops,South,199,850,11,311,241,109,OPTIMAL
2025-05-23,PRD_001_Laptops,East,107,850,11,1073,129,58,OVERSTOCK_WARNING
2025-05-23,PRD_001_Laptops,West,106,850,12,983,128,63,OVERSTOCK_WARNING
2025-05-23,PRD_002_Monitors,North,45,320,10,511,54,22,OVERSTOCK_WARNING
2025-05-23,PRD_002_Monitors,South,133,320,7,616,161,46,OVERSTOCK_WARNING
2025-05-23,PRD_002_Monitors,East,187,320,8,929,227,74,OVERSTOCK_WARNING
2025-05-23,PRD_002_Monitors,West,150,320,4,145,182,30,OVERSTOCK_WARNING
2025-05-23,PRD_003_Keyboards,North,84,45,4,254,102,16,OVERSTOCK_WARNING
2025-05-23,PRD_003_Keyboards,South,102,45,4,190,123,20,OVERSTOCK_WARNING
2025-05-23,PRD_003_Keyboards,East,186,45,5,1078,225,46,OVERSTOCK_WARNING
2025-05-23,PRD_003_Keyboards,West,92,45,12,829,111,55,OVERSTOCK_WARNING
2025-05-23,PRD_004_Processors,North,53,400,8,636,64,21,OVERSTOCK_WARNING
2025-05-23,PRD_004_Processors,South,211,400,10,312,256,105,OPTIMAL
2025-05-23,PRD_004_Processors,East,90,400,13,966,109,58,OVERSTOCK_WARNING
2025-05-23,PRD_004_Processors,West,190,400,10,581,230,95,OVERSTOCK_WARNING
2025-05-24,PRD_001_Laptops,North,58,850,4,155,70,11,OVERSTOCK_WARNING
2025-05-24,PRD_001_Laptops,South,131,850,13,368,159,85,OPTIMAL
2025-05-24,PRD_001_Laptops,East,186,850,13,771,225,120,OVERSTOCK_WARNING
2025-05-24,PRD_001_Laptops,West,165,850,3,116,200,24,OVERSTOCK_WARNING
2025-05-24,PRD_002_Monitors,North,193,320,5,689,234,48,OVERSTOCK_WARNING
2025-05-24,PRD_002_Monitors,South,166,320,5,247,201,41,OVERSTOCK_WARNING
2025-05-24,PRD_002_Monitors,East,119,320,8,924,144,47,OVERSTOCK_WARNING
2025-05-24,PRD_002_Monitors,West,165,320,9,1099,200,74,OVERSTOCK_WARNING
2025-05-24,PRD_003_Keyboards,North,93,45,8,607,112,37,OVERSTOCK_WARNING
2025-05-24,PRD_003_Keyboards,South,67,45,5,523,81,16,OVERSTOCK_WARNING
2025-05-24,PRD_003_Keyboards,East,212,45,10,315,257,105,OPTIMAL
2025-05-24,PRD_003_Keyboards,West,124,45,12,823,150,74,OVERSTOCK_WARNING
2025-05-24,PRD_004_Processors,North,124,400,11,568,150,68,OVERSTOCK_WARNING
2025-05-24,PRD_004_Processors,South,104,400,8,742,126,41,OVERSTOCK_WARNING
2025-05-24,PRD_004_Processors,East,154,400,9,1018,187,69,OVERSTOCK_WARNING
2025-05-24,PRD_004_Processors,West,146,400,9,431,177,65,OVERSTOCK_WARNING
2025-05-25,PRD_001_Laptops,North,197,850,13,737,239,128,OVERSTOCK_WARNING
2025-05-25,PRD_001_Laptops,South,126,850,3,996,153,18,OVERSTOCK_WARNING
2025-05-25,PRD_001_Laptops,East,96,850,9,998,116,43,OVERSTOCK_WARNING
2025-05-25,PRD_001_Laptops,West,130,850,4,167,157,26,OVERSTOCK_WARNING
2025-05-25,PRD_002_Monitors,North,154,320,10,514,187,77,OVERSTOCK_WARNING
2025-05-25,PRD_002_Monitors,South,209,320,9,129,253,94,OPTIMAL
2025-05-25,PRD_002_Monitors,East,215,320,6,426,261,64,OVERSTOCK_WARNING
2025-05-25,PRD_002_Monitors,West,173,320,13,728,210,112,OVERSTOCK_WARNING
2025-05-25,PRD_003_Keyboards,North,148,45,11,878,179,81,OVERSTOCK_WARNING
2025-05-25,PRD_003_Keyboards,South,60,45,12,375,72,36,OVERSTOCK_WARNING
2025-05-25,PRD_003_Keyboards,East,151,45,3,422,183,22,OVERSTOCK_WARNING
2025-05-25,PRD_003_Keyboards,West,187,45,7,837,227,65,OVERSTOCK_WARNING
2025-05-25,PRD_004_Processors,North,156,400,3,107,189,23,OVERSTOCK_WARNING
2025-05-25,PRD_004_Processors,South,208,400,4,616,252,41,OVERSTOCK_WARNING
2025-05-25,PRD_004_Processors,East,97,400,4,376,117,19,OVERSTOCK_WARNING
2025-05-25,PRD_004_Processors,West,173,400,13,328,210,112,OPTIMAL
2025-05-26,PRD_001_Laptops,North,77,850,8,1020,93,30,OVERSTOCK_WARNING
2025-05-26,PRD_001_Laptops,South,114,850,4,247,138,22,OVERSTOCK_WARNING
2025-05-26,PRD_001_Laptops,East,42,850,9,964,51,18,OVERSTOCK_WARNING
2025-05-26,PRD_001_Laptops,West,138,850,3,743,167,20,OVERSTOCK_WARNING
2025-05-26,PRD_002_Monitors,North,58,320,4,1039,70,11,OVERSTOCK_WARNING
2025-05-26,PRD_002_Monitors,South,155,320,10,828,188,77,OVERSTOCK_WARNING
2025-05-26,PRD_002_Monitors,East,74,320,3,1075,89,11,OVERSTOCK_WARNING
2025-05-26,PRD_002_Monitors,West,192,320,3,587,233,28,OVERSTOCK_WARNING
2025-05-26,PRD_003_Keyboards,North,165,45,13,561,200,107,OVERSTOCK_WARNING
2025-05-26,PRD_003_Keyboards,South,128,45,4,300,155,25,OVERSTOCK_WARNING
2025-05-26,PRD_003_Keyboards,East,186,45,9,802,225,83,OVERSTOCK_WARNING
2025-05-26,PRD_003_Keyboards,West,64,45,8,578,77,25,OVERSTOCK_WARNING
2025-05-26,PRD_004_Processors,North,112,400,3,121,136,16,OVERSTOCK_WARNING
2025-05-26,PRD_004_Processors,South,186,400,3,1009,225,27,OVERSTOCK_WARNING
2025-05-26,PRD_004_Processors,East,119,400,10,518,144,59,OVERSTOCK_WARNING
2025-05-26,PRD_004_Processors,West,185,400,4,424,224,37,OVERSTOCK_WARNING
2025-05-27,PRD_001_Laptops,North,164,850,8,100,199,65,OPTIMAL
2025-05-27,PRD_001_Laptops,South,161,850,8,943,195,64,OVERSTOCK_WARNING
2025-05-27,PRD_001_Laptops,East,144,850,13,630,174,93,OVERSTOCK_WARNING
2025-05-27,PRD_001_Laptops,West,70,850,12,89,85,42,OPTIMAL
2025-05-27,PRD_002_Monitors,North,69,320,11,835,83,37,OVERSTOCK_WARNING
2025-05-27,PRD_002_Monitors,South,57,320,10,835,69,28,OVERSTOCK_WARNING
2025-05-27,PRD_002_Monitors,East,164,320,11,558,199,90,OVERSTOCK_WARNING
2025-05-27,PRD_002_Monitors,West,54,320,6,270,65,16,OVERSTOCK_WARNING
2025-05-27,PRD_003_Keyboards,North,207,45,11,700,251,113,OVERSTOCK_WARNING
2025-05-27,PRD_003_Keyboards,South,176,45,12,467,213,105,OPTIMAL
2025-05-27,PRD_003_Keyboards,East,55,45,5,968,66,13,OVERSTOCK_WARNING
2025-05-27,PRD_003_Keyboards,West,91,45,7,326,110,31,OVERSTOCK_WARNING
2025-05-27,PRD_004_Processors,North,44,400,6,158,53,13,OVERSTOCK_WARNING
2025-05-27,PRD_004_Processors,South,185,400,4,684,224,37,OVERSTOCK_WARNING
2025-05-27,PRD_004_Processors,East,52,400,6,1017,63,15,OVERSTOCK_WARNING
2025-05-27,PRD_004_Processors,West,148,400,12,268,179,88,OPTIMAL
2025-05-28,PRD_001_Laptops,North,134,850,11,87,162,73,OPTIMAL
2025-05-28,PRD_001_Laptops,South,106,850,11,1069,128,58,OVERSTOCK_WARNING
2025-05-28,PRD_001_Laptops,East,156,850,13,690,189,101,OVERSTOCK_WARNING
2025-05-28,PRD_001_Laptops,West,81,850,6,455,98,24,OVERSTOCK_WARNING
2025-05-28,PRD_002_Monitors,North,180,320,7,153,218,63,OPTIMAL
2025-05-28,PRD_002_Monitors,South,112,320,6,278,136,33,OVERSTOCK_WARNING
2025-05-28,PRD_002_Monitors,East,169,320,8,903,205,67,OVERSTOCK_WARNING
2025-05-28,PRD_002_Monitors,West,99,320,9,694,120,44,OVERSTOCK_WARNING
2025-05-28,PRD_003_Keyboards,North,79,45,9,932,95,35,OVERSTOCK_WARNING
2025-05-28,PRD_003_Keyboards,South,190,45,12,258,230,114,OPTIMAL
2025-05-28,PRD_003_Keyboards,East,128,45,4,867,155,25,OVERSTOCK_WARNING
2025-05-28,PRD_003_Keyboards,West,169,45,11,92,205,92,OPTIMAL
2025-05-28,PRD_004_Processors,North,161,400,9,811,195,72,OVERSTOCK_WARNING
2025-05-28,PRD_004_Processors,South,145,400,9,661,176,65,OVERSTOCK_WARNING
2025-05-28,PRD_004_Processors,East,138,400,4,666,167,27,OVERSTOCK_WARNING
2025-05-28,PRD_004_Processors,West,157,400,6,271,190,47,OVERSTOCK_WARNING
2025-05-29,PRD_001_Laptops,North,108,850,5,805,131,27,OVERSTOCK_WARNING
2025-05-29,PRD_001_Laptops,South,98,850,5,973,119,24,OVERSTOCK_WARNING
2025-05-29,PRD_001_Laptops,East,150,850,10,440,182,75,OVERSTOCK_WARNING
2025-05-29,PRD_001_Laptops,West,107,850,11,571,129,58,OVERSTOCK_WARNING
2025-05-29,PRD_002_Monitors,North,74,320,9,349,89,33,OVERSTOCK_WARNING
2025-05-29,PRD_002_Monitors,South,216,320,5,949,262,54,OVERSTOCK_WARNING
2025-05-29,PRD_002_Monitors,East,139,320,9,621,168,62,OVERSTOCK_WARNING
2025-05-29,PRD_002_Monitors,West,88,320,11,223,106,48,OVERSTOCK_WARNING
2025-05-29,PRD_003_Keyboards,North,150,45,8,311,182,60,OVERSTOCK_WARNING
2025-05-29,PRD_003_Keyboards,South,218,45,10,801,264,109,OVERSTOCK_WARNING
2025-05-29,PRD_003_Keyboards,East,119,45,6,674,144,35,OVERSTOCK_WARNING
2025-05-29,PRD_003_Keyboards,West,81,45,3,782,98,12,OVERSTOCK_WARNING
2025-05-29,PRD_004_Processors,North,212,400,9,234,257,95,OPTIMAL
2025-05-29,PRD_004_Processors,South,49,400,4,627,59,9,OVERSTOCK_WARNING
2025-05-29,PRD_004_Processors,East,192,400,8,999,233,76,OVERSTOCK_WARNING
2025-05-29,PRD_004_Processors,West,185,400,9,213,224,83,OPTIMAL
2025-05-30,PRD_001_Laptops,North,68,850,11,518,82,37,OVERSTOCK_WARNING
2025-05-30,PRD_001_Laptops,South,120,850,10,410,145,60,OVERSTOCK_WARNING
2025-05-30,PRD_001_Laptops,East,65,850,5,973,78,16,OVERSTOCK_WARNING
2025-05-30,PRD_001_Laptops,West,67,850,5,154,81,16,OVERSTOCK_WARNING
2025-05-30,PRD_002_Monitors,North,205,320,5,681,249,51,OVERSTOCK_WARNING
2025-05-30,PRD_002_Monitors,South,215,320,7,645,261,75,OVERSTOCK_WARNING
2025-05-30,PRD_002_Monitors,East,142,320,13,407,172,92,OPTIMAL
2025-05-30,PRD_002_Monitors,West,218,320,6,191,264,65,OPTIMAL
2025-05-30,PRD_003_Keyboards,North,98,45,9,984,119,44,OVERSTOCK_WARNING
2025-05-30,PRD_003_Keyboards,South,148,45,3,748,179,22,OVERSTOCK_WARNING
2025-05-30,PRD_003_Keyboards,East,95,45,8,787,115,38,OVERSTOCK_WARNING
2025-05-30,PRD_003_Keyboards,West,74,45,13,466,89,48,OVERSTOCK_WARNING
2025-05-30,PRD_004_Processors,North,143,400,9,362,173,64,OVERSTOCK_WARNING
2025-05-30,PRD_004_Processors,South,40,400,13,543,48,26,OVERSTOCK_WARNING
2025-05-30,PRD_004_Processors,East,211,400,9,632,256,94,OVERSTOCK_WARNING
2025-05-30,PRD_004_Processors,West,162,400,13,377,196,105,OPTIMAL
2025-05-31,PRD_001_Laptops,North,156,850,3,769,189,23,OVERSTOCK_WARNING
2025-05-31,PRD_001_Laptops,South,102,850,6,244,123,30,OVERSTOCK_WARNING
2025-05-31,PRD_001_Laptops,East,166,850,3,818,201,24,OVERSTOCK_WARNING
2025-05-31,PRD_001_Laptops,West,215,850,7,639,261,75,OVERSTOCK_WARNING
2025-05-31,PRD_002_Monitors,North,42,320,6,766,51,12,OVERSTOCK_WARNING
2025-05-31,PRD_002_Monitors,South,138,320,6,349,167,41,OVERSTOCK_WARNING
2025-05-31,PRD_002_Monitors,East,151,320,3,971,183,22,OVERSTOCK_WARNING
2025-05-31,PRD_002_Monitors,West,63,320,6,742,76,18,OVERSTOCK_WARNING
2025-05-31,PRD_003_Keyboards,North,121,45,4,581,146,24,OVERSTOCK_WARNING
2025-05-31,PRD_003_Keyboards,South,118,45,8,106,143,47,OPTIMAL
2025-05-31,PRD_003_Keyboards,East,54,45,4,883,65,10,OVERSTOCK_WARNING
2025-05-31,PRD_003_Keyboards,West,47,45,5,781,57,11,OVERSTOCK_WARNING
2025-05-31,PRD_004_Processors,North,86,400,11,945,104,47,OVERSTOCK_WARNING
2025-05-31,PRD_004_Processors,South,135,400,6,832,163,40,OVERSTOCK_WARNING
2025-05-31,PRD_004_Processors,East,52,400,3,625,63,7,OVERSTOCK_WARNING
2025-05-31,PRD_004_Processors,West,118,400,11,428,143,64,OVERSTOCK_WARNING
2025-06-01,PRD_001_Laptops,North,137,850,4,581,166,27,OVERSTOCK_WARNING
2025-06-01,PRD_001_Laptops,South,198,850,11,629,240,108,OVERSTOCK_WARNING
2025-06-01,PRD_001_Laptops,East,53,850,10,426,64,26,OVERSTOCK_WARNING
2025-06-01,PRD_001_Laptops,West,93,850,4,288,112,18,OVERSTOCK_WARNING
2025-06-01,PRD_002_Monitors,North,140,320,11,647,170,77,OVERSTOCK_WARNING
2025-06-01,PRD_002_Monitors,South,133,320,6,676,161,39,OVERSTOCK_WARNING
2025-06-01,PRD_002_Monitors,East,61,320,5,564,74,15,OVERSTOCK_WARNING
2025-06-01,PRD_002_Monitors,West,55,320,4,713,66,11,OVERSTOCK_WARNING
2025-06-01,PRD_003_Keyboards,North,167,45,3,1018,202,25,OVERSTOCK_WARNING
2025-06-01,PRD_003_Keyboards,South,56,45,12,582,68,33,OVERSTOCK_WARNING
2025-06-01,PRD_003_Keyboards,East,169,45,6,676,205,50,OVERSTOCK_WARNING
2025-06-01,PRD_003_Keyboards,West,206,45,4,941,250,41,OVERSTOCK_WARNING
2025-06-01,PRD_004_Processors,North,173,400,3,1078,210,25,OVERSTOCK_WARNING
2025-06-01,PRD_004_Processors,South,108,400,7,739,131,37,OVERSTOCK_WARNING
2025-06-01,PRD_004_Processors,East,55,400,5,696,66,13,OVERSTOCK_WARNING
2025-06-01,PRD_004_Processors,West,204,400,10,792,247,102,OVERSTOCK_WARNING
2025-06-02,PRD_001_Laptops,North,209,850,11,913,253,114,OVERSTOCK_WARNING
2025-06-02,PRD_001_Laptops,South,48,850,13,691,58,31,OVERSTOCK_WARNING
2025-06-02,PRD_001_Laptops,East,125,850,8,357,151,50,OVERSTOCK_WARNING
2025-06-02,PRD_001_Laptops,West,201,850,9,236,244,90,OPTIMAL
2025-06-02,PRD_002_Monitors,North,205,320,13,957,249,133,OVERSTOCK_WARNING
2025-06-02,PRD_002_Monitors,South,136,320,4,406,165,27,OVERSTOCK_WARNING
2025-06-02,PRD_002_Monitors,East,166,320,3,592,201,24,OVERSTOCK_WARNING
2025-06-02,PRD_002_Monitors,West,171,320,6,204,207,51,OPTIMAL
2025-06-02,PRD_003_Keyboards,North,121,45,13,762,146,78,OVERSTOCK_WARNING
2025-06-02,PRD_003_Keyboards,South,98,45,3,363,119,14,OVERSTOCK_WARNING
2025-06-02,PRD_003_Keyboards,East,145,45,11,518,176,79,OVERSTOCK_WARNING
2025-06-02,PRD_003_Keyboards,West,109,45,4,678,132,21,OVERSTOCK_WARNING
2025-06-02,PRD_004_Processors,North,153,400,12,551,185,91,OVERSTOCK_WARNING
2025-06-02,PRD_004_Processors,South,95,400,3,92,115,14,OVERSTOCK_WARNING
2025-06-02,PRD_004_Processors,East,57,400,8,1052,69,22,OVERSTOCK_WARNING
2025-06-02,PRD_004_Processors,West,152,400,7,250,184,53,OVERSTOCK_WARNING
2025-06-03,PRD_001_Laptops,North,78,850,12,1056,94,46,OVERSTOCK_WARNING
2025-06-03,PRD_001_Laptops,South,118,850,4,998,143,23,OVERSTOCK_WARNING
2025-06-03,PRD_001_Laptops,East,69,850,12,945,83,41,OVERSTOCK_WARNING
2025-06-03,PRD_001_Laptops,West,97,850,6,914,117,29,OVERSTOCK_WARNING
2025-06-03,PRD_002_Monitors,North,110,320,10,225,133,55,OPTIMAL
2025-06-03,PRD_002_Monitors,South,145,320,9,375,176,65,OVERSTOCK_WARNING
2025-06-03,PRD_002_Monitors,East,109,320,8,585,132,43,OVERSTOCK_WARNING
2025-06-03,PRD_002_Monitors,West,107,320,3,131,129,16,OVERSTOCK_WARNING
2025-06-03,PRD_003_Keyboards,North,153,45,13,876,185,99,OVERSTOCK_WARNING
2025-06-03,PRD_003_Keyboards,South,188,45,12,925,228,112,OVERSTOCK_WARNING
2025-06-03,PRD_003_Keyboards,East,48,45,13,510,58,31,OVERSTOCK_WARNING
2025-06-03,PRD_003_Keyboards,West,115,45,12,514,139,69,OVERSTOCK_WARNING
2025-06-03,PRD_004_Processors,North,218,400,8,207,264,87,OPTIMAL
2025-06-03,PRD_004_Processors,South,59,400,10,490,71,29,OVERSTOCK_WARNING
2025-06-03,PRD_004_Processors,East,205,400,10,144,249,102,OPTIMAL
2025-06-03,PRD_004_Processors,West,152,400,10,463,184,76,OVERSTOCK_WARNING
2025-06-04,PRD_001_Laptops,North,214,850,9,162,259,96,OPTIMAL
2025-06-04,PRD_001_Laptops,South,102,850,11,1030,123,56,OVERSTOCK_WARNING
2025-06-04,PRD_001_Laptops,East,99,850,5,653,120,24,OVERSTOCK_WARNING
2025-06-04,PRD_001_Laptops,West,69,850,8,538,83,27,OVERSTOCK_WARNING
2025-06-04,PRD_002_Monitors,North,165,320,5,504,200,41,OVERSTOCK_WARNING
2025-06-04,PRD_002_Monitors,South,81,320,4,1040,98,16,OVERSTOCK_WARNING
2025-06-04,PRD_002_Monitors,East,70,320,4,838,85,14,OVERSTOCK_WARNING
2025-06-04,PRD_002_Monitors,West,161,320,3,373,195,24,OVERSTOCK_WARNING
2025-06-04,PRD_003_Keyboards,North,181,45,9,1064,219,81,OVERSTOCK_WARNING
2025-06-04,PRD_003_Keyboards,South,149,45,10,357,181,74,OVERSTOCK_WARNING
2025-06-04,PRD_003_Keyboards,East,95,45,9,994,115,42,OVERSTOCK_WARNING
2025-06-04,PRD_003_Keyboards,West,96,45,4,882,116,19,OVERSTOCK_WARNING
2025-06-04,PRD_004_Processors,North,153,400,3,899,185,22,OVERSTOCK_WARNING
2025-06-04,PRD_004_Processors,South,124,400,8,1012,150,49,OVERSTOCK_WARNING
2025-06-04,PRD_004_Processors,East,104,400,5,976,126,26,OVERSTOCK_WARNING
2025-06-04,PRD_004_Processors,West,60,400,7,607,72,21,OVERSTOCK_WARNING
2025-06-05,PRD_001_Laptops,North,162,850,8,759,196,64,OVERSTOCK_WARNING
2025-06-05,PRD_001_Laptops,South,65,850,3,691,78,9,OVERSTOCK_WARNING
2025-06-05,PRD_001_Laptops,East,113,850,13,352,137,73,OVERSTOCK_WARNING
2025-06-05,PRD_001_Laptops,West,160,850,13,614,194,104,OVERSTOCK_WARNING
2025-06-05,PRD_002_Monitors,North,174,320,7,406,211,60,OVERSTOCK_WARNING
2025-06-05,PRD_002_Monitors,South,147,320,4,893,178,29,OVERSTOCK_WARNING
2025-06-05,PRD_002_Monitors,East,117,320,9,687,142,52,OVERSTOCK_WARNING
2025-06-05,PRD_002_Monitors,West,186,320,4,89,225,37,OPTIMAL
2025-06-05,PRD_003_Keyboards,North,217,45,3,564,263,32,OVERSTOCK_WARNING
2025-06-05,PRD_003_Keyboards,South,179,45,8,229,217,71,OPTIMAL
2025-06-05,PRD_003_Keyboards,East,71,45,11,419,86,39,OVERSTOCK_WARNING
2025-06-05,PRD_003_Keyboards,West,168,45,8,830,204,67,OVERSTOCK_WARNING
2025-06-05,PRD_004_Processors,North,97,400,8,290,117,38,OVERSTOCK_WARNING
2025-06-05,PRD_004_Processors,South,185,400,8,124,224,74,OPTIMAL
2025-06-05,PRD_004_Processors,East,136,400,9,614,165,61,OVERSTOCK_WARNING
2025-06-05,PRD_004_Processors,West,193,400,9,926,234,86,OVERSTOCK_WARNING
2025-06-06,PRD_001_Laptops,North,83,850,13,873,100,53,OVERSTOCK_WARNING
2025-06-06,PRD_001_Laptops,South,136,850,6,700,165,40,OVERSTOCK_WARNING
2025-06-06,PRD_001_Laptops,East,94,850,13,264,114,61,OPTIMAL
2025-06-06,PRD_001_Laptops,West,108,850,4,646,131,21,OVERSTOCK_WARNING
2025-06-06,PRD_002_Monitors,North,161,320,3,927,195,24,OVERSTOCK_WARNING
2025-06-06,PRD_002_Monitors,South,126,320,8,710,153,50,OVERSTOCK_WARNING
2025-06-06,PRD_002_Monitors,East,117,320,12,626,142,70,OVERSTOCK_WARNING
2025-06-06,PRD_002_Monitors,West,118,320,5,934,143,29,OVERSTOCK_WARNING
2025-06-06,PRD_003_Keyboards,North,196,45,4,688,238,39,OVERSTOCK_WARNING
2025-06-06,PRD_003_Keyboards,South,208,45,11,742,252,114,OVERSTOCK_WARNING
2025-06-06,PRD_003_Keyboards,East,110,45,5,393,133,27,OVERSTOCK_WARNING
2025-06-06,PRD_003_Keyboards,West,71,45,4,122,86,14,OVERSTOCK_WARNING
2025-06-06,PRD_004_Processors,North,174,400,11,80,211,95,CRITICAL_STOCKOUT_RISK
2025-06-06,PRD_004_Processors,South,100,400,6,815,121,30,OVERSTOCK_WARNING
2025-06-06,PRD_004_Processors,East,45,400,9,89,54,20,OPTIMAL
2025-06-06,PRD_004_Processors,West,110,400,12,305,133,66,OVERSTOCK_WARNING
2025-06-07,PRD_001_Laptops,North,197,850,6,996,239,59,OVERSTOCK_WARNING
2025-06-07,PRD_001_Laptops,South,165,850,3,176,200,24,OVERSTOCK_WARNING
2025-06-07,PRD_001_Laptops,East,113,850,5,270,137,28,OVERSTOCK_WARNING
2025-06-07,PRD_001_Laptops,West,209,850,5,1039,253,52,OVERSTOCK_WARNING
2025-06-07,PRD_002_Monitors,North,95,320,11,111,115,52,OPTIMAL
2025-06-07,PRD_002_Monitors,South,54,320,13,363,65,35,OVERSTOCK_WARNING
2025-06-07,PRD_002_Monitors,East,103,320,13,577,125,66,OVERSTOCK_WARNING
2025-06-07,PRD_002_Monitors,West,169,320,6,193,205,50,OPTIMAL
2025-06-07,PRD_003_Keyboards,North,52,45,11,294,63,28,OVERSTOCK_WARNING
2025-06-07,PRD_003_Keyboards,South,61,45,12,1072,74,36,OVERSTOCK_WARNING
2025-06-07,PRD_003_Keyboards,East,113,45,11,180,137,62,OPTIMAL
2025-06-07,PRD_003_Keyboards,West,215,45,13,196,261,139,OPTIMAL
2025-06-07,PRD_004_Processors,North,205,400,11,508,249,112,OVERSTOCK_WARNING
2025-06-07,PRD_004_Processors,South,127,400,10,445,154,63,OVERSTOCK_WARNING
2025-06-07,PRD_004_Processors,East,159,400,3,736,193,23,OVERSTOCK_WARNING
2025-06-07,PRD_004_Processors,West,96,400,4,431,116,19,OVERSTOCK_WARNING
2025-06-08,PRD_001_Laptops,North,160,850,10,728,194,80,OVERSTOCK_WARNING
2025-06-08,PRD_001_Laptops,South,107,850,3,352,129,16,OVERSTOCK_WARNING
2025-06-08,PRD_001_Laptops,East,156,850,4,447,189,31,OVERSTOCK_WARNING
2025-06-08,PRD_001_Laptops,West,133,850,10,1033,161,66,OVERSTOCK_WARNING
2025-06-08,PRD_002_Monitors,North,124,320,7,993,150,43,OVERSTOCK_WARNING
2025-06-08,PRD_002_Monitors,South,196,320,10,665,238,98,OVERSTOCK_WARNING
2025-06-08,PRD_002_Monitors,East,148,320,3,353,179,22,OVERSTOCK_WARNING
2025-06-08,PRD_002_Monitors,West,81,320,6,180,98,24,OVERSTOCK_WARNING
2025-06-08,PRD_003_Keyboards,North,84,45,4,608,102,16,OVERSTOCK_WARNING
2025-06-08,PRD_003_Keyboards,South,112,45,3,236,136,16,OVERSTOCK_WARNING
2025-06-08,PRD_003_Keyboards,East,171,45,4,1098,207,34,OVERSTOCK_WARNING
2025-06-08,PRD_003_Keyboards,West,187,45,10,967,227,93,OVERSTOCK_WARNING
2025-06-08,PRD_004_Processors,North,86,400,13,699,104,55,OVERSTOCK_WARNING
2025-06-08,PRD_004_Processors,South,48,400,13,862,58,31,OVERSTOCK_WARNING
2025-06-08,PRD_004_Processors,East,58,400,12,1027,70,34,OVERSTOCK_WARNING
2025-06-08,PRD_004_Processors,West,65,400,11,233,78,35,OVERSTOCK_WARNING
2025-06-09,PRD_001_Laptops,North,193,850,3,417,234,28,OVERSTOCK_WARNING
2025-06-09,PRD_001_Laptops,South,170,850,4,1072,206,34,OVERSTOCK_WARNING
2025-06-09,PRD_001_Laptops,East,81,850,5,352,98,20,OVERSTOCK_WARNING
2025-06-09,PRD_001_Laptops,West,200,850,3,775,242,30,OVERSTOCK_WARNING
2025-06-09,PRD_002_Monitors,North,102,320,5,954,123,25,OVERSTOCK_WARNING
2025-06-09,PRD_002_Monitors,South,88,320,9,745,106,39,OVERSTOCK_WARNING
2025-06-09,PRD_002_Monitors,East,138,320,10,387,167,69,OVERSTOCK_WARNING
2025-06-09,PRD_002_Monitors,West,139,320,7,709,168,48,OVERSTOCK_WARNING
2025-06-09,PRD_003_Keyboards,North,46,45,6,991,55,13,OVERSTOCK_WARNING
2025-06-09,PRD_003_Keyboards,South,191,45,8,909,232,76,OVERSTOCK_WARNING
2025-06-09,PRD_003_Keyboards,East,168,45,3,616,204,25,OVERSTOCK_WARNING
2025-06-09,PRD_003_Keyboards,West,49,45,8,543,59,19,OVERSTOCK_WARNING
2025-06-09,PRD_004_Processors,North,183,400,12,279,222,109,OPTIMAL
2025-06-09,PRD_004_Processors,South,196,400,9,939,238,88,OVERSTOCK_WARNING
2025-06-09,PRD_004_Processors,East,173,400,6,415,210,51,OVERSTOCK_WARNING
2025-06-09,PRD_004_Processors,West,110,400,11,413,133,60,OVERSTOCK_WARNING
2025-06-10,PRD_001_Laptops,North,82,850,12,169,99,49,OPTIMAL
2025-06-10,PRD_001_Laptops,South,117,850,9,240,142,52,OVERSTOCK_WARNING
2025-06-10,PRD_001_Laptops,East,65,850,11,380,78,35,OVERSTOCK_WARNING
2025-06-10,PRD_001_Laptops,West,102,850,5,515,123,25,OVERSTOCK_WARNING
2025-06-10,PRD_002_Monitors,North,107,320,12,538,129,64,OVERSTOCK_WARNING
2025-06-10,PRD_002_Monitors,South,41,320,3,219,49,6,OVERSTOCK_WARNING
2025-06-10,PRD_002_Monitors,East,83,320,3,860,100,12,OVERSTOCK_WARNING
2025-06-10,PRD_002_Monitors,West,117,320,10,973,142,58,OVERSTOCK_WARNING
2025-06-10,PRD_003_Keyboards,North,137,45,12,740,166,82,OVERSTOCK_WARNING
2025-06-10,PRD_003_Keyboards,South,195,45,6,1015,236,58,OVERSTOCK_WARNING
2025-06-10,PRD_003_Keyboards,East,105,45,12,536,127,63,OVERSTOCK_WARNING
2025-06-10,PRD_003_Keyboards,West,126,45,9,416,153,56,OVERSTOCK_WARNING
2025-06-10,PRD_004_Processors,North,87,400,4,675,105,17,OVERSTOCK_WARNING
2025-06-10,PRD_004_Processors,South,59,400,13,637,71,38,OVERSTOCK_WARNING
2025-06-10,PRD_004_Processors,East,170,400,9,347,206,76,OVERSTOCK_WARNING
2025-06-10,PRD_004_Processors,West,79,400,4,591,95,15,OVERSTOCK_WARNING
2025-06-11,PRD_001_Laptops,North,139,850,5,753,168,34,OVERSTOCK_WARNING
2025-06-11,PRD_001_Laptops,South,83,850,8,1052,100,33,OVERSTOCK_WARNING
2025-06-11,PRD_001_Laptops,East,139,850,8,97,168,55,OPTIMAL
2025-06-11,PRD_001_Laptops,West,51,850,6,202,61,15,OVERSTOCK_WARNING
2025-06-11,PRD_002_Monitors,North,156,320,5,1079,189,39,OVERSTOCK_WARNING
2025-06-11,PRD_002_Monitors,South,110,320,5,853,133,27,OVERSTOCK_WARNING
2025-06-11,PRD_002_Monitors,East,123,320,13,644,149,79,OVERSTOCK_WARNING
2025-06-11,PRD_002_Monitors,West,146,320,7,895,177,51,OVERSTOCK_WARNING
2025-06-11,PRD_003_Keyboards,North,174,45,13,148,211,113,OPTIMAL
2025-06-11,PRD_003_Keyboards,South,50,45,5,457,60,12,OVERSTOCK_WARNING
2025-06-11,PRD_003_Keyboards,East,108,45,9,772,131,48,OVERSTOCK_WARNING
2025-06-11,PRD_003_Keyboards,West,76,45,11,350,92,41,OVERSTOCK_WARNING
2025-06-11,PRD_004_Processors,North,170,400,8,608,206,68,OVERSTOCK_WARNING
2025-06-11,PRD_004_Processors,South,193,400,7,919,234,67,OVERSTOCK_WARNING
2025-06-11,PRD_004_Processors,East,188,400,11,346,228,103,OPTIMAL
2025-06-11,PRD_004_Processors,West,205,400,10,697,249,102,OVERSTOCK_WARNING
2025-06-12,PRD_001_Laptops,North,164,850,5,710,199,41,OVERSTOCK_WARNING
2025-06-12,PRD_001_Laptops,South,53,850,9,93,64,23,OPTIMAL
2025-06-12,PRD_001_Laptops,East,49,850,8,443,59,19,OVERSTOCK_WARNING
2025-06-12,PRD_001_Laptops,West,158,850,4,248,191,31,OVERSTOCK_WARNING
2025-06-12,PRD_002_Monitors,North,49,320,12,992,59,29,OVERSTOCK_WARNING
2025-06-12,PRD_002_Monitors,South,184,320,5,1037,223,46,OVERSTOCK_WARNING
2025-06-12,PRD_002_Monitors,East,154,320,3,859,187,23,OVERSTOCK_WARNING
2025-06-12,PRD_002_Monitors,West,142,320,6,1017,172,42,OVERSTOCK_WARNING
2025-06-12,PRD_003_Keyboards,North,180,45,4,185,218,36,OVERSTOCK_WARNING
2025-06-12,PRD_003_Keyboards,South,124,45,8,200,150,49,OPTIMAL
2025-06-12,PRD_003_Keyboards,East,171,45,4,276,207,34,OVERSTOCK_WARNING
2025-06-12,PRD_003_Keyboards,West,58,45,4,91,70,11,OVERSTOCK_WARNING
2025-06-12,PRD_004_Processors,North,120,400,12,945,145,72,OVERSTOCK_WARNING
2025-06-12,PRD_004_Processors,South,45,400,10,716,54,22,OVERSTOCK_WARNING
2025-06-12,PRD_004_Processors,East,90,400,13,526,109,58,OVERSTOCK_WARNING
2025-06-12,PRD_004_Processors,West,166,400,11,81,201,91,CRITICAL_STOCKOUT_RISK
2025-06-13,PRD_001_Laptops,North,47,850,12,730,57,28,OVERSTOCK_WARNING
2025-06-13,PRD_001_Laptops,South,163,850,7,819,198,57,OVERSTOCK_WARNING
2025-06-13,PRD_001_Laptops,East,49,850,7,291,59,17,OVERSTOCK_WARNING
2025-06-13,PRD_001_Laptops,West,151,850,10,883,183,75,OVERSTOCK_WARNING
2025-06-13,PRD_002_Monitors,North,145,320,8,833,176,58,OVERSTOCK_WARNING
2025-06-13,PRD_002_Monitors,South,125,320,7,315,151,43,OVERSTOCK_WARNING
2025-06-13,PRD_002_Monitors,East,89,320,9,99,108,40,OPTIMAL
2025-06-13,PRD_002_Monitors,West,126,320,9,984,153,56,OVERSTOCK_WARNING
2025-06-13,PRD_003_Keyboards,North,168,45,12,501,204,100,OVERSTOCK_WARNING
2025-06-13,PRD_003_Keyboards,South,77,45,8,780,93,30,OVERSTOCK_WARNING
2025-06-13,PRD_003_Keyboards,East,83,45,8,635,100,33,OVERSTOCK_WARNING
2025-06-13,PRD_003_Keyboards,West,113,45,9,525,137,50,OVERSTOCK_WARNING
2025-06-13,PRD_004_Processors,North,161,400,8,736,195,64,OVERSTOCK_WARNING
2025-06-13,PRD_004_Processors,South,90,400,4,373,109,18,OVERSTOCK_WARNING
2025-06-13,PRD_004_Processors,East,191,400,5,345,232,47,OVERSTOCK_WARNING
2025-06-13,PRD_004_Processors,West,159,400,10,996,193,79,OVERSTOCK_WARNING
2025-06-14,PRD_001_Laptops,North,109,850,7,136,132,38,OPTIMAL
2025-06-14,PRD_001_Laptops,South,165,850,9,1063,200,74,OVERSTOCK_WARNING
2025-06-14,PRD_001_Laptops,East,72,850,13,97,87,46,OPTIMAL
2025-06-14,PRD_001_Laptops,West,96,850,6,431,116,28,OVERSTOCK_WARNING
2025-06-14,PRD_002_Monitors,North,87,320,12,362,105,52,OVERSTOCK_WARNING
2025-06-14,PRD_002_Monitors,South,113,320,11,259,137,62,OPTIMAL
2025-06-14,PRD_002_Monitors,East,209,320,12,873,253,125,OVERSTOCK_WARNING
2025-06-14,PRD_002_Monitors,West,64,320,13,870,77,41,OVERSTOCK_WARNING
2025-06-14,PRD_003_Keyboards,North,96,45,6,311,116,28,OVERSTOCK_WARNING
2025-06-14,PRD_003_Keyboards,South,165,45,9,556,200,74,OVERSTOCK_WARNING
2025-06-14,PRD_003_Keyboards,East,70,45,9,311,85,31,OVERSTOCK_WARNING
2025-06-14,PRD_003_Keyboards,West,72,45,7,337,87,25,OVERSTOCK_WARNING
2025-06-14,PRD_004_Processors,North,57,400,3,308,69,8,OVERSTOCK_WARNING
2025-06-14,PRD_004_Processors,South,123,400,5,514,149,30,OVERSTOCK_WARNING
2025-06-14,PRD_004_Processors,East,153,400,8,481,185,61,OVERSTOCK_WARNING
2025-06-14,PRD_004_Processors,West,149,400,10,663,181,74,OVERSTOCK_WARNING
2025-06-15,PRD_001_Laptops,North,164,850,7,985,199,57,OVERSTOCK_WARNING
2025-06-15,PRD_001_Laptops,South,126,850,6,256,153,37,OVERSTOCK_WARNING
2025-06-15,PRD_001_Laptops,East,178,850,4,265,216,35,OVERSTOCK_WARNING
2025-06-15,PRD_001_Laptops,West,203,850,3,1022,246,30,OVERSTOCK_WARNING
2025-06-15,PRD_002_Monitors,North,52,320,10,680,63,26,OVERSTOCK_WARNING
2025-06-15,PRD_002_Monitors,South,107,320,12,994,129,64,OVERSTOCK_WARNING
2025-06-15,PRD_002_Monitors,East,133,320,5,1033,161,33,OVERSTOCK_WARNING
2025-06-15,PRD_002_Monitors,West,62,320,13,389,75,40,OVERSTOCK_WARNING
2025-06-15,PRD_003_Keyboards,North,104,45,10,625,126,52,OVERSTOCK_WARNING
2025-06-15,PRD_003_Keyboards,South,92,45,11,983,111,50,OVERSTOCK_WARNING
2025-06-15,PRD_003_Keyboards,East,57,45,11,191,69,31,OVERSTOCK_WARNING
2025-06-15,PRD_003_Keyboards,West,44,45,12,493,53,26,OVERSTOCK_WARNING
2025-06-15,PRD_004_Processors,North,52,400,5,876,63,13,OVERSTOCK_WARNING
2025-06-15,PRD_004_Processors,South,42,400,12,695,51,25,OVERSTOCK_WARNING
2025-06-15,PRD_004_Processors,East,162,400,12,329,196,97,OPTIMAL
2025-06-15,PRD_004_Processors,West,115,400,4,1050,139,23,OVERSTOCK_WARNING
2025-06-16,PRD_001_Laptops,North,147,850,4,668,178,29,OVERSTOCK_WARNING
2025-06-16,PRD_001_Laptops,South,41,850,7,982,49,14,OVERSTOCK_WARNING
2025-06-16,PRD_001_Laptops,East,65,850,12,167,78,39,OPTIMAL
2025-06-16,PRD_001_Laptops,West,55,850,9,1015,66,24,OVERSTOCK_WARNING
2025-06-16,PRD_002_Monitors,North,112,320,7,476,136,39,OVERSTOCK_WARNING
2025-06-16,PRD_002_Monitors,South,44,320,13,409,53,28,OVERSTOCK_WARNING
2025-06-16,PRD_002_Monitors,East,91,320,11,772,110,50,OVERSTOCK_WARNING
2025-06-16,PRD_002_Monitors,West,149,320,4,734,181,29,OVERSTOCK_WARNING
2025-06-16,PRD_003_Keyboards,North,145,45,10,718,176,72,OVERSTOCK_WARNING
2025-06-16,PRD_003_Keyboards,South,46,45,10,1003,55,23,OVERSTOCK_WARNING
2025-06-16,PRD_003_Keyboards,East,199,45,5,334,241,49,OVERSTOCK_WARNING
2025-06-16,PRD_003_Keyboards,West,182,45,6,932,221,54,OVERSTOCK_WARNING
2025-06-16,PRD_004_Processors,North,104,400,6,90,126,31,OPTIMAL
2025-06-16,PRD_004_Processors,South,147,400,12,1036,178,88,OVERSTOCK_WARNING
2025-06-16,PRD_004_Processors,East,204,400,9,300,247,91,OPTIMAL
2025-06-16,PRD_004_Processors,West,124,400,3,298,150,18,OVERSTOCK_WARNING
2025-06-17,PRD_001_Laptops,North,207,850,9,714,251,93,OVERSTOCK_WARNING
2025-06-17,PRD_001_Laptops,South,183,850,6,695,222,54,OVERSTOCK_WARNING
2025-06-17,PRD_001_Laptops,East,119,850,7,953,144,41,OVERSTOCK_WARNING
2025-06-17,PRD_001_Laptops,West,192,850,12,436,233,115,OPTIMAL
2025-06-17,PRD_002_Monitors,North,136,320,11,603,165,74,OVERSTOCK_WARNING
2025-06-17,PRD_002_Monitors,South,108,320,8,835,131,43,OVERSTOCK_WARNING
2025-06-17,PRD_002_Monitors,East,67,320,10,178,81,33,OVERSTOCK_WARNING
2025-06-17,PRD_002_Monitors,West,149,320,4,924,181,29,OVERSTOCK_WARNING
2025-06-17,PRD_003_Keyboards,North,142,45,12,444,172,85,OVERSTOCK_WARNING
2025-06-17,PRD_003_Keyboards,South,151,45,12,669,183,90,OVERSTOCK_WARNING
2025-06-17,PRD_003_Keyboards,East,114,45,12,501,138,68,OVERSTOCK_WARNING
2025-06-17,PRD_003_Keyboards,West,107,45,7,624,129,37,OVERSTOCK_WARNING
2025-06-17,PRD_004_Processors,North,110,400,10,184,133,55,OPTIMAL
2025-06-17,PRD_004_Processors,South,140,400,5,665,170,35,OVERSTOCK_WARNING
2025-06-17,PRD_004_Processors,East,210,400,11,734,255,115,OVERSTOCK_WARNING
2025-06-17,PRD_004_Processors,West,205,400,7,300,249,71,OPTIMAL
2025-06-18,PRD_001_Laptops,North,122,850,8,386,148,48,OVERSTOCK_WARNING
2025-06-18,PRD_001_Laptops,South,49,850,8,83,59,19,OPTIMAL
2025-06-18,PRD_001_Laptops,East,134,850,4,927,162,26,OVERSTOCK_WARNING
2025-06-18,PRD_001_Laptops,West,75,850,11,294,91,41,OVERSTOCK_WARNING
2025-06-18,PRD_002_Monitors,North,137,320,6,180,166,41,OPTIMAL
2025-06-18,PRD_002_Monitors,South,48,320,7,737,58,16,OVERSTOCK_WARNING
2025-06-18,PRD_002_Monitors,East,210,320,5,589,255,52,OVERSTOCK_WARNING
2025-06-18,PRD_002_Monitors,West,102,320,11,1094,123,56,OVERSTOCK_WARNING
2025-06-18,PRD_003_Keyboards,North,144,45,6,940,174,43,OVERSTOCK_WARNING
2025-06-18,PRD_003_Keyboards,South,208,45,4,286,252,41,OVERSTOCK_WARNING
2025-06-18,PRD_003_Keyboards,East,67,45,12,415,81,40,OVERSTOCK_WARNING
2025-06-18,PRD_003_Keyboards,West,115,45,6,148,139,34,OPTIMAL
2025-06-18,PRD_004_Processors,North,137,400,12,592,166,82,OVERSTOCK_WARNING
2025-06-18,PRD_004_Processors,South,206,400,12,864,250,123,OVERSTOCK_WARNING
2025-06-18,PRD_004_Processors,East,151,400,13,938,183,98,OVERSTOCK_WARNING
2025-06-18,PRD_004_Processors,West,127,400,5,765,154,31,OVERSTOCK_WARNING
2025-06-19,PRD_001_Laptops,North,209,850,8,1014,253,83,OVERSTOCK_WARNING
2025-06-19,PRD_001_Laptops,South,129,850,3,525,156,19,OVERSTOCK_WARNING
2025-06-19,PRD_001_Laptops,East,77,850,9,229,93,34,OVERSTOCK_WARNING
2025-06-19,PRD_001_Laptops,West,171,850,3,138,207,25,OVERSTOCK_WARNING
2025-06-19,PRD_002_Monitors,North,107,320,9,294,129,48,OVERSTOCK_WARNING
2025-06-19,PRD_002_Monitors,South,169,320,3,551,205,25,OVERSTOCK_WARNING
2025-06-19,PRD_002_Monitors,East,165,320,10,639,200,82,OVERSTOCK_WARNING
2025-06-19,PRD_002_Monitors,West,90,320,13,689,109,58,OVERSTOCK_WARNING
2025-06-19,PRD_003_Keyboards,North,216,45,12,159,262,129,OPTIMAL
2025-06-19,PRD_003_Keyboards,South,150,45,13,531,182,97,OVERSTOCK_WARNING
2025-06-19,PRD_003_Keyboards,East,197,45,6,786,239,59,OVERSTOCK_WARNING
2025-06-19,PRD_003_Keyboards,West,152,45,8,193,184,60,OPTIMAL
2025-06-19,PRD_004_Processors,North,163,400,3,667,198,24,OVERSTOCK_WARNING
2025-06-19,PRD_004_Processors,South,94,400,7,903,114,32,OVERSTOCK_WARNING
2025-06-19,PRD_004_Processors,East,134,400,12,934,162,80,OVERSTOCK_WARNING
2025-06-19,PRD_004_Processors,West,123,400,9,747,149,55,OVERSTOCK_WARNING
2025-06-20,PRD_001_Laptops,North,55,850,7,996,66,19,OVERSTOCK_WARNING
2025-06-20,PRD_001_Laptops,South,184,850,4,116,223,36,OPTIMAL
2025-06-20,PRD_001_Laptops,East,116,850,5,493,140,29,OVERSTOCK_WARNING
2025-06-20,PRD_001_Laptops,West,84,850,4,285,102,16,OVERSTOCK_WARNING
2025-06-20,PRD_002_Monitors,North,101,320,6,947,122,30,OVERSTOCK_WARNING
2025-06-20,PRD_002_Monitors,South,91,320,5,444,110,22,OVERSTOCK_WARNING
2025-06-20,PRD_002_Monitors,East,83,320,9,840,100,37,OVERSTOCK_WARNING
2025-06-20,PRD_002_Monitors,West,211,320,7,659,256,73,OVERSTOCK_WARNING
2025-06-20,PRD_003_Keyboards,North,73,45,4,404,88,14,OVERSTOCK_WARNING
2025-06-20,PRD_003_Keyboards,South,94,45,12,1071,114,56,OVERSTOCK_WARNING
2025-06-20,PRD_003_Keyboards,East,81,45,11,1052,98,44,OVERSTOCK_WARNING
2025-06-20,PRD_003_Keyboards,West,161,45,12,601,195,96,OVERSTOCK_WARNING
2025-06-20,PRD_004_Processors,North,141,400,13,523,171,91,OVERSTOCK_WARNING
2025-06-20,PRD_004_Processors,South,167,400,5,484,202,41,OVERSTOCK_WARNING
2025-06-20,PRD_004_Processors,East,175,400,3,683,212,26,OVERSTOCK_WARNING
2025-06-20,PRD_004_Processors,West,152,400,9,157,184,68,OPTIMAL
2025-06-21,PRD_001_Laptops,North,124,850,7,128,150,43,OPTIMAL
2025-06-21,PRD_001_Laptops,South,48,850,3,148,58,7,OVERSTOCK_WARNING
2025-06-21,PRD_001_Laptops,East,97,850,11,653,117,53,OVERSTOCK_WARNING
2025-06-21,PRD_001_Laptops,West,91,850,10,757,110,45,OVERSTOCK_WARNING
2025-06-21,PRD_002_Monitors,North,210,320,5,563,255,52,OVERSTOCK_WARNING
2025-06-21,PRD_002_Monitors,South,89,320,3,732,108,13,OVERSTOCK_WARNING
2025-06-21,PRD_002_Monitors,East,117,320,10,688,142,58,OVERSTOCK_WARNING
2025-06-21,PRD_002_Monitors,West,82,320,3,883,99,12,OVERSTOCK_WARNING
2025-06-21,PRD_003_Keyboards,North,161,45,12,174,195,96,OPTIMAL
2025-06-21,PRD_003_Keyboards,South,45,45,11,976,54,24,OVERSTOCK_WARNING
2025-06-21,PRD_003_Keyboards,East,110,45,12,298,133,66,OVERSTOCK_WARNING
2025-06-21,PRD_003_Keyboards,West,60,45,10,317,72,30,OVERSTOCK_WARNING
2025-06-21,PRD_004_Processors,North,155,400,6,565,188,46,OVERSTOCK_WARNING
2025-06-21,PRD_004_Processors,South,64,400,7,711,77,22,OVERSTOCK_WARNING
2025-06-21,PRD_004_Processors,East,60,400,4,1022,72,12,OVERSTOCK_WARNING
2025-06-21,PRD_004_Processors,West,96,400,5,463,116,24,OVERSTOCK_WARNING
2025-06-22,PRD_001_Laptops,North,136,850,3,316,165,20,OVERSTOCK_WARNING
2025-06-22,PRD_001_Laptops,South,170,850,12,356,206,102,OPTIMAL
2025-06-22,PRD_001_Laptops,East,79,850,5,232,95,19,OVERSTOCK_WARNING
2025-06-22,PRD_001_Laptops,West,166,850,8,1084,201,66,OVERSTOCK_WARNING
2025-06-22,PRD_002_Monitors,North,94,320,6,515,114,28,OVERSTOCK_WARNING
2025-06-22,PRD_002_Monitors,South,211,320,4,1060,256,42,OVERSTOCK_WARNING
2025-06-22,PRD_002_Monitors,East,151,320,9,277,183,67,OPTIMAL
2025-06-22,PRD_002_Monitors,West,154,320,7,1052,187,53,OVERSTOCK_WARNING
2025-06-22,PRD_003_Keyboards,North,126,45,11,928,153,69,OVERSTOCK_WARNING
2025-06-22,PRD_003_Keyboards,South,105,45,5,290,127,26,OVERSTOCK_WARNING
2025-06-22,PRD_003_Keyboards,East,174,45,8,782,211,69,OVERSTOCK_WARNING
2025-06-22,PRD_003_Keyboards,West,81,45,12,394,98,48,OVERSTOCK_WARNING
2025-06-22,PRD_004_Processors,North,59,400,11,96,71,32,OPTIMAL
2025-06-22,PRD_004_Processors,South,66,400,4,654,80,13,OVERSTOCK_WARNING
2025-06-22,PRD_004_Processors,East,101,400,6,98,122,30,OPTIMAL
2025-06-22,PRD_004_Processors,West,56,400,7,502,68,19,OVERSTOCK_WARNING
2025-06-23,PRD_001_Laptops,North,156,850,8,842,189,62,OVERSTOCK_WARNING
2025-06-23,PRD_001_Laptops,South,120,850,9,627,145,54,OVERSTOCK_WARNING
2025-06-23,PRD_001_Laptops,East,207,850,6,1077,251,62,OVERSTOCK_WARNING
2025-06-23,PRD_001_Laptops,West,192,850,7,749,233,67,OVERSTOCK_WARNING
2025-06-23,PRD_002_Monitors,North,68,320,11,275,82,37,OVERSTOCK_WARNING
2025-06-23,PRD_002_Monitors,South,90,320,10,93,109,45,OPTIMAL
2025-06-23,PRD_002_Monitors,East,108,320,4,1017,131,21,OVERSTOCK_WARNING
2025-06-23,PRD_002_Monitors,West,96,320,5,859,116,24,OVERSTOCK_WARNING
2025-06-23,PRD_003_Keyboards,North,56,45,10,794,68,28,OVERSTOCK_WARNING
2025-06-23,PRD_003_Keyboards,South,138,45,9,288,167,62,OVERSTOCK_WARNING
2025-06-23,PRD_003_Keyboards,East,168,45,11,350,204,92,OPTIMAL
2025-06-23,PRD_003_Keyboards,West,195,45,10,779,236,97,OVERSTOCK_WARNING
2025-06-23,PRD_004_Processors,North,202,400,8,874,245,80,OVERSTOCK_WARNING
2025-06-23,PRD_004_Processors,South,148,400,6,400,179,44,OVERSTOCK_WARNING
2025-06-23,PRD_004_Processors,East,216,400,3,601,262,32,OVERSTOCK_WARNING
2025-06-23,PRD_004_Processors,West,86,400,13,906,104,55,OVERSTOCK_WARNING
2025-06-24,PRD_001_Laptops,North,135,850,9,971,163,60,OVERSTOCK_WARNING
2025-06-24,PRD_001_Laptops,South,125,850,4,959,151,25,OVERSTOCK_WARNING
2025-06-24,PRD_001_Laptops,East,213,850,13,811,258,138,OVERSTOCK_WARNING
2025-06-24,PRD_001_Laptops,West,57,850,13,758,69,37,OVERSTOCK_WARNING
2025-06-24,PRD_002_Monitors,North,216,320,4,507,262,43,OVERSTOCK_WARNING
2025-06-24,PRD_002_Monitors,South,111,320,8,558,134,44,OVERSTOCK_WARNING
2025-06-24,PRD_002_Monitors,East,201,320,9,1011,244,90,OVERSTOCK_WARNING
2025-06-24,PRD_002_Monitors,West,185,320,8,1034,224,74,OVERSTOCK_WARNING
2025-06-24,PRD_003_Keyboards,North,176,45,13,792,213,114,OVERSTOCK_WARNING
2025-06-24,PRD_003_Keyboards,South,218,45,5,673,264,54,OVERSTOCK_WARNING
2025-06-24,PRD_003_Keyboards,East,172,45,6,246,208,51,OVERSTOCK_WARNING
2025-06-24,PRD_003_Keyboards,West,192,45,4,314,233,38,OVERSTOCK_WARNING
2025-06-24,PRD_004_Processors,North,189,400,9,895,229,85,OVERSTOCK_WARNING
2025-06-24,PRD_004_Processors,South,187,400,8,390,227,74,OVERSTOCK_WARNING
2025-06-24,PRD_004_Processors,East,107,400,10,296,129,53,OVERSTOCK_WARNING
2025-06-24,PRD_004_Processors,West,40,400,9,776,48,18,OVERSTOCK_WARNING
2025-06-25,PRD_001_Laptops,North,134,850,12,212,162,80,OPTIMAL
2025-06-25,PRD_001_Laptops,South,147,850,4,889,178,29,OVERSTOCK_WARNING
2025-06-25,PRD_001_Laptops,East,141,850,9,737,171,63,OVERSTOCK_WARNING
2025-06-25,PRD_001_Laptops,West,113,850,12,96,137,67,OPTIMAL
2025-06-25,PRD_002_Monitors,North,110,320,11,558,133,60,OVERSTOCK_WARNING
2025-06-25,PRD_002_Monitors,South,158,320,4,789,191,31,OVERSTOCK_WARNING
2025-06-25,PRD_002_Monitors,East,84,320,12,258,102,50,OVERSTOCK_WARNING
2025-06-25,PRD_002_Monitors,West,165,320,4,635,200,33,OVERSTOCK_WARNING
2025-06-25,PRD_003_Keyboards,North,54,45,8,769,65,21,OVERSTOCK_WARNING
2025-06-25,PRD_003_Keyboards,South,140,45,4,495,170,28,OVERSTOCK_WARNING
2025-06-25,PRD_003_Keyboards,East,42,45,8,933,51,16,OVERSTOCK_WARNING
2025-06-25,PRD_003_Keyboards,West,113,45,5,658,137,28,OVERSTOCK_WARNING
2025-06-25,PRD_004_Processors,North,115,400,3,598,139,17,OVERSTOCK_WARNING
2025-06-25,PRD_004_Processors,South,52,400,10,913,63,26,OVERSTOCK_WARNING
2025-06-25,PRD_004_Processors,East,43,400,12,310,52,25,OVERSTOCK_WARNING
2025-06-25,PRD_004_Processors,West,127,400,3,131,154,19,OVERSTOCK_WARNING
2025-06-26,PRD_001_Laptops,North,173,850,5,404,210,43,OVERSTOCK_WARNING
2025-06-26,PRD_001_Laptops,South,176,850,13,796,213,114,OVERSTOCK_WARNING
2025-06-26,PRD_001_Laptops,East,60,850,10,565,72,30,OVERSTOCK_WARNING
2025-06-26,PRD_001_Laptops,West,43,850,10,1034,52,21,OVERSTOCK_WARNING
2025-06-26,PRD_002_Monitors,North,42,320,6,1096,51,12,OVERSTOCK_WARNING
2025-06-26,PRD_002_Monitors,South,140,320,10,767,170,70,OVERSTOCK_WARNING
2025-06-26,PRD_002_Monitors,East,93,320,5,558,112,23,OVERSTOCK_WARNING
2025-06-26,PRD_002_Monitors,West,95,320,11,375,115,52,OVERSTOCK_WARNING
2025-06-26,PRD_003_Keyboards,North,107,45,13,341,129,69,OVERSTOCK_WARNING
2025-06-26,PRD_003_Keyboards,South,56,45,6,823,68,16,OVERSTOCK_WARNING
2025-06-26,PRD_003_Keyboards,East,138,45,3,1080,167,20,OVERSTOCK_WARNING
2025-06-26,PRD_003_Keyboards,West,41,45,11,668,49,22,OVERSTOCK_WARNING
2025-06-26,PRD_004_Processors,North,219,400,4,899,266,43,OVERSTOCK_WARNING
2025-06-26,PRD_004_Processors,South,131,400,13,1098,159,85,OVERSTOCK_WARNING
2025-06-26,PRD_004_Processors,East,61,400,13,518,74,39,OVERSTOCK_WARNING
2025-06-26,PRD_004_Processors,West,106,400,5,523,128,26,OVERSTOCK_WARNING
2025-06-27,PRD_001_Laptops,North,179,850,10,660,217,89,OVERSTOCK_WARNING
2025-06-27,PRD_001_Laptops,South,123,850,9,630,149,55,OVERSTOCK_WARNING
2025-06-27,PRD_001_Laptops,East,52,850,11,904,63,28,OVERSTOCK_WARNING
2025-06-27,PRD_001_Laptops,West,51,850,10,1049,61,25,OVERSTOCK_WARNING
2025-06-27,PRD_002_Monitors,North,136,320,11,119,165,74,OPTIMAL
2025-06-27,PRD_002_Monitors,South,157,320,5,338,190,39,OVERSTOCK_WARNING
2025-06-27,PRD_002_Monitors,East,159,320,7,809,193,55,OVERSTOCK_WARNING
2025-06-27,PRD_002_Monitors,West,50,320,9,196,60,22,OVERSTOCK_WARNING
2025-06-27,PRD_003_Keyboards,North,177,45,12,195,215,106,OPTIMAL
2025-06-27,PRD_003_Keyboards,South,201,45,5,791,244,50,OVERSTOCK_WARNING
2025-06-27,PRD_003_Keyboards,East,70,45,13,316,85,45,OVERSTOCK_WARNING
2025-06-27,PRD_003_Keyboards,West,110,45,4,149,133,22,OVERSTOCK_WARNING
2025-06-27,PRD_004_Processors,North,80,400,6,520,97,24,OVERSTOCK_WARNING
2025-06-27,PRD_004_Processors,South,217,400,11,475,263,119,OPTIMAL
2025-06-27,PRD_004_Processors,East,78,400,3,636,94,11,OVERSTOCK_WARNING
2025-06-27,PRD_004_Processors,West,178,400,8,972,216,71,OVERSTOCK_WARNING
2025-06-28,PRD_001_Laptops,North,190,850,13,829,230,123,OVERSTOCK_WARNING
2025-06-28,PRD_001_Laptops,South,109,850,8,721,132,43,OVERSTOCK_WARNING
2025-06-28,PRD_001_Laptops,East,123,850,11,414,149,67,OVERSTOCK_WARNING
2025-06-28,PRD_001_Laptops,West,152,850,10,756,184,76,OVERSTOCK_WARNING
2025-06-28,PRD_002_Monitors,North,88,320,6,368,106,26,OVERSTOCK_WARNING
2025-06-28,PRD_002_Monitors,South,61,320,4,318,74,12,OVERSTOCK_WARNING
2025-06-28,PRD_002_Monitors,East,172,320,9,865,208,77,OVERSTOCK_WARNING
2025-06-28,PRD_002_Monitors,West,205,320,8,452,249,82,OVERSTOCK_WARNING
2025-06-28,PRD_003_Keyboards,North,76,45,5,558,92,19,OVERSTOCK_WARNING
2025-06-28,PRD_003_Keyboards,South,103,45,12,670,125,61,OVERSTOCK_WARNING
2025-06-28,PRD_003_Keyboards,East,209,45,13,767,253,135,OVERSTOCK_WARNING
2025-06-28,PRD_003_Keyboards,West,83,45,4,166,100,16,OVERSTOCK_WARNING
2025-06-28,PRD_004_Processors,North,55,400,8,437,66,22,OVERSTOCK_WARNING
2025-06-28,PRD_004_Processors,South,202,400,4,747,245,40,OVERSTOCK_WARNING
2025-06-28,PRD_004_Processors,East,41,400,11,543,49,22,OVERSTOCK_WARNING
2025-06-28,PRD_004_Processors,West,98,400,7,454,119,34,OVERSTOCK_WARNING
2025-06-29,PRD_001_Laptops,North,131,850,7,822,159,45,OVERSTOCK_WARNING
2025-06-29,PRD_001_Laptops,South,84,850,6,871,102,25,OVERSTOCK_WARNING
2025-06-29,PRD_001_Laptops,East,130,850,12,572,157,78,OVERSTOCK_WARNING
2025-06-29,PRD_001_Laptops,West,194,850,12,207,235,116,OPTIMAL
2025-06-29,PRD_002_Monitors,North,46,320,12,638,55,27,OVERSTOCK_WARNING
2025-06-29,PRD_002_Monitors,South,92,320,13,629,111,59,OVERSTOCK_WARNING
2025-06-29,PRD_002_Monitors,East,92,320,12,639,111,55,OVERSTOCK_WARNING
2025-06-29,PRD_002_Monitors,West,134,320,5,984,162,33,OVERSTOCK_WARNING
2025-06-29,PRD_003_Keyboards,North,103,45,8,716,125,41,OVERSTOCK_WARNING
2025-06-29,PRD_003_Keyboards,South,218,45,9,851,264,98,OVERSTOCK_WARNING
2025-06-29,PRD_003_Keyboards,East,165,45,5,1095,200,41,OVERSTOCK_WARNING
2025-06-29,PRD_003_Keyboards,West,103,45,6,602,125,30,OVERSTOCK_WARNING
2025-06-29,PRD_004_Processors,North,136,400,8,521,165,54,OVERSTOCK_WARNING
2025-06-29,PRD_004_Processors,South,194,400,3,100,235,29,OPTIMAL
2025-06-29,PRD_004_Processors,East,78,400,8,125,94,31,OPTIMAL
2025-06-29,PRD_004_Processors,West,105,400,13,243,127,68,OPTIMAL
2025-06-30,PRD_001_Laptops,North,150,850,4,202,182,30,OVERSTOCK_WARNING
2025-06-30,PRD_001_Laptops,South,138,850,5,750,167,34,OVERSTOCK_WARNING
2025-06-30,PRD_001_Laptops,East,195,850,9,976,236,87,OVERSTOCK_WARNING
2025-06-30,PRD_001_Laptops,West,64,850,13,565,77,41,OVERSTOCK_WARNING
2025-06-30,PRD_002_Monitors,North,123,320,5,782,149,30,OVERSTOCK_WARNING
2025-06-30,PRD_002_Monitors,South,90,320,4,289,109,18,OVERSTOCK_WARNING
2025-06-30,PRD_002_Monitors,East,165,320,12,660,200,99,OVERSTOCK_WARNING
2025-06-30,PRD_002_Monitors,West,48,320,4,1009,58,9,OVERSTOCK_WARNING
2025-06-30,PRD_003_Keyboards,North,198,45,12,193,240,118,OPTIMAL
2025-06-30,PRD_003_Keyboards,South,115,45,6,581,139,34,OVERSTOCK_WARNING
2025-06-30,PRD_003_Keyboards,East,124,45,3,574,150,18,OVERSTOCK_WARNING
2025-06-30,PRD_003_Keyboards,West,109,45,3,466,132,16,OVERSTOCK_WARNING
2025-06-30,PRD_004_Processors,North,172,400,12,780,208,103,OVERSTOCK_WARNING
2025-06-30,PRD_004_Processors,South,129,400,8,334,156,51,OVERSTOCK_WARNING
2025-06-30,PRD_004_Processors,East,65,400,10,340,78,32,OVERSTOCK_WARNING
2025-06-30,PRD_004_Processors,West,54,400,13,735,65,35,OVERSTOCK_WARNING
2025-07-01,PRD_001_Laptops,North,40,850,7,338,48,13,OVERSTOCK_WARNING
2025-07-01,PRD_001_Laptops,South,219,850,10,287,266,109,OPTIMAL
2025-07-01,PRD_001_Laptops,East,94,850,13,228,114,61,OPTIMAL
2025-07-01,PRD_001_Laptops,West,105,850,8,234,127,42,OVERSTOCK_WARNING
2025-07-01,PRD_002_Monitors,North,205,320,12,777,249,123,OVERSTOCK_WARNING
2025-07-01,PRD_002_Monitors,South,101,320,13,437,122,65,OVERSTOCK_WARNING
2025-07-01,PRD_002_Monitors,East,213,320,11,986,258,117,OVERSTOCK_WARNING
2025-07-01,PRD_002_Monitors,West,47,320,3,708,57,7,OVERSTOCK_WARNING
2025-07-01,PRD_003_Keyboards,North,103,45,8,612,125,41,OVERSTOCK_WARNING
2025-07-01,PRD_003_Keyboards,South,154,45,8,1038,187,61,OVERSTOCK_WARNING
2025-07-01,PRD_003_Keyboards,East,124,45,10,867,150,62,OVERSTOCK_WARNING
2025-07-01,PRD_003_Keyboards,West,47,45,12,381,57,28,OVERSTOCK_WARNING
2025-07-01,PRD_004_Processors,North,70,400,4,328,85,14,OVERSTOCK_WARNING
2025-07-01,PRD_004_Processors,South,132,400,11,350,160,72,OVERSTOCK_WARNING
2025-07-01,PRD_004_Processors,East,133,400,12,473,161,79,OVERSTOCK_WARNING
2025-07-01,PRD_004_Processors,West,68,400,8,671,82,27,OVERSTOCK_WARNING
2025-07-02,PRD_001_Laptops,North,75,850,6,444,91,22,OVERSTOCK_WARNING
2025-07-02,PRD_001_Laptops,South,157,850,7,421,190,54,OVERSTOCK_WARNING
2025-07-02,PRD_001_Laptops,East,110,850,9,504,133,49,OVERSTOCK_WARNING
2025-07-02,PRD_001_Laptops,West,132,850,8,491,160,52,OVERSTOCK_WARNING
2025-07-02,PRD_002_Monitors,North,215,320,8,238,261,86,OPTIMAL
2025-07-02,PRD_002_Monitors,South,53,320,7,304,64,18,OVERSTOCK_WARNING
2025-07-02,PRD_002_Monitors,East,112,320,11,590,136,61,OVERSTOCK_WARNING
2025-07-02,PRD_002_Monitors,West,130,320,10,1052,157,65,OVERSTOCK_WARNING
2025-07-02,PRD_003_Keyboards,North,129,45,5,896,156,32,OVERSTOCK_WARNING
2025-07-02,PRD_003_Keyboards,South,210,45,10,806,255,105,OVERSTOCK_WARNING
2025-07-02,PRD_003_Keyboards,East,172,45,12,726,208,103,OVERSTOCK_WARNING
2025-07-02,PRD_003_Keyboards,West,81,45,6,952,98,24,OVERSTOCK_WARNING
2025-07-02,PRD_004_Processors,North,66,400,12,893,80,39,OVERSTOCK_WARNING
2025-07-02,PRD_004_Processors,South,105,400,11,152,127,57,OPTIMAL
2025-07-02,PRD_004_Processors,East,156,400,13,208,189,101,OPTIMAL
2025-07-02,PRD_004_Processors,West,126,400,12,505,153,75,OVERSTOCK_WARNING
2025-07-03,PRD_001_Laptops,North,219,850,11,773,266,120,OVERSTOCK_WARNING
2025-07-03,PRD_001_Laptops,South,164,850,5,85,199,41,OPTIMAL
2025-07-03,PRD_001_Laptops,East,164,850,12,405,199,98,OPTIMAL
2025-07-03,PRD_001_Laptops,West,92,850,4,905,111,18,OVERSTOCK_WARNING
2025-07-03,PRD_002_Monitors,North,121,320,9,81,146,54,OPTIMAL
2025-07-03,PRD_002_Monitors,South,189,320,7,483,229,66,OVERSTOCK_WARNING
2025-07-03,PRD_002_Monitors,East,142,320,10,447,172,71,OVERSTOCK_WARNING
2025-07-03,PRD_002_Monitors,West,104,320,3,288,126,15,OVERSTOCK_WARNING
2025-07-03,PRD_003_Keyboards,North,168,45,7,707,204,58,OVERSTOCK_WARNING
2025-07-03,PRD_003_Keyboards,South,144,45,5,125,174,36,OPTIMAL
2025-07-03,PRD_003_Keyboards,East,94,45,13,295,114,61,OVERSTOCK_WARNING
2025-07-03,PRD_003_Keyboards,West,84,45,12,924,102,50,OVERSTOCK_WARNING
2025-07-03,PRD_004_Processors,North,63,400,12,626,76,37,OVERSTOCK_WARNING
2025-07-03,PRD_004_Processors,South,63,400,6,1055,76,18,OVERSTOCK_WARNING
2025-07-03,PRD_004_Processors,East,55,400,13,1056,66,35,OVERSTOCK_WARNING
2025-07-03,PRD_004_Processors,West,183,400,11,1073,222,100,OVERSTOCK_WARNING
2025-07-04,PRD_001_Laptops,North,50,850,3,926,60,7,OVERSTOCK_WARNING
2025-07-04,PRD_001_Laptops,South,154,850,6,378,187,46,OVERSTOCK_WARNING
2025-07-04,PRD_001_Laptops,East,108,850,5,476,131,27,OVERSTOCK_WARNING
2025-07-04,PRD_001_Laptops,West,177,850,13,1057,215,115,OVERSTOCK_WARNING
2025-07-04,PRD_002_Monitors,North,142,320,11,1081,172,78,OVERSTOCK_WARNING
2025-07-04,PRD_002_Monitors,South,217,320,9,1046,263,97,OVERSTOCK_WARNING
2025-07-04,PRD_002_Monitors,East,98,320,9,338,119,44,OVERSTOCK_WARNING
2025-07-04,PRD_002_Monitors,West,46,320,3,617,55,6,OVERSTOCK_WARNING
2025-07-04,PRD_003_Keyboards,North,200,45,7,255,242,70,OPTIMAL
2025-07-04,PRD_003_Keyboards,South,118,45,4,1080,143,23,OVERSTOCK_WARNING
2025-07-04,PRD_003_Keyboards,East,166,45,9,1007,201,74,OVERSTOCK_WARNING
2025-07-04,PRD_003_Keyboards,West,171,45,6,577,207,51,OVERSTOCK_WARNING
2025-07-04,PRD_004_Processors,North,156,400,6,879,189,46,OVERSTOCK_WARNING
2025-07-04,PRD_004_Processors,South,67,400,3,267,81,10,OVERSTOCK_WARNING
2025-07-04,PRD_004_Processors,East,95,400,5,191,115,23,OVERSTOCK_WARNING
2025-07-04,PRD_004_Processors,West,69,400,8,115,83,27,OPTIMAL
2025-07-05,PRD_001_Laptops,North,119,850,12,674,144,71,OVERSTOCK_WARNING
2025-07-05,PRD_001_Laptops,South,104,850,7,719,126,36,OVERSTOCK_WARNING
2025-07-05,PRD_001_Laptops,East,90,850,8,807,109,36,OVERSTOCK_WARNING
2025-07-05,PRD_001_Laptops,West,146,850,6,436,177,43,OVERSTOCK_WARNING
2025-07-05,PRD_002_Monitors,North,139,320,6,147,168,41,OPTIMAL
2025-07-05,PRD_002_Monitors,South,75,320,6,260,91,22,OVERSTOCK_WARNING
2025-07-05,PRD_002_Monitors,East,217,320,11,993,263,119,OVERSTOCK_WARNING
2025-07-05,PRD_002_Monitors,West,61,320,4,100,74,12,OVERSTOCK_WARNING
2025-07-05,PRD_003_Keyboards,North,139,45,9,638,168,62,OVERSTOCK_WARNING
2025-07-05,PRD_003_Keyboards,South,78,45,8,681,94,31,OVERSTOCK_WARNING
2025-07-05,PRD_003_Keyboards,East,124,45,3,415,150,18,OVERSTOCK_WARNING
2025-07-05,PRD_003_Keyboards,West,198,45,5,152,240,49,OPTIMAL
2025-07-05,PRD_004_Processors,North,88,400,7,593,106,30,OVERSTOCK_WARNING
2025-07-05,PRD_004_Processors,South,215,400,13,944,261,139,OVERSTOCK_WARNING
2025-07-05,PRD_004_Processors,East,138,400,12,950,167,82,OVERSTOCK_WARNING
2025-07-05,PRD_004_Processors,West,218,400,6,593,264,65,OVERSTOCK_WARNING
2025-07-06,PRD_001_Laptops,North,80,850,5,202,97,20,OVERSTOCK_WARNING
2025-07-06,PRD_001_Laptops,South,121,850,6,219,146,36,OVERSTOCK_WARNING
2025-07-06,PRD_001_Laptops,East,68,850,9,349,82,30,OVERSTOCK_WARNING
2025-07-06,PRD_001_Laptops,West,51,850,5,468,61,12,OVERSTOCK_WARNING
2025-07-06,PRD_002_Monitors,North,120,320,12,185,145,72,OPTIMAL
2025-07-06,PRD_002_Monitors,South,71,320,12,250,86,42,OVERSTOCK_WARNING
2025-07-06,PRD_002_Monitors,East,120,320,7,892,145,42,OVERSTOCK_WARNING
2025-07-06,PRD_002_Monitors,West,145,320,11,512,176,79,OVERSTOCK_WARNING
2025-07-06,PRD_003_Keyboards,North,200,45,6,179,242,60,OPTIMAL
2025-07-06,PRD_003_Keyboards,South,185,45,11,653,224,101,OVERSTOCK_WARNING
2025-07-06,PRD_003_Keyboards,East,68,45,4,541,82,13,OVERSTOCK_WARNING
2025-07-06,PRD_003_Keyboards,West,192,45,8,711,233,76,OVERSTOCK_WARNING
2025-07-06,PRD_004_Processors,North,209,400,6,161,253,62,OPTIMAL
2025-07-06,PRD_004_Processors,South,216,400,9,799,262,97,OVERSTOCK_WARNING
2025-07-06,PRD_004_Processors,East,114,400,5,1090,138,28,OVERSTOCK_WARNING
2025-07-06,PRD_004_Processors,West,153,400,12,399,185,91,OPTIMAL
2025-07-07,PRD_001_Laptops,North,141,850,12,801,171,84,OVERSTOCK_WARNING
2025-07-07,PRD_001_Laptops,South,59,850,12,191,71,35,OVERSTOCK_WARNING
2025-07-07,PRD_001_Laptops,East,96,850,8,540,116,38,OVERSTOCK_WARNING
2025-07-07,PRD_001_Laptops,West,158,850,3,171,191,23,OVERSTOCK_WARNING
2025-07-07,PRD_002_Monitors,North,91,320,7,599,110,31,OVERSTOCK_WARNING
2025-07-07,PRD_002_Monitors,South,83,320,4,315,100,16,OVERSTOCK_WARNING
2025-07-07,PRD_002_Monitors,East,172,320,8,660,208,68,OVERSTOCK_WARNING
2025-07-07,PRD_002_Monitors,West,198,320,11,313,240,108,OPTIMAL
2025-07-07,PRD_003_Keyboards,North,71,45,3,717,86,10,OVERSTOCK_WARNING
2025-07-07,PRD_003_Keyboards,South,106,45,4,283,128,21,OVERSTOCK_WARNING
2025-07-07,PRD_003_Keyboards,East,68,45,5,553,82,17,OVERSTOCK_WARNING
2025-07-07,PRD_003_Keyboards,West,69,45,11,1001,83,37,OVERSTOCK_WARNING
2025-07-07,PRD_004_Processors,North,169,400,5,509,205,42,OVERSTOCK_WARNING
2025-07-07,PRD_004_Processors,South,107,400,11,770,129,58,OVERSTOCK_WARNING
2025-07-07,PRD_004_Processors,East,180,400,9,379,218,81,OVERSTOCK_WARNING
2025-07-07,PRD_004_Processors,West,202,400,9,550,245,90,OVERSTOCK_WARNING
2025-07-08,PRD_001_Laptops,North,176,850,4,524,213,35,OVERSTOCK_WARNING
2025-07-08,PRD_001_Laptops,South,80,850,4,431,97,16,OVERSTOCK_WARNING
2025-07-08,PRD_001_Laptops,East,116,850,7,137,140,40,OPTIMAL
2025-07-08,PRD_001_Laptops,West,145,850,12,847,176,87,OVERSTOCK_WARNING
2025-07-08,PRD_002_Monitors,North,95,320,13,462,115,61,OVERSTOCK_WARNING
2025-07-08,PRD_002_Monitors,South,201,320,7,365,244,70,OVERSTOCK_WARNING
2025-07-08,PRD_002_Monitors,East,110,320,8,965,133,44,OVERSTOCK_WARNING
2025-07-08,PRD_002_Monitors,West,94,320,5,476,114,23,OVERSTOCK_WARNING
2025-07-08,PRD_003_Keyboards,North,42,45,12,392,51,25,OVERSTOCK_WARNING
2025-07-08,PRD_003_Keyboards,South,165,45,10,644,200,82,OVERSTOCK_WARNING
2025-07-08,PRD_003_Keyboards,East,82,45,12,896,99,49,OVERSTOCK_WARNING
2025-07-08,PRD_003_Keyboards,West,81,45,3,563,98,12,OVERSTOCK_WARNING
2025-07-08,PRD_004_Processors,North,50,400,9,433,60,22,OVERSTOCK_WARNING
2025-07-08,PRD_004_Processors,South,185,400,7,179,224,64,OPTIMAL
2025-07-08,PRD_004_Processors,East,143,400,6,637,173,42,OVERSTOCK_WARNING
2025-07-08,PRD_004_Processors,West,83,400,8,772,100,33,OVERSTOCK_WARNING
2025-07-09,PRD_001_Laptops,North,153,850,13,334,185,99,OPTIMAL
2025-07-09,PRD_001_Laptops,South,164,850,10,689,199,82,OVERSTOCK_WARNING
2025-07-09,PRD_001_Laptops,East,96,850,11,194,116,52,OPTIMAL
2025-07-09,PRD_001_Laptops,West,59,850,10,360,71,29,OVERSTOCK_WARNING
2025-07-09,PRD_002_Monitors,North,58,320,7,922,70,20,OVERSTOCK_WARNING
2025-07-09,PRD_002_Monitors,South,167,320,10,290,202,83,OPTIMAL
2025-07-09,PRD_002_Monitors,East,194,320,10,1071,235,97,OVERSTOCK_WARNING
2025-07-09,PRD_002_Monitors,West,65,320,13,781,78,42,OVERSTOCK_WARNING
2025-07-09,PRD_003_Keyboards,North,122,45,4,761,148,24,OVERSTOCK_WARNING
2025-07-09,PRD_003_Keyboards,South,196,45,9,779,238,88,OVERSTOCK_WARNING
2025-07-09,PRD_003_Keyboards,East,208,45,3,1058,252,31,OVERSTOCK_WARNING
2025-07-09,PRD_003_Keyboards,West,136,45,9,726,165,61,OVERSTOCK_WARNING
2025-07-09,PRD_004_Processors,North,65,400,10,724,78,32,OVERSTOCK_WARNING
2025-07-09,PRD_004_Processors,South,145,400,7,1044,176,50,OVERSTOCK_WARNING
2025-07-09,PRD_004_Processors,East,216,400,12,212,262,129,OPTIMAL
2025-07-09,PRD_004_Processors,West,61,400,3,698,74,9,OVERSTOCK_WARNING
2025-07-10,PRD_001_Laptops,North,62,850,3,826,75,9,OVERSTOCK_WARNING
2025-07-10,PRD_001_Laptops,South,57,850,4,196,69,11,OVERSTOCK_WARNING
2025-07-10,PRD_001_Laptops,East,69,850,12,223,83,41,OVERSTOCK_WARNING
2025-07-10,PRD_001_Laptops,West,78,850,3,745,94,11,OVERSTOCK_WARNING
2025-07-10,PRD_002_Monitors,North,215,320,3,832,261,32,OVERSTOCK_WARNING
2025-07-10,PRD_002_Monitors,South,205,320,4,448,249,41,OVERSTOCK_WARNING
2025-07-10,PRD_002_Monitors,East,173,320,4,757,210,34,OVERSTOCK_WARNING
2025-07-10,PRD_002_Monitors,West,145,320,10,737,176,72,OVERSTOCK_WARNING
2025-07-10,PRD_003_Keyboards,North,194,45,11,151,235,106,OPTIMAL
2025-07-10,PRD_003_Keyboards,South,113,45,3,838,137,16,OVERSTOCK_WARNING
2025-07-10,PRD_003_Keyboards,East,196,45,12,149,238,117,OPTIMAL
2025-07-10,PRD_003_Keyboards,West,189,45,8,853,229,75,OVERSTOCK_WARNING
2025-07-10,PRD_004_Processors,North,65,400,9,731,78,29,OVERSTOCK_WARNING
2025-07-10,PRD_004_Processors,South,138,400,8,642,167,55,OVERSTOCK_WARNING
2025-07-10,PRD_004_Processors,East,190,400,9,183,230,85,OPTIMAL
2025-07-10,PRD_004_Processors,West,217,400,11,732,263,119,OVERSTOCK_WARNING
2025-07-11,PRD_001_Laptops,North,177,850,7,774,215,61,OVERSTOCK_WARNING
2025-07-11,PRD_001_Laptops,South,48,850,6,977,58,14,OVERSTOCK_WARNING
2025-07-11,PRD_001_Laptops,East,192,850,4,130,233,38,OPTIMAL
2025-07-11,PRD_001_Laptops,West,73,850,5,821,88,18,OVERSTOCK_WARNING
2025-07-11,PRD_002_Monitors,North,170,320,12,711,206,102,OVERSTOCK_WARNING
2025-07-11,PRD_002_Monitors,South,109,320,9,511,132,49,OVERSTOCK_WARNING
2025-07-11,PRD_002_Monitors,East,186,320,5,289,225,46,OVERSTOCK_WARNING
2025-07-11,PRD_002_Monitors,West,142,320,11,451,172,78,OVERSTOCK_WARNING
2025-07-11,PRD_003_Keyboards,North,172,45,5,730,208,43,OVERSTOCK_WARNING
2025-07-11,PRD_003_Keyboards,South,160,45,6,1044,194,48,OVERSTOCK_WARNING
2025-07-11,PRD_003_Keyboards,East,168,45,13,683,204,109,OVERSTOCK_WARNING
2025-07-11,PRD_003_Keyboards,West,102,45,4,603,123,20,OVERSTOCK_WARNING
2025-07-11,PRD_004_Processors,North,116,400,11,209,140,63,OPTIMAL
2025-07-11,PRD_004_Processors,South,76,400,10,178,92,38,OVERSTOCK_WARNING
2025-07-11,PRD_004_Processors,East,189,400,6,218,229,56,OPTIMAL
2025-07-11,PRD_004_Processors,West,97,400,5,575,117,24,OVERSTOCK_WARNING
2025-07-12,PRD_001_Laptops,North,182,850,12,1080,221,109,OVERSTOCK_WARNING
2025-07-12,PRD_001_Laptops,South,82,850,12,1024,99,49,OVERSTOCK_WARNING
2025-07-12,PRD_001_Laptops,East,199,850,5,849,241,49,OVERSTOCK_WARNING
2025-07-12,PRD_001_Laptops,West,191,850,9,913,232,85,OVERSTOCK_WARNING
2025-07-12,PRD_002_Monitors,North,205,320,5,311,249,51,OVERSTOCK_WARNING
2025-07-12,PRD_002_Monitors,South,65,320,5,585,78,16,OVERSTOCK_WARNING
2025-07-12,PRD_002_Monitors,East,117,320,11,383,142,64,OVERSTOCK_WARNING
2025-07-12,PRD_002_Monitors,West,104,320,7,402,126,36,OVERSTOCK_WARNING
2025-07-12,PRD_003_Keyboards,North,129,45,4,472,156,25,OVERSTOCK_WARNING
2025-07-12,PRD_003_Keyboards,South,77,45,9,228,93,34,OVERSTOCK_WARNING
2025-07-12,PRD_003_Keyboards,East,104,45,7,362,126,36,OVERSTOCK_WARNING
2025-07-12,PRD_003_Keyboards,West,145,45,13,277,176,94,OPTIMAL
2025-07-12,PRD_004_Processors,North,83,400,6,619,100,24,OVERSTOCK_WARNING
2025-07-12,PRD_004_Processors,South,212,400,3,718,257,31,OVERSTOCK_WARNING
2025-07-12,PRD_004_Processors,East,162,400,10,585,196,81,OVERSTOCK_WARNING
2025-07-12,PRD_004_Processors,West,170,400,9,795,206,76,OVERSTOCK_WARNING
2025-07-13,PRD_001_Laptops,North,85,850,8,294,103,34,OVERSTOCK_WARNING
2025-07-13,PRD_001_Laptops,South,197,850,7,472,239,68,OVERSTOCK_WARNING
2025-07-13,PRD_001_Laptops,East,124,850,13,148,150,80,OPTIMAL
2025-07-13,PRD_001_Laptops,West,138,850,13,1088,167,89,OVERSTOCK_WARNING
2025-07-13,PRD_002_Monitors,North,198,320,3,502,240,29,OVERSTOCK_WARNING
2025-07-13,PRD_002_Monitors,South,133,320,7,194,161,46,OPTIMAL
2025-07-13,PRD_002_Monitors,East,70,320,13,422,85,45,OVERSTOCK_WARNING
2025-07-13,PRD_002_Monitors,West,160,320,4,1079,194,32,OVERSTOCK_WARNING
2025-07-13,PRD_003_Keyboards,North,144,45,13,818,174,93,OVERSTOCK_WARNING
2025-07-13,PRD_003_Keyboards,South,41,45,9,180,49,18,OVERSTOCK_WARNING
2025-07-13,PRD_003_Keyboards,East,60,45,12,468,72,36,OVERSTOCK_WARNING
2025-07-13,PRD_003_Keyboards,West,219,45,7,940,266,76,OVERSTOCK_WARNING
2025-07-13,PRD_004_Processors,North,59,400,8,739,71,23,OVERSTOCK_WARNING
2025-07-13,PRD_004_Processors,South,64,400,4,712,77,12,OVERSTOCK_WARNING
2025-07-13,PRD_004_Processors,East,199,400,12,533,241,119,OPTIMAL
2025-07-13,PRD_004_Processors,West,208,400,11,402,252,114,OPTIMAL
2025-07-14,PRD_001_Laptops,North,40,850,5,852,48,10,OVERSTOCK_WARNING
2025-07-14,PRD_001_Laptops,South,52,850,5,987,63,13,OVERSTOCK_WARNING
2025-07-14,PRD_001_Laptops,East,87,850,11,904,105,47,OVERSTOCK_WARNING
2025-07-14,PRD_001_Laptops,West,154,850,5,411,187,38,OVERSTOCK_WARNING
2025-07-14,PRD_002_Monitors,North,133,320,7,1073,161,46,OVERSTOCK_WARNING
2025-07-14,PRD_002_Monitors,South,61,320,9,284,74,27,OVERSTOCK_WARNING
2025-07-14,PRD_002_Monitors,East,214,320,8,466,259,85,OVERSTOCK_WARNING
2025-07-14,PRD_002_Monitors,West,163,320,7,547,198,57,OVERSTOCK_WARNING
2025-07-14,PRD_003_Keyboards,North,198,45,7,551,240,69,OVERSTOCK_WARNING
2025-07-14,PRD_003_Keyboards,South,143,45,8,240,173,57,OPTIMAL
2025-07-14,PRD_003_Keyboards,East,217,45,6,587,263,65,OVERSTOCK_WARNING
2025-07-14,PRD_003_Keyboards,West,55,45,4,963,66,11,OVERSTOCK_WARNING
2025-07-14,PRD_004_Processors,North,115,400,12,630,139,69,OVERSTOCK_WARNING
2025-07-14,PRD_004_Processors,South,128,400,10,959,155,64,OVERSTOCK_WARNING
2025-07-14,PRD_004_Processors,East,86,400,11,1079,104,47,OVERSTOCK_WARNING
2025-07-14,PRD_004_Processors,West,167,400,4,668,202,33,OVERSTOCK_WARNING
2025-07-15,PRD_001_Laptops,North,54,850,6,1088,65,16,OVERSTOCK_WARNING
2025-07-15,PRD_001_Laptops,South,102,850,7,293,123,35,OVERSTOCK_WARNING
2025-07-15,PRD_001_Laptops,East,208,850,12,359,252,124,OPTIMAL
2025-07-15,PRD_001_Laptops,West,88,850,4,854,106,17,OVERSTOCK_WARNING
2025-07-15,PRD_002_Monitors,North,43,320,12,532,52,25,OVERSTOCK_WARNING
2025-07-15,PRD_002_Monitors,South,99,320,9,607,120,44,OVERSTOCK_WARNING
2025-07-15,PRD_002_Monitors,East,68,320,9,836,82,30,OVERSTOCK_WARNING
2025-07-15,PRD_002_Monitors,West,53,320,3,880,64,7,OVERSTOCK_WARNING
2025-07-15,PRD_003_Keyboards,North,192,45,7,480,233,67,OVERSTOCK_WARNING
2025-07-15,PRD_003_Keyboards,South,62,45,11,1082,75,34,OVERSTOCK_WARNING
2025-07-15,PRD_003_Keyboards,East,181,45,6,237,219,54,OPTIMAL
2025-07-15,PRD_003_Keyboards,West,58,45,7,438,70,20,OVERSTOCK_WARNING
2025-07-15,PRD_004_Processors,North,116,400,4,742,140,23,OVERSTOCK_WARNING
2025-07-15,PRD_004_Processors,South,72,400,9,567,87,32,OVERSTOCK_WARNING
2025-07-15,PRD_004_Processors,East,57,400,11,1008,69,31,OVERSTOCK_WARNING
2025-07-15,PRD_004_Processors,West,199,400,8,96,241,79,OPTIMAL
2025-07-16,PRD_001_Laptops,North,58,850,13,405,70,37,OVERSTOCK_WARNING
2025-07-16,PRD_001_Laptops,South,159,850,7,625,193,55,OVERSTOCK_WARNING
2025-07-16,PRD_001_Laptops,East,123,850,11,787,149,67,OVERSTOCK_WARNING
2025-07-16,PRD_001_Laptops,West,113,850,12,423,137,67,OVERSTOCK_WARNING
2025-07-16,PRD_002_Monitors,North,124,320,13,938,150,80,OVERSTOCK_WARNING
2025-07-16,PRD_002_Monitors,South,183,320,12,524,222,109,OVERSTOCK_WARNING
2025-07-16,PRD_002_Monitors,East,166,320,3,671,201,24,OVERSTOCK_WARNING
2025-07-16,PRD_002_Monitors,West,46,320,5,1097,55,11,OVERSTOCK_WARNING
2025-07-16,PRD_003_Keyboards,North,55,45,10,603,66,27,OVERSTOCK_WARNING
2025-07-16,PRD_003_Keyboards,South,74,45,3,100,89,11,OVERSTOCK_WARNING
2025-07-16,PRD_003_Keyboards,East,217,45,13,307,263,141,OPTIMAL
2025-07-16,PRD_003_Keyboards,West,56,45,11,213,68,30,OVERSTOCK_WARNING
2025-07-16,PRD_004_Processors,North,66,400,6,744,80,19,OVERSTOCK_WARNING
2025-07-16,PRD_004_Processors,South,105,400,11,683,127,57,OVERSTOCK_WARNING
2025-07-16,PRD_004_Processors,East,100,400,8,338,121,40,OVERSTOCK_WARNING
2025-07-16,PRD_004_Processors,West,142,400,3,646,172,21,OVERSTOCK_WARNING
2025-07-17,PRD_001_Laptops,North,40,850,7,277,48,13,OVERSTOCK_WARNING
2025-07-17,PRD_001_Laptops,South,84,850,4,1022,102,16,OVERSTOCK_WARNING
2025-07-17,PRD_001_Laptops,East,65,850,11,989,78,35,OVERSTOCK_WARNING
2025-07-17,PRD_001_Laptops,West,85,850,12,622,103,51,OVERSTOCK_WARNING
2025-07-17,PRD_002_Monitors,North,98,320,12,815,119,58,OVERSTOCK_WARNING
2025-07-17,PRD_002_Monitors,South,56,320,10,499,68,28,OVERSTOCK_WARNING
2025-07-17,PRD_002_Monitors,East,63,320,8,938,76,25,OVERSTOCK_WARNING
2025-07-17,PRD_002_Monitors,West,64,320,13,367,77,41,OVERSTOCK_WARNING
2025-07-17,PRD_003_Keyboards,North,155,45,4,957,188,31,OVERSTOCK_WARNING
2025-07-17,PRD_003_Keyboards,South,185,45,7,873,224,64,OVERSTOCK_WARNING
2025-07-17,PRD_003_Keyboards,East,176,45,5,399,213,44,OVERSTOCK_WARNING
2025-07-17,PRD_003_Keyboards,West,111,45,6,261,134,33,OVERSTOCK_WARNING
2025-07-17,PRD_004_Processors,North,145,400,8,546,176,58,OVERSTOCK_WARNING
2025-07-17,PRD_004_Processors,South,197,400,7,939,239,68,OVERSTOCK_WARNING
2025-07-17,PRD_004_Processors,East,138,400,13,1038,167,89,OVERSTOCK_WARNING
2025-07-17,PRD_004_Processors,West,50,400,3,575,60,7,OVERSTOCK_WARNING
2025-07-18,PRD_001_Laptops,North,139,850,9,482,168,62,OVERSTOCK_WARNING
2025-07-18,PRD_001_Laptops,South,179,850,13,692,217,116,OVERSTOCK_WARNING
2025-07-18,PRD_001_Laptops,East,204,850,4,698,247,40,OVERSTOCK_WARNING
2025-07-18,PRD_001_Laptops,West,193,850,4,163,234,38,OPTIMAL
2025-07-18,PRD_002_Monitors,North,54,320,6,467,65,16,OVERSTOCK_WARNING
2025-07-18,PRD_002_Monitors,South,89,320,8,870,108,35,OVERSTOCK_WARNING
2025-07-18,PRD_002_Monitors,East,98,320,12,962,119,58,OVERSTOCK_WARNING
2025-07-18,PRD_002_Monitors,West,114,320,10,785,138,57,OVERSTOCK_WARNING
2025-07-18,PRD_003_Keyboards,North,162,45,10,492,196,81,OVERSTOCK_WARNING
2025-07-18,PRD_003_Keyboards,South,178,45,7,353,216,62,OVERSTOCK_WARNING
2025-07-18,PRD_003_Keyboards,East,89,45,8,793,108,35,OVERSTOCK_WARNING
2025-07-18,PRD_003_Keyboards,West,176,45,5,474,213,44,OVERSTOCK_WARNING
2025-07-18,PRD_004_Processors,North,147,400,5,772,178,36,OVERSTOCK_WARNING
2025-07-18,PRD_004_Processors,South,206,400,10,491,250,102,OVERSTOCK_WARNING
2025-07-18,PRD_004_Processors,East,114,400,9,872,138,51,OVERSTOCK_WARNING
2025-07-18,PRD_004_Processors,West,60,400,12,250,72,36,OVERSTOCK_WARNING
2025-07-19,PRD_001_Laptops,North,54,850,5,639,65,13,OVERSTOCK_WARNING
2025-07-19,PRD_001_Laptops,South,125,850,7,779,151,43,OVERSTOCK_WARNING
2025-07-19,PRD_001_Laptops,East,155,850,4,230,188,31,OVERSTOCK_WARNING
2025-07-19,PRD_001_Laptops,West,180,850,7,339,218,63,OVERSTOCK_WARNING
2025-07-19,PRD_002_Monitors,North,117,320,10,600,142,58,OVERSTOCK_WARNING
2025-07-19,PRD_002_Monitors,South,160,320,5,498,194,40,OVERSTOCK_WARNING
2025-07-19,PRD_002_Monitors,East,140,320,7,1033,170,49,OVERSTOCK_WARNING
2025-07-19,PRD_002_Monitors,West,185,320,3,1047,224,27,OVERSTOCK_WARNING
2025-07-19,PRD_003_Keyboards,North,120,45,13,174,145,78,OPTIMAL
2025-07-19,PRD_003_Keyboards,South,45,45,8,797,54,18,OVERSTOCK_WARNING
2025-07-19,PRD_003_Keyboards,East,106,45,6,91,128,31,OPTIMAL
2025-07-19,PRD_003_Keyboards,West,105,45,4,478,127,21,OVERSTOCK_WARNING
2025-07-19,PRD_004_Processors,North,190,400,3,559,230,28,OVERSTOCK_WARNING
2025-07-19,PRD_004_Processors,South,174,400,3,495,211,26,OVERSTOCK_WARNING
2025-07-19,PRD_004_Processors,East,109,400,5,423,132,27,OVERSTOCK_WARNING
2025-07-19,PRD_004_Processors,West,45,400,13,929,54,29,OVERSTOCK_WARNING
2025-07-20,PRD_001_Laptops,North,127,850,7,967,154,44,OVERSTOCK_WARNING
2025-07-20,PRD_001_Laptops,South,63,850,8,369,76,25,OVERSTOCK_WARNING
2025-07-20,PRD_001_Laptops,East,207,850,13,293,251,134,OPTIMAL
2025-07-20,PRD_001_Laptops,West,63,850,3,353,76,9,OVERSTOCK_WARNING
2025-07-20,PRD_002_Monitors,North,83,320,11,442,100,45,OVERSTOCK_WARNING
2025-07-20,PRD_002_Monitors,South,195,320,10,459,236,97,OVERSTOCK_WARNING
2025-07-20,PRD_002_Monitors,East,190,320,7,753,230,66,OVERSTOCK_WARNING
2025-07-20,PRD_002_Monitors,West,178,320,8,825,216,71,OVERSTOCK_WARNING
2025-07-20,PRD_003_Keyboards,North,202,45,6,684,245,60,OVERSTOCK_WARNING
2025-07-20,PRD_003_Keyboards,South,81,45,13,801,98,52,OVERSTOCK_WARNING
2025-07-20,PRD_003_Keyboards,East,63,45,10,697,76,31,OVERSTOCK_WARNING
2025-07-20,PRD_003_Keyboards,West,157,45,7,535,190,54,OVERSTOCK_WARNING
2025-07-20,PRD_004_Processors,North,171,400,13,179,207,111,OPTIMAL
2025-07-20,PRD_004_Processors,South,44,400,3,384,53,6,OVERSTOCK_WARNING
2025-07-20,PRD_004_Processors,East,137,400,10,182,166,68,OPTIMAL
2025-07-20,PRD_004_Processors,West,102,400,12,520,123,61,OVERSTOCK_WARNING
2025-07-21,PRD_001_Laptops,North,76,850,4,86,92,15,OVERSTOCK_WARNING
2025-07-21,PRD_001_Laptops,South,166,850,10,171,201,83,OPTIMAL
2025-07-21,PRD_001_Laptops,East,206,850,9,555,250,92,OVERSTOCK_WARNING
2025-07-21,PRD_001_Laptops,West,92,850,4,565,111,18,OVERSTOCK_WARNING
2025-07-21,PRD_002_Monitors,North,171,320,12,1057,207,102,OVERSTOCK_WARNING
2025-07-21,PRD_002_Monitors,South,147,320,11,86,178,80,OPTIMAL
2025-07-21,PRD_002_Monitors,East,195,320,7,914,236,68,OVERSTOCK_WARNING
2025-07-21,PRD_002_Monitors,West,147,320,12,329,178,88,OPTIMAL
2025-07-21,PRD_003_Keyboards,North,187,45,5,319,227,46,OVERSTOCK_WARNING
2025-07-21,PRD_003_Keyboards,South,163,45,13,951,198,105,OVERSTOCK_WARNING
2025-07-21,PRD_003_Keyboards,East,106,45,9,854,128,47,OVERSTOCK_WARNING
2025-07-21,PRD_003_Keyboards,West,190,45,9,445,230,85,OVERSTOCK_WARNING
2025-07-21,PRD_004_Processors,North,73,400,12,482,88,43,OVERSTOCK_WARNING
2025-07-21,PRD_004_Processors,South,97,400,11,383,117,53,OVERSTOCK_WARNING
2025-07-21,PRD_004_Processors,East,154,400,4,120,187,30,OPTIMAL
2025-07-21,PRD_004_Processors,West,87,400,12,872,105,52,OVERSTOCK_WARNING
2025-07-22,PRD_001_Laptops,North,155,850,11,482,188,85,OVERSTOCK_WARNING
2025-07-22,PRD_001_Laptops,South,78,850,9,414,94,35,OVERSTOCK_WARNING
2025-07-22,PRD_001_Laptops,East,119,850,13,695,144,77,OVERSTOCK_WARNING
2025-07-22,PRD_001_Laptops,West,113,850,6,1090,137,33,OVERSTOCK_WARNING
2025-07-22,PRD_002_Monitors,North,186,320,7,714,225,65,OVERSTOCK_WARNING
2025-07-22,PRD_002_Monitors,South,200,320,12,418,242,120,OPTIMAL
2025-07-22,PRD_002_Monitors,East,69,320,8,850,83,27,OVERSTOCK_WARNING
2025-07-22,PRD_002_Monitors,West,140,320,11,545,170,77,OVERSTOCK_WARNING
2025-07-22,PRD_003_Keyboards,North,215,45,4,795,261,43,OVERSTOCK_WARNING
2025-07-22,PRD_003_Keyboards,South,93,45,8,698,112,37,OVERSTOCK_WARNING
2025-07-22,PRD_003_Keyboards,East,207,45,13,301,251,134,OPTIMAL
2025-07-22,PRD_003_Keyboards,West,41,45,11,446,49,22,OVERSTOCK_WARNING
2025-07-22,PRD_004_Processors,North,41,400,3,793,49,6,OVERSTOCK_WARNING
2025-07-22,PRD_004_Processors,South,140,400,8,523,170,56,OVERSTOCK_WARNING
2025-07-22,PRD_004_Processors,East,136,400,8,315,165,54,OVERSTOCK_WARNING
2025-07-22,PRD_004_Processors,West,166,400,10,828,201,83,OVERSTOCK_WARNING
2025-07-23,PRD_001_Laptops,North,186,850,13,336,225,120,OPTIMAL
2025-07-23,PRD_001_Laptops,South,72,850,10,879,87,36,OVERSTOCK_WARNING
2025-07-23,PRD_001_Laptops,East,56,850,10,648,68,28,OVERSTOCK_WARNING
2025-07-23,PRD_001_Laptops,West,81,850,4,216,98,16,OVERSTOCK_WARNING
2025-07-23,PRD_002_Monitors,North,159,320,9,498,193,71,OVERSTOCK_WARNING
2025-07-23,PRD_002_Monitors,South,93,320,6,833,112,27,OVERSTOCK_WARNING
2025-07-23,PRD_002_Monitors,East,64,320,5,843,77,16,OVERSTOCK_WARNING
2025-07-23,PRD_002_Monitors,West,213,320,10,1073,258,106,OVERSTOCK_WARNING
2025-07-23,PRD_003_Keyboards,North,85,45,8,730,103,34,OVERSTOCK_WARNING
2025-07-23,PRD_003_Keyboards,South,215,45,10,886,261,107,OVERSTOCK_WARNING
2025-07-23,PRD_003_Keyboards,East,202,45,3,381,245,30,OVERSTOCK_WARNING
2025-07-23,PRD_003_Keyboards,West,77,45,10,901,93,38,OVERSTOCK_WARNING
2025-07-23,PRD_004_Processors,North,204,400,13,427,247,132,OPTIMAL
2025-07-23,PRD_004_Processors,South,79,400,4,943,95,15,OVERSTOCK_WARNING
2025-07-23,PRD_004_Processors,East,118,400,3,240,143,17,OVERSTOCK_WARNING
2025-07-23,PRD_004_Processors,West,214,400,6,453,259,64,OVERSTOCK_WARNING
2025-07-24,PRD_001_Laptops,North,48,850,3,523,58,7,OVERSTOCK_WARNING
2025-07-24,PRD_001_Laptops,South,152,850,7,777,184,53,OVERSTOCK_WARNING
2025-07-24,PRD_001_Laptops,East,124,850,7,857,150,43,OVERSTOCK_WARNING
2025-07-24,PRD_001_Laptops,West,45,850,10,194,54,22,OVERSTOCK_WARNING
2025-07-24,PRD_002_Monitors,North,160,320,3,355,194,24,OVERSTOCK_WARNING
2025-07-24,PRD_002_Monitors,South,96,320,10,601,116,48,OVERSTOCK_WARNING
2025-07-24,PRD_002_Monitors,East,152,320,11,274,184,83,OPTIMAL
2025-07-24,PRD_002_Monitors,West,178,320,12,1000,216,106,OVERSTOCK_WARNING
2025-07-24,PRD_003_Keyboards,North,216,45,3,296,262,32,OVERSTOCK_WARNING
2025-07-24,PRD_003_Keyboards,South,50,45,8,243,60,20,OVERSTOCK_WARNING
2025-07-24,PRD_003_Keyboards,East,78,45,7,297,94,27,OVERSTOCK_WARNING
2025-07-24,PRD_003_Keyboards,West,95,45,10,464,115,47,OVERSTOCK_WARNING
2025-07-24,PRD_004_Processors,North,95,400,8,979,115,38,OVERSTOCK_WARNING
2025-07-24,PRD_004_Processors,South,69,400,10,882,83,34,OVERSTOCK_WARNING
2025-07-24,PRD_004_Processors,East,116,400,6,494,140,34,OVERSTOCK_WARNING
2025-07-24,PRD_004_Processors,West,141,400,13,934,171,91,OVERSTOCK_WARNING
2025-07-25,PRD_001_Laptops,North,91,850,9,101,110,40,OPTIMAL
2025-07-25,PRD_001_Laptops,South,114,850,10,816,138,57,OVERSTOCK_WARNING
2025-07-25,PRD_001_Laptops,East,97,850,13,182,117,63,OPTIMAL
2025-07-25,PRD_001_Laptops,West,179,850,9,719,217,80,OVERSTOCK_WARNING
2025-07-25,PRD_002_Monitors,North,94,320,9,953,114,42,OVERSTOCK_WARNING
2025-07-25,PRD_002_Monitors,South,101,320,12,311,122,60,OVERSTOCK_WARNING
2025-07-25,PRD_002_Monitors,East,137,320,9,454,166,61,OVERSTOCK_WARNING
2025-07-25,PRD_002_Monitors,West,75,320,11,743,91,41,OVERSTOCK_WARNING
2025-07-25,PRD_003_Keyboards,North,211,45,3,209,256,31,OVERSTOCK_WARNING
2025-07-25,PRD_003_Keyboards,South,180,45,4,363,218,36,OVERSTOCK_WARNING
2025-07-25,PRD_003_Keyboards,East,194,45,10,542,235,97,OVERSTOCK_WARNING
2025-07-25,PRD_003_Keyboards,West,72,45,6,761,87,21,OVERSTOCK_WARNING
2025-07-25,PRD_004_Processors,North,179,400,7,792,217,62,OVERSTOCK_WARNING
2025-07-25,PRD_004_Processors,South,62,400,10,815,75,31,OVERSTOCK_WARNING
2025-07-25,PRD_004_Processors,East,151,400,13,744,183,98,OVERSTOCK_WARNING
2025-07-25,PRD_004_Processors,West,116,400,9,164,140,52,OPTIMAL
2025-07-26,PRD_001_Laptops,North,148,850,7,319,179,51,OVERSTOCK_WARNING
2025-07-26,PRD_001_Laptops,South,161,850,13,901,195,104,OVERSTOCK_WARNING
2025-07-26,PRD_001_Laptops,East,172,850,13,936,208,111,OVERSTOCK_WARNING
2025-07-26,PRD_001_Laptops,West,154,850,5,126,187,38,OPTIMAL
2025-07-26,PRD_002_Monitors,North,110,320,8,559,133,44,OVERSTOCK_WARNING
2025-07-26,PRD_002_Monitors,South,106,320,9,628,128,47,OVERSTOCK_WARNING
2025-07-26,PRD_002_Monitors,East,158,320,4,677,191,31,OVERSTOCK_WARNING
2025-07-26,PRD_002_Monitors,West,165,320,10,1056,200,82,OVERSTOCK_WARNING
2025-07-26,PRD_003_Keyboards,North,91,45,13,368,110,59,OVERSTOCK_WARNING
2025-07-26,PRD_003_Keyboards,South,120,45,12,283,145,72,OPTIMAL
2025-07-26,PRD_003_Keyboards,East,151,45,13,831,183,98,OVERSTOCK_WARNING
2025-07-26,PRD_003_Keyboards,West,175,45,9,587,212,78,OVERSTOCK_WARNING
2025-07-26,PRD_004_Processors,North,145,400,3,655,176,21,OVERSTOCK_WARNING
2025-07-26,PRD_004_Processors,South,162,400,4,99,196,32,OPTIMAL
2025-07-26,PRD_004_Processors,East,55,400,3,287,66,8,OVERSTOCK_WARNING
2025-07-26,PRD_004_Processors,West,58,400,10,583,70,29,OVERSTOCK_WARNING
2025-07-27,PRD_001_Laptops,North,175,850,8,629,212,70,OVERSTOCK_WARNING
2025-07-27,PRD_001_Laptops,South,132,850,11,691,160,72,OVERSTOCK_WARNING
2025-07-27,PRD_001_Laptops,East,129,850,9,992,156,58,OVERSTOCK_WARNING
2025-07-27,PRD_001_Laptops,West,118,850,11,1014,143,64,OVERSTOCK_WARNING
2025-07-27,PRD_002_Monitors,North,209,320,11,182,253,114,OPTIMAL
2025-07-27,PRD_002_Monitors,South,185,320,8,713,224,74,OVERSTOCK_WARNING
2025-07-27,PRD_002_Monitors,East,210,320,6,242,255,63,OPTIMAL
2025-07-27,PRD_002_Monitors,West,101,320,7,289,122,35,OVERSTOCK_WARNING
2025-07-27,PRD_003_Keyboards,North,183,45,10,936,222,91,OVERSTOCK_WARNING
2025-07-27,PRD_003_Keyboards,South,135,45,12,835,163,81,OVERSTOCK_WARNING
2025-07-27,PRD_003_Keyboards,East,125,45,13,473,151,81,OVERSTOCK_WARNING
2025-07-27,PRD_003_Keyboards,West,160,45,7,683,194,55,OVERSTOCK_WARNING
2025-07-27,PRD_004_Processors,North,109,400,13,995,132,70,OVERSTOCK_WARNING
2025-07-27,PRD_004_Processors,South,172,400,9,728,208,77,OVERSTOCK_WARNING
2025-07-27,PRD_004_Processors,East,97,400,13,300,117,63,OVERSTOCK_WARNING
2025-07-27,PRD_004_Processors,West,85,400,8,271,103,34,OVERSTOCK_WARNING
2025-07-28,PRD_001_Laptops,North,47,850,13,867,57,30,OVERSTOCK_WARNING
2025-07-28,PRD_001_Laptops,South,218,850,9,372,264,98,OPTIMAL
2025-07-28,PRD_001_Laptops,East,217,850,4,410,263,43,OVERSTOCK_WARNING
2025-07-28,PRD_001_Laptops,West,157,850,10,240,190,78,OPTIMAL
2025-07-28,PRD_002_Monitors,North,70,320,13,133,85,45,OPTIMAL
2025-07-28,PRD_002_Monitors,South,211,320,4,321,256,42,OVERSTOCK_WARNING
2025-07-28,PRD_002_Monitors,East,161,320,3,1093,195,24,OVERSTOCK_WARNING
2025-07-28,PRD_002_Monitors,West,101,320,9,637,122,45,OVERSTOCK_WARNING
2025-07-28,PRD_003_Keyboards,North,95,45,9,197,115,42,OVERSTOCK_WARNING
2025-07-28,PRD_003_Keyboards,South,170,45,13,1013,206,110,OVERSTOCK_WARNING
2025-07-28,PRD_003_Keyboards,East,201,45,3,123,244,30,OPTIMAL
2025-07-28,PRD_003_Keyboards,West,167,45,3,906,202,25,OVERSTOCK_WARNING
2025-07-28,PRD_004_Processors,North,177,400,5,931,215,44,OVERSTOCK_WARNING
2025-07-28,PRD_004_Processors,South,185,400,13,522,224,120,OPTIMAL
2025-07-28,PRD_004_Processors,East,101,400,13,256,122,65,OPTIMAL
2025-07-28,PRD_004_Processors,West,199,400,12,346,241,119,OPTIMAL
2025-07-29,PRD_001_Laptops,North,141,850,8,458,171,56,OVERSTOCK_WARNING
2025-07-29,PRD_001_Laptops,South,214,850,4,1075,259,42,OVERSTOCK_WARNING
2025-07-29,PRD_001_Laptops,East,140,850,3,823,170,21,OVERSTOCK_WARNING
2025-07-29,PRD_001_Laptops,West,143,850,8,283,173,57,OVERSTOCK_WARNING
2025-07-29,PRD_002_Monitors,North,79,320,5,402,95,19,OVERSTOCK_WARNING
2025-07-29,PRD_002_Monitors,South,121,320,7,578,146,42,OVERSTOCK_WARNING
2025-07-29,PRD_002_Monitors,East,103,320,5,382,125,25,OVERSTOCK_WARNING
2025-07-29,PRD_002_Monitors,West,45,320,10,319,54,22,OVERSTOCK_WARNING
2025-07-29,PRD_003_Keyboards,North,185,45,6,1023,224,55,OVERSTOCK_WARNING
2025-07-29,PRD_003_Keyboards,South,210,45,9,591,255,94,OVERSTOCK_WARNING
2025-07-29,PRD_003_Keyboards,East,216,45,3,475,262,32,OVERSTOCK_WARNING
2025-07-29,PRD_003_Keyboards,West,177,45,9,957,215,79,OVERSTOCK_WARNING
2025-07-29,PRD_004_Processors,North,94,400,3,128,114,14,OVERSTOCK_WARNING
2025-07-29,PRD_004_Processors,South,203,400,7,372,246,71,OVERSTOCK_WARNING
2025-07-29,PRD_004_Processors,East,155,400,10,390,188,77,OVERSTOCK_WARNING
2025-07-29,PRD_004_Processors,West,64,400,9,718,77,28,OVERSTOCK_WARNING
2025-07-30,PRD_001_Laptops,North,132,850,9,304,160,59,OVERSTOCK_WARNING
2025-07-30,PRD_001_Laptops,South,161,850,10,90,195,80,OPTIMAL
2025-07-30,PRD_001_Laptops,East,112,850,5,526,136,28,OVERSTOCK_WARNING
2025-07-30,PRD_001_Laptops,West,180,850,9,674,218,81,OVERSTOCK_WARNING
2025-07-30,PRD_002_Monitors,North,206,320,10,159,250,102,OPTIMAL
2025-07-30,PRD_002_Monitors,South,136,320,4,534,165,27,OVERSTOCK_WARNING
2025-07-30,PRD_002_Monitors,East,114,320,4,438,138,22,OVERSTOCK_WARNING
2025-07-30,PRD_002_Monitors,West,54,320,11,154,65,29,OVERSTOCK_WARNING
2025-07-30,PRD_003_Keyboards,North,73,45,9,275,88,32,OVERSTOCK_WARNING
2025-07-30,PRD_003_Keyboards,South,114,45,4,95,138,22,OPTIMAL
2025-07-30,PRD_003_Keyboards,East,206,45,7,672,250,72,OVERSTOCK_WARNING
2025-07-30,PRD_003_Keyboards,West,188,45,5,1046,228,47,OVERSTOCK_WARNING
2025-07-30,PRD_004_Processors,North,141,400,10,156,171,70,OPTIMAL
2025-07-30,PRD_004_Processors,South,80,400,13,1063,97,52,OVERSTOCK_WARNING
2025-07-30,PRD_004_Processors,East,100,400,12,662,121,60,OVERSTOCK_WARNING
2025-07-30,PRD_004_Processors,West,142,400,5,405,172,35,OVERSTOCK_WARNING
2025-07-31,PRD_001_Laptops,North,146,850,13,438,177,94,OVERSTOCK_WARNING
2025-07-31,PRD_001_Laptops,South,58,850,6,777,70,17,OVERSTOCK_WARNING
2025-07-31,PRD_001_Laptops,East,109,850,3,904,132,16,OVERSTOCK_WARNING
2025-07-31,PRD_001_Laptops,West,204,850,9,1048,247,91,OVERSTOCK_WARNING
2025-07-31,PRD_002_Monitors,North,192,320,3,206,233,28,OVERSTOCK_WARNING
2025-07-31,PRD_002_Monitors,South,154,320,8,609,187,61,OVERSTOCK_WARNING
2025-07-31,PRD_002_Monitors,East,49,320,13,560,59,31,OVERSTOCK_WARNING
2025-07-31,PRD_002_Monitors,West,116,320,7,419,140,40,OVERSTOCK_WARNING
2025-07-31,PRD_003_Keyboards,North,91,45,5,545,110,22,OVERSTOCK_WARNING
2025-07-31,PRD_003_Keyboards,South,70,45,13,480,85,45,OVERSTOCK_WARNING
2025-07-31,PRD_003_Keyboards,East,149,45,6,1076,181,44,OVERSTOCK_WARNING
2025-07-31,PRD_003_Keyboards,West,193,45,7,736,234,67,OVERSTOCK_WARNING
2025-07-31,PRD_004_Processors,North,125,400,11,593,151,68,OVERSTOCK_WARNING
2025-07-31,PRD_004_Processors,South,125,400,7,851,151,43,OVERSTOCK_WARNING
2025-07-31,PRD_004_Processors,East,203,400,8,579,246,81,OVERSTOCK_WARNING
2025-07-31,PRD_004_Processors,West,188,400,8,564,228,75,OVERSTOCK_WARNING
2025-08-01,PRD_001_Laptops,North,128,850,12,1030,155,76,OVERSTOCK_WARNING
2025-08-01,PRD_001_Laptops,South,206,850,6,240,250,61,OPTIMAL
2025-08-01,PRD_001_Laptops,East,53,850,10,307,64,26,OVERSTOCK_WARNING
2025-08-01,PRD_001_Laptops,West,120,850,7,125,145,42,OPTIMAL
2025-08-01,PRD_002_Monitors,North,183,320,10,419,222,91,OVERSTOCK_WARNING
2025-08-01,PRD_002_Monitors,South,196,320,10,423,238,98,OPTIMAL
2025-08-01,PRD_002_Monitors,East,170,320,11,354,206,93,OPTIMAL
2025-08-01,PRD_002_Monitors,West,136,320,4,158,165,27,OVERSTOCK_WARNING
2025-08-01,PRD_003_Keyboards,North,125,45,12,1057,151,75,OVERSTOCK_WARNING
2025-08-01,PRD_003_Keyboards,South,189,45,3,170,229,28,OVERSTOCK_WARNING
2025-08-01,PRD_003_Keyboards,East,180,45,3,980,218,27,OVERSTOCK_WARNING
2025-08-01,PRD_003_Keyboards,West,116,45,13,456,140,75,OVERSTOCK_WARNING
2025-08-01,PRD_004_Processors,North,167,400,10,914,202,83,OVERSTOCK_WARNING
2025-08-01,PRD_004_Processors,South,154,400,3,685,187,23,OVERSTOCK_WARNING
2025-08-01,PRD_004_Processors,East,87,400,13,480,105,56,OVERSTOCK_WARNING
2025-08-01,PRD_004_Processors,West,79,400,3,420,95,11,OVERSTOCK_WARNING
2025-08-02,PRD_001_Laptops,North,96,850,9,931,116,43,OVERSTOCK_WARNING
2025-08-02,PRD_001_Laptops,South,160,850,4,281,194,32,OVERSTOCK_WARNING
2025-08-02,PRD_001_Laptops,East,113,850,13,971,137,73,OVERSTOCK_WARNING
2025-08-02,PRD_001_Laptops,West,139,850,10,1051,168,69,OVERSTOCK_WARNING
2025-08-02,PRD_002_Monitors,North,82,320,9,102,99,36,OPTIMAL
2025-08-02,PRD_002_Monitors,South,194,320,12,328,235,116,OPTIMAL
2025-08-02,PRD_002_Monitors,East,76,320,8,400,92,30,OVERSTOCK_WARNING
2025-08-02,PRD_002_Monitors,West,173,320,4,101,210,34,OPTIMAL
2025-08-02,PRD_003_Keyboards,North,144,45,10,744,174,72,OVERSTOCK_WARNING
2025-08-02,PRD_003_Keyboards,South,164,45,12,1047,199,98,OVERSTOCK_WARNING
2025-08-02,PRD_003_Keyboards,East,90,45,10,255,109,45,OVERSTOCK_WARNING
2025-08-02,PRD_003_Keyboards,West,141,45,8,325,171,56,OVERSTOCK_WARNING
2025-08-02,PRD_004_Processors,North,145,400,3,395,176,21,OVERSTOCK_WARNING
2025-08-02,PRD_004_Processors,South,85,400,6,1033,103,25,OVERSTOCK_WARNING
2025-08-02,PRD_004_Processors,East,205,400,13,347,249,133,OPTIMAL
2025-08-02,PRD_004_Processors,West,209,400,4,630,253,41,OVERSTOCK_WARNING
2025-08-03,PRD_001_Laptops,North,178,850,6,643,216,53,OVERSTOCK_WARNING
2025-08-03,PRD_001_Laptops,South,70,850,3,220,85,10,OVERSTOCK_WARNING
2025-08-03,PRD_001_Laptops,East,185,850,11,393,224,101,OPTIMAL
2025-08-03,PRD_001_Laptops,West,191,850,11,207,232,105,OPTIMAL
2025-08-03,PRD_002_Monitors,North,70,320,9,332,85,31,OVERSTOCK_WARNING
2025-08-03,PRD_002_Monitors,South,49,320,4,309,59,9,OVERSTOCK_WARNING
2025-08-03,PRD_002_Monitors,East,54,320,5,890,65,13,OVERSTOCK_WARNING
2025-08-03,PRD_002_Monitors,West,198,320,8,402,240,79,OVERSTOCK_WARNING
2025-08-03,PRD_003_Keyboards,North,95,45,13,862,115,61,OVERSTOCK_WARNING
2025-08-03,PRD_003_Keyboards,South,148,45,6,683,179,44,OVERSTOCK_WARNING
2025-08-03,PRD_003_Keyboards,East,177,45,8,894,215,70,OVERSTOCK_WARNING
2025-08-03,PRD_003_Keyboards,West,96,45,4,1089,116,19,OVERSTOCK_WARNING
2025-08-03,PRD_004_Processors,North,110,400,4,673,133,22,OVERSTOCK_WARNING
2025-08-03,PRD_004_Processors,South,155,400,11,679,188,85,OVERSTOCK_WARNING
2025-08-03,PRD_004_Processors,East,41,400,10,163,49,20,OVERSTOCK_WARNING
2025-08-03,PRD_004_Processors,West,82,400,12,918,99,49,OVERSTOCK_WARNING
2025-08-04,PRD_001_Laptops,North,205,850,12,212,249,123,OPTIMAL
2025-08-04,PRD_001_Laptops,South,178,850,3,369,216,26,OVERSTOCK_WARNING
2025-08-04,PRD_001_Laptops,East,159,850,3,546,193,23,OVERSTOCK_WARNING
2025-08-04,PRD_001_Laptops,West,169,850,7,227,205,59,OPTIMAL
2025-08-04,PRD_002_Monitors,North,100,320,9,228,121,45,OVERSTOCK_WARNING
2025-08-04,PRD_002_Monitors,South,127,320,6,974,154,38,OVERSTOCK_WARNING
2025-08-04,PRD_002_Monitors,East,179,320,8,483,217,71,OVERSTOCK_WARNING
2025-08-04,PRD_002_Monitors,West,121,320,3,365,146,18,OVERSTOCK_WARNING
2025-08-04,PRD_003_Keyboards,North,165,45,3,871,200,24,OVERSTOCK_WARNING
2025-08-04,PRD_003_Keyboards,South,53,45,6,532,64,15,OVERSTOCK_WARNING
2025-08-04,PRD_003_Keyboards,East,63,45,9,540,76,28,OVERSTOCK_WARNING
2025-08-04,PRD_003_Keyboards,West,63,45,10,517,76,31,OVERSTOCK_WARNING
2025-08-04,PRD_004_Processors,North,65,400,4,415,78,13,OVERSTOCK_WARNING
2025-08-04,PRD_004_Processors,South,205,400,3,576,249,30,OVERSTOCK_WARNING
2025-08-04,PRD_004_Processors,East,114,400,5,242,138,28,OVERSTOCK_WARNING
2025-08-04,PRD_004_Processors,West,82,400,7,928,99,28,OVERSTOCK_WARNING
2025-08-05,PRD_001_Laptops,North,93,850,9,121,112,41,OPTIMAL
2025-08-05,PRD_001_Laptops,South,195,850,13,466,236,126,OPTIMAL
2025-08-05,PRD_001_Laptops,East,177,850,13,1081,215,115,OVERSTOCK_WARNING
2025-08-05,PRD_001_Laptops,West,181,850,12,941,219,108,OVERSTOCK_WARNING
2025-08-05,PRD_002_Monitors,North,199,320,12,495,241,119,OPTIMAL
2025-08-05,PRD_002_Monitors,South,65,320,5,464,78,16,OVERSTOCK_WARNING
2025-08-05,PRD_002_Monitors,East,95,320,12,185,115,57,OPTIMAL
2025-08-05,PRD_002_Monitors,West,169,320,3,749,205,25,OVERSTOCK_WARNING
2025-08-05,PRD_003_Keyboards,North,159,45,9,1046,193,71,OVERSTOCK_WARNING
2025-08-05,PRD_003_Keyboards,South,91,45,13,472,110,59,OVERSTOCK_WARNING
2025-08-05,PRD_003_Keyboards,East,61,45,4,189,74,12,OVERSTOCK_WARNING
2025-08-05,PRD_003_Keyboards,West,88,45,3,664,106,13,OVERSTOCK_WARNING
2025-08-05,PRD_004_Processors,North,123,400,7,1058,149,43,OVERSTOCK_WARNING
2025-08-05,PRD_004_Processors,South,139,400,10,636,168,69,OVERSTOCK_WARNING
2025-08-05,PRD_004_Processors,East,176,400,11,229,213,96,OPTIMAL
2025-08-05,PRD_004_Processors,West,185,400,12,378,224,111,OPTIMAL
2025-08-06,PRD_001_Laptops,North,206,850,11,725,250,113,OVERSTOCK_WARNING
2025-08-06,PRD_001_Laptops,South,87,850,9,543,105,39,OVERSTOCK_WARNING
2025-08-06,PRD_001_Laptops,East,55,850,3,450,66,8,OVERSTOCK_WARNING
2025-08-06,PRD_001_Laptops,West,76,850,9,290,92,34,OVERSTOCK_WARNING
2025-08-06,PRD_002_Monitors,North,204,320,3,271,247,30,OVERSTOCK_WARNING
2025-08-06,PRD_002_Monitors,South,101,320,10,1036,122,50,OVERSTOCK_WARNING
2025-08-06,PRD_002_Monitors,East,164,320,3,657,199,24,OVERSTOCK_WARNING
2025-08-06,PRD_002_Monitors,West,69,320,6,779,83,20,OVERSTOCK_WARNING
2025-08-06,PRD_003_Keyboards,North,121,45,13,584,146,78,OVERSTOCK_WARNING
2025-08-06,PRD_003_Keyboards,South,191,45,10,723,232,95,OVERSTOCK_WARNING
2025-08-06,PRD_003_Keyboards,East,76,45,6,668,92,22,OVERSTOCK_WARNING
2025-08-06,PRD_003_Keyboards,West,128,45,4,844,155,25,OVERSTOCK_WARNING
2025-08-06,PRD_004_Processors,North,127,400,4,255,154,25,OVERSTOCK_WARNING
2025-08-06,PRD_004_Processors,South,72,400,12,546,87,43,OVERSTOCK_WARNING
2025-08-06,PRD_004_Processors,East,67,400,5,1096,81,16,OVERSTOCK_WARNING
2025-08-06,PRD_004_Processors,West,164,400,12,912,199,98,OVERSTOCK_WARNING
2025-08-07,PRD_001_Laptops,North,81,850,7,472,98,28,OVERSTOCK_WARNING
2025-08-07,PRD_001_Laptops,South,150,850,5,520,182,37,OVERSTOCK_WARNING
2025-08-07,PRD_001_Laptops,East,108,850,11,585,131,59,OVERSTOCK_WARNING
2025-08-07,PRD_001_Laptops,West,189,850,11,294,229,103,OPTIMAL
2025-08-07,PRD_002_Monitors,North,110,320,10,998,133,55,OVERSTOCK_WARNING
2025-08-07,PRD_002_Monitors,South,64,320,13,696,77,41,OVERSTOCK_WARNING
2025-08-07,PRD_002_Monitors,East,173,320,9,241,210,77,OPTIMAL
2025-08-07,PRD_002_Monitors,West,48,320,3,304,58,7,OVERSTOCK_WARNING
2025-08-07,PRD_003_Keyboards,North,90,45,8,884,109,36,OVERSTOCK_WARNING
2025-08-07,PRD_003_Keyboards,South,70,45,4,248,85,14,OVERSTOCK_WARNING
2025-08-07,PRD_003_Keyboards,East,101,45,12,93,122,60,OPTIMAL
2025-08-07,PRD_003_Keyboards,West,203,45,6,836,246,60,OVERSTOCK_WARNING
2025-08-07,PRD_004_Processors,North,118,400,10,745,143,58,OVERSTOCK_WARNING
2025-08-07,PRD_004_Processors,South,75,400,7,107,91,26,OPTIMAL
2025-08-07,PRD_004_Processors,East,90,400,10,821,109,45,OVERSTOCK_WARNING
2025-08-07,PRD_004_Processors,West,209,400,7,620,253,73,OVERSTOCK_WARNING
2025-08-08,PRD_001_Laptops,North,166,850,4,601,201,33,OVERSTOCK_WARNING
2025-08-08,PRD_001_Laptops,South,145,850,9,1057,176,65,OVERSTOCK_WARNING
2025-08-08,PRD_001_Laptops,East,40,850,9,356,48,18,OVERSTOCK_WARNING
2025-08-08,PRD_001_Laptops,West,104,850,6,267,126,31,OVERSTOCK_WARNING
2025-08-08,PRD_002_Monitors,North,100,320,6,217,121,30,OVERSTOCK_WARNING
2025-08-08,PRD_002_Monitors,South,126,320,11,625,153,69,OVERSTOCK_WARNING
2025-08-08,PRD_002_Monitors,East,163,320,3,433,198,24,OVERSTOCK_WARNING
2025-08-08,PRD_002_Monitors,West,100,320,12,773,121,60,OVERSTOCK_WARNING
2025-08-08,PRD_003_Keyboards,North,123,45,3,412,149,18,OVERSTOCK_WARNING
2025-08-08,PRD_003_Keyboards,South,40,45,7,671,48,13,OVERSTOCK_WARNING
2025-08-08,PRD_003_Keyboards,East,54,45,3,619,65,8,OVERSTOCK_WARNING
2025-08-08,PRD_003_Keyboards,West,62,45,13,736,75,40,OVERSTOCK_WARNING
2025-08-08,PRD_004_Processors,North,152,400,4,988,184,30,OVERSTOCK_WARNING
2025-08-08,PRD_004_Processors,South,181,400,13,875,219,117,OVERSTOCK_WARNING
2025-08-08,PRD_004_Processors,East,81,400,5,396,98,20,OVERSTOCK_WARNING
2025-08-08,PRD_004_Processors,West,162,400,3,574,196,24,OVERSTOCK_WARNING
2025-08-09,PRD_001_Laptops,North,49,850,10,996,59,24,OVERSTOCK_WARNING
2025-08-09,PRD_001_Laptops,South,98,850,4,788,119,19,OVERSTOCK_WARNING
2025-08-09,PRD_001_Laptops,East,69,850,3,1050,83,10,OVERSTOCK_WARNING
2025-08-09,PRD_001_Laptops,West,59,850,11,209,71,32,OVERSTOCK_WARNING
2025-08-09,PRD_002_Monitors,North,76,320,3,211,92,11,OVERSTOCK_WARNING
2025-08-09,PRD_002_Monitors,South,139,320,8,969,168,55,OVERSTOCK_WARNING
2025-08-09,PRD_002_Monitors,East,64,320,5,344,77,16,OVERSTOCK_WARNING
2025-08-09,PRD_002_Monitors,West,73,320,13,665,88,47,OVERSTOCK_WARNING
2025-08-09,PRD_003_Keyboards,North,133,45,8,917,161,53,OVERSTOCK_WARNING
2025-08-09,PRD_003_Keyboards,South,169,45,4,623,205,33,OVERSTOCK_WARNING
2025-08-09,PRD_003_Keyboards,East,145,45,3,836,176,21,OVERSTOCK_WARNING
2025-08-09,PRD_003_Keyboards,West,111,45,4,988,134,22,OVERSTOCK_WARNING
2025-08-09,PRD_004_Processors,North,54,400,7,1019,65,18,OVERSTOCK_WARNING
2025-08-09,PRD_004_Processors,South,47,400,12,637,57,28,OVERSTOCK_WARNING
2025-08-09,PRD_004_Processors,East,108,400,4,226,131,21,OVERSTOCK_WARNING
2025-08-09,PRD_004_Processors,West,205,400,13,218,249,133,OPTIMAL
2025-08-10,PRD_001_Laptops,North,156,850,13,355,189,101,OPTIMAL
2025-08-10,PRD_001_Laptops,South,187,850,7,929,227,65,OVERSTOCK_WARNING
2025-08-10,PRD_001_Laptops,East,96,850,4,921,116,19,OVERSTOCK_WARNING
2025-08-10,PRD_001_Laptops,West,137,850,12,1005,166,82,OVERSTOCK_WARNING
2025-08-10,PRD_002_Monitors,North,149,320,5,750,181,37,OVERSTOCK_WARNING
2025-08-10,PRD_002_Monitors,South,81,320,9,147,98,36,OPTIMAL
2025-08-10,PRD_002_Monitors,East,109,320,6,681,132,32,OVERSTOCK_WARNING
2025-08-10,PRD_002_Monitors,West,150,320,9,224,182,67,OPTIMAL
2025-08-10,PRD_003_Keyboards,North,58,45,5,832,70,14,OVERSTOCK_WARNING
2025-08-10,PRD_003_Keyboards,South,109,45,13,1055,132,70,OVERSTOCK_WARNING
2025-08-10,PRD_003_Keyboards,East,197,45,11,183,239,108,OPTIMAL
2025-08-10,PRD_003_Keyboards,West,114,45,9,745,138,51,OVERSTOCK_WARNING
2025-08-10,PRD_004_Processors,North,95,400,8,424,115,38,OVERSTOCK_WARNING
2025-08-10,PRD_004_Processors,South,58,400,12,505,70,34,OVERSTOCK_WARNING
2025-08-10,PRD_004_Processors,East,208,400,6,102,252,62,OPTIMAL
2025-08-10,PRD_004_Processors,West,86,400,11,913,104,47,OVERSTOCK_WARNING
2025-08-11,PRD_001_Laptops,North,183,850,11,747,222,100,OVERSTOCK_WARNING
2025-08-11,PRD_001_Laptops,South,116,850,5,760,140,29,OVERSTOCK_WARNING
2025-08-11,PRD_001_Laptops,East,70,850,7,495,85,24,OVERSTOCK_WARNING
2025-08-11,PRD_001_Laptops,West,98,850,11,191,119,53,OPTIMAL
2025-08-11,PRD_002_Monitors,North,135,320,8,759,163,54,OVERSTOCK_WARNING
2025-08-11,PRD_002_Monitors,South,161,320,7,184,195,56,OPTIMAL
2025-08-11,PRD_002_Monitors,East,113,320,9,211,137,50,OPTIMAL
2025-08-11,PRD_002_Monitors,West,138,320,12,1022,167,82,OVERSTOCK_WARNING
2025-08-11,PRD_003_Keyboards,North,114,45,8,475,138,45,OVERSTOCK_WARNING
2025-08-11,PRD_003_Keyboards,South,84,45,3,543,102,12,OVERSTOCK_WARNING
2025-08-11,PRD_003_Keyboards,East,202,45,4,410,245,40,OVERSTOCK_WARNING
2025-08-11,PRD_003_Keyboards,West,208,45,5,364,252,52,OVERSTOCK_WARNING
2025-08-11,PRD_004_Processors,North,57,400,6,318,69,17,OVERSTOCK_WARNING
2025-08-11,PRD_004_Processors,South,53,400,4,1024,64,10,OVERSTOCK_WARNING
2025-08-11,PRD_004_Processors,East,93,400,12,183,112,55,OPTIMAL
2025-08-11,PRD_004_Processors,West,209,400,12,207,253,125,OPTIMAL
2025-08-12,PRD_001_Laptops,North,197,850,11,1038,239,108,OVERSTOCK_WARNING
2025-08-12,PRD_001_Laptops,South,58,850,10,811,70,29,OVERSTOCK_WARNING
2025-08-12,PRD_001_Laptops,East,175,850,5,1042,212,43,OVERSTOCK_WARNING
2025-08-12,PRD_001_Laptops,West,125,850,3,307,151,18,OVERSTOCK_WARNING
2025-08-12,PRD_002_Monitors,North,184,320,5,600,223,46,OVERSTOCK_WARNING
2025-08-12,PRD_002_Monitors,South,133,320,7,1051,161,46,OVERSTOCK_WARNING
2025-08-12,PRD_002_Monitors,East,204,320,13,355,247,132,OPTIMAL
2025-08-12,PRD_002_Monitors,West,74,320,7,766,89,25,OVERSTOCK_WARNING
2025-08-12,PRD_003_Keyboards,North,149,45,13,1027,181,96,OVERSTOCK_WARNING
2025-08-12,PRD_003_Keyboards,South,175,45,6,746,212,52,OVERSTOCK_WARNING
2025-08-12,PRD_003_Keyboards,East,211,45,10,949,256,105,OVERSTOCK_WARNING
2025-08-12,PRD_003_Keyboards,West,86,45,13,292,104,55,OVERSTOCK_WARNING
2025-08-12,PRD_004_Processors,North,219,400,6,587,266,65,OVERSTOCK_WARNING
2025-08-12,PRD_004_Processors,South,107,400,13,284,129,69,OPTIMAL
2025-08-12,PRD_004_Processors,East,164,400,11,595,199,90,OVERSTOCK_WARNING
2025-08-12,PRD_004_Processors,West,115,400,11,156,139,63,OPTIMAL
2025-08-13,PRD_001_Laptops,North,87,850,12,693,105,52,OVERSTOCK_WARNING
2025-08-13,PRD_001_Laptops,South,145,850,9,555,176,65,OVERSTOCK_WARNING
2025-08-13,PRD_001_Laptops,East,97,850,5,167,117,24,OVERSTOCK_WARNING
2025-08-13,PRD_001_Laptops,West,152,850,12,619,184,91,OVERSTOCK_WARNING
2025-08-13,PRD_002_Monitors,North,105,320,12,461,127,63,OVERSTOCK_WARNING
2025-08-13,PRD_002_Monitors,South,97,320,11,816,117,53,OVERSTOCK_WARNING
2025-08-13,PRD_002_Monitors,East,181,320,6,222,219,54,OPTIMAL
2025-08-13,PRD_002_Monitors,West,135,320,3,992,163,20,OVERSTOCK_WARNING
2025-08-13,PRD_003_Keyboards,North,191,45,13,382,232,124,OPTIMAL
2025-08-13,PRD_003_Keyboards,South,151,45,4,800,183,30,OVERSTOCK_WARNING
2025-08-13,PRD_003_Keyboards,East,82,45,10,835,99,41,OVERSTOCK_WARNING
2025-08-13,PRD_003_Keyboards,West,42,45,6,95,51,12,OVERSTOCK_WARNING
2025-08-13,PRD_004_Processors,North,117,400,13,1092,142,76,OVERSTOCK_WARNING
2025-08-13,PRD_004_Processors,South,216,400,13,640,262,140,OVERSTOCK_WARNING
2025-08-13,PRD_004_Processors,East,90,400,8,368,109,36,OVERSTOCK_WARNING
2025-08-13,PRD_004_Processors,West,69,400,13,411,83,44,OVERSTOCK_WARNING
2025-08-14,PRD_001_Laptops,North,54,850,4,334,65,10,OVERSTOCK_WARNING
2025-08-14,PRD_001_Laptops,South,131,850,9,797,159,58,OVERSTOCK_WARNING
2025-08-14,PRD_001_Laptops,East,133,850,3,892,161,19,OVERSTOCK_WARNING
2025-08-14,PRD_001_Laptops,West,101,850,9,350,122,45,OVERSTOCK_WARNING
2025-08-14,PRD_002_Monitors,North,85,320,8,1021,103,34,OVERSTOCK_WARNING
2025-08-14,PRD_002_Monitors,South,211,320,13,236,256,137,OPTIMAL
2025-08-14,PRD_002_Monitors,East,91,320,8,167,110,36,OVERSTOCK_WARNING
2025-08-14,PRD_002_Monitors,West,96,320,5,145,116,24,OVERSTOCK_WARNING
2025-08-14,PRD_003_Keyboards,North,189,45,6,112,229,56,OPTIMAL
2025-08-14,PRD_003_Keyboards,South,111,45,11,637,134,61,OVERSTOCK_WARNING
2025-08-14,PRD_003_Keyboards,East,112,45,4,904,136,22,OVERSTOCK_WARNING
2025-08-14,PRD_003_Keyboards,West,126,45,7,134,153,44,OPTIMAL
2025-08-14,PRD_004_Processors,North,100,400,11,599,121,55,OVERSTOCK_WARNING
2025-08-14,PRD_004_Processors,South,55,400,8,255,66,22,OVERSTOCK_WARNING
2025-08-14,PRD_004_Processors,East,155,400,3,741,188,23,OVERSTOCK_WARNING
2025-08-14,PRD_004_Processors,West,170,400,8,389,206,68,OVERSTOCK_WARNING
2025-08-15,PRD_001_Laptops,North,53,850,6,801,64,15,OVERSTOCK_WARNING
2025-08-15,PRD_001_Laptops,South,144,850,4,658,174,28,OVERSTOCK_WARNING
2025-08-15,PRD_001_Laptops,East,49,850,3,566,59,7,OVERSTOCK_WARNING
2025-08-15,PRD_001_Laptops,West,150,850,3,810,182,22,OVERSTOCK_WARNING
2025-08-15,PRD_002_Monitors,North,96,320,13,1050,116,62,OVERSTOCK_WARNING
2025-08-15,PRD_002_Monitors,South,152,320,7,662,184,53,OVERSTOCK_WARNING
2025-08-15,PRD_002_Monitors,East,122,320,11,455,148,67,OVERSTOCK_WARNING
2025-08-15,PRD_002_Monitors,West,132,320,5,190,160,33,OVERSTOCK_WARNING
2025-08-15,PRD_003_Keyboards,North,140,45,9,155,170,63,OPTIMAL
2025-08-15,PRD_003_Keyboards,South,197,45,6,1012,239,59,OVERSTOCK_WARNING
2025-08-15,PRD_003_Keyboards,East,170,45,11,201,206,93,OPTIMAL
2025-08-15,PRD_003_Keyboards,West,80,45,9,1001,97,36,OVERSTOCK_WARNING
2025-08-15,PRD_004_Processors,North,169,400,9,358,205,76,OVERSTOCK_WARNING
2025-08-15,PRD_004_Processors,South,183,400,11,92,222,100,CRITICAL_STOCKOUT_RISK
2025-08-15,PRD_004_Processors,East,195,400,13,898,236,126,OVERSTOCK_WARNING
2025-08-15,PRD_004_Processors,West,103,400,6,288,125,30,OVERSTOCK_WARNING
2025-08-16,PRD_001_Laptops,North,77,850,6,784,93,23,OVERSTOCK_WARNING
2025-08-16,PRD_001_Laptops,South,185,850,5,472,224,46,OVERSTOCK_WARNING
2025-08-16,PRD_001_Laptops,East,180,850,10,902,218,90,OVERSTOCK_WARNING
2025-08-16,PRD_001_Laptops,West,148,850,13,379,179,96,OPTIMAL
2025-08-16,PRD_002_Monitors,North,149,320,6,496,181,44,OVERSTOCK_WARNING
2025-08-16,PRD_002_Monitors,South,191,320,6,834,232,57,OVERSTOCK_WARNING
2025-08-16,PRD_002_Monitors,East,167,320,11,601,202,91,OVERSTOCK_WARNING
2025-08-16,PRD_002_Monitors,West,139,320,6,1080,168,41,OVERSTOCK_WARNING
2025-08-16,PRD_003_Keyboards,North,148,45,13,731,179,96,OVERSTOCK_WARNING
2025-08-16,PRD_003_Keyboards,South,185,45,7,654,224,64,OVERSTOCK_WARNING
2025-08-16,PRD_003_Keyboards,East,123,45,11,347,149,67,OVERSTOCK_WARNING
2025-08-16,PRD_003_Keyboards,West,188,45,11,90,228,103,CRITICAL_STOCKOUT_RISK
2025-08-16,PRD_004_Processors,North,103,400,11,205,125,56,OPTIMAL
2025-08-16,PRD_004_Processors,South,89,400,11,434,108,48,OVERSTOCK_WARNING
2025-08-16,PRD_004_Processors,East,155,400,3,93,188,23,OPTIMAL
2025-08-16,PRD_004_Processors,West,40,400,3,360,48,6,OVERSTOCK_WARNING
2025-08-17,PRD_001_Laptops,North,111,850,7,468,134,38,OVERSTOCK_WARNING
2025-08-17,PRD_001_Laptops,South,144,850,5,226,174,36,OVERSTOCK_WARNING
2025-08-17,PRD_001_Laptops,East,62,850,11,709,75,34,OVERSTOCK_WARNING
2025-08-17,PRD_001_Laptops,West,133,850,4,223,161,26,OVERSTOCK_WARNING
2025-08-17,PRD_002_Monitors,North,72,320,4,93,87,14,OVERSTOCK_WARNING
2025-08-17,PRD_002_Monitors,South,40,320,12,777,48,24,OVERSTOCK_WARNING
2025-08-17,PRD_002_Monitors,East,128,320,12,1022,155,76,OVERSTOCK_WARNING
2025-08-17,PRD_002_Monitors,West,211,320,10,702,256,105,OVERSTOCK_WARNING
2025-08-17,PRD_003_Keyboards,North,182,45,5,151,221,45,OPTIMAL
2025-08-17,PRD_003_Keyboards,South,201,45,4,362,244,40,OVERSTOCK_WARNING
2025-08-17,PRD_003_Keyboards,East,113,45,5,806,137,28,OVERSTOCK_WARNING
2025-08-17,PRD_003_Keyboards,West,111,45,9,659,134,49,OVERSTOCK_WARNING
2025-08-17,PRD_004_Processors,North,181,400,7,441,219,63,OVERSTOCK_WARNING
2025-08-17,PRD_004_Processors,South,132,400,3,403,160,19,OVERSTOCK_WARNING
2025-08-17,PRD_004_Processors,East,167,400,3,960,202,25,OVERSTOCK_WARNING
2025-08-17,PRD_004_Processors,West,129,400,3,182,156,19,OVERSTOCK_WARNING
2025-08-18,PRD_001_Laptops,North,199,850,6,798,241,59,OVERSTOCK_WARNING
2025-08-18,PRD_001_Laptops,South,52,850,4,459,63,10,OVERSTOCK_WARNING
2025-08-18,PRD_001_Laptops,East,186,850,10,828,225,93,OVERSTOCK_WARNING
2025-08-18,PRD_001_Laptops,West,127,850,13,266,154,82,OPTIMAL
2025-08-18,PRD_002_Monitors,North,54,320,12,376,65,32,OVERSTOCK_WARNING
2025-08-18,PRD_002_Monitors,South,194,320,11,131,235,106,OPTIMAL
2025-08-18,PRD_002_Monitors,East,167,320,3,96,202,25,OPTIMAL
2025-08-18,PRD_002_Monitors,West,134,320,12,910,162,80,OVERSTOCK_WARNING
2025-08-18,PRD_003_Keyboards,North,214,45,8,822,259,85,OVERSTOCK_WARNING
2025-08-18,PRD_003_Keyboards,South,109,45,10,283,132,54,OVERSTOCK_WARNING
2025-08-18,PRD_003_Keyboards,East,92,45,9,921,111,41,OVERSTOCK_WARNING
2025-08-18,PRD_003_Keyboards,West,93,45,6,414,112,27,OVERSTOCK_WARNING
2025-08-18,PRD_004_Processors,North,70,400,9,137,85,31,OPTIMAL
2025-08-18,PRD_004_Processors,South,144,400,12,601,174,86,OVERSTOCK_WARNING
2025-08-18,PRD_004_Processors,East,78,400,7,710,94,27,OVERSTOCK_WARNING
2025-08-18,PRD_004_Processors,West,106,400,4,378,128,21,OVERSTOCK_WARNING
2025-08-19,PRD_001_Laptops,North,91,850,7,135,110,31,OPTIMAL
2025-08-19,PRD_001_Laptops,South,115,850,6,830,139,34,OVERSTOCK_WARNING
2025-08-19,PRD_001_Laptops,East,176,850,9,953,213,79,OVERSTOCK_WARNING
2025-08-19,PRD_001_Laptops,West,164,850,9,526,199,73,OVERSTOCK_WARNING
2025-08-19,PRD_002_Monitors,North,148,320,10,891,179,74,OVERSTOCK_WARNING
2025-08-19,PRD_002_Monitors,South,191,320,5,521,232,47,OVERSTOCK_WARNING
2025-08-19,PRD_002_Monitors,East,200,320,8,1088,242,80,OVERSTOCK_WARNING
2025-08-19,PRD_002_Monitors,West,96,320,4,954,116,19,OVERSTOCK_WARNING
2025-08-19,PRD_003_Keyboards,North,110,45,4,681,133,22,OVERSTOCK_WARNING
2025-08-19,PRD_003_Keyboards,South,111,45,8,109,134,44,OPTIMAL
2025-08-19,PRD_003_Keyboards,East,142,45,9,367,172,63,OVERSTOCK_WARNING
2025-08-19,PRD_003_Keyboards,West,125,45,12,826,151,75,OVERSTOCK_WARNING
2025-08-19,PRD_004_Processors,North,96,400,11,878,116,52,OVERSTOCK_WARNING
2025-08-19,PRD_004_Processors,South,110,400,11,348,133,60,OVERSTOCK_WARNING
2025-08-19,PRD_004_Processors,East,170,400,5,1072,206,42,OVERSTOCK_WARNING
2025-08-19,PRD_004_Processors,West,60,400,6,881,72,18,OVERSTOCK_WARNING
2025-08-20,PRD_001_Laptops,North,160,850,5,862,194,40,OVERSTOCK_WARNING
2025-08-20,PRD_001_Laptops,South,159,850,8,589,193,63,OVERSTOCK_WARNING
2025-08-20,PRD_001_Laptops,East,148,850,7,432,179,51,OVERSTOCK_WARNING
2025-08-20,PRD_001_Laptops,West,71,850,6,162,86,21,OVERSTOCK_WARNING
2025-08-20,PRD_002_Monitors,North,195,320,7,197,236,68,OPTIMAL
2025-08-20,PRD_002_Monitors,South,118,320,5,186,143,29,OVERSTOCK_WARNING
2025-08-20,PRD_002_Monitors,East,165,320,8,323,200,66,OVERSTOCK_WARNING
2025-08-20,PRD_002_Monitors,West,112,320,7,547,136,39,OVERSTOCK_WARNING
2025-08-20,PRD_003_Keyboards,North,137,45,8,617,166,54,OVERSTOCK_WARNING
2025-08-20,PRD_003_Keyboards,South,131,45,9,1026,159,58,OVERSTOCK_WARNING
2025-08-20,PRD_003_Keyboards,East,112,45,13,388,136,72,OVERSTOCK_WARNING
2025-08-20,PRD_003_Keyboards,West,117,45,12,935,142,70,OVERSTOCK_WARNING
2025-08-20,PRD_004_Processors,North,52,400,13,155,63,33,OVERSTOCK_WARNING
2025-08-20,PRD_004_Processors,South,90,400,5,228,109,22,OVERSTOCK_WARNING
2025-08-20,PRD_004_Processors,East,161,400,5,359,195,40,OVERSTOCK_WARNING
2025-08-20,PRD_004_Processors,West,65,400,10,161,78,32,OVERSTOCK_WARNING
2025-08-21,PRD_001_Laptops,North,139,850,12,1004,168,83,OVERSTOCK_WARNING
2025-08-21,PRD_001_Laptops,South,56,850,6,123,68,16,OVERSTOCK_WARNING
2025-08-21,PRD_001_Laptops,East,100,850,13,428,121,65,OVERSTOCK_WARNING
2025-08-21,PRD_001_Laptops,West,113,850,11,1070,137,62,OVERSTOCK_WARNING
2025-08-21,PRD_002_Monitors,North,106,320,4,1096,128,21,OVERSTOCK_WARNING
2025-08-21,PRD_002_Monitors,South,128,320,3,789,155,19,OVERSTOCK_WARNING
2025-08-21,PRD_002_Monitors,East,65,320,10,178,78,32,OVERSTOCK_WARNING
2025-08-21,PRD_002_Monitors,West,66,320,11,225,80,36,OVERSTOCK_WARNING
2025-08-21,PRD_003_Keyboards,North,40,45,9,978,48,18,OVERSTOCK_WARNING
2025-08-21,PRD_003_Keyboards,South,80,45,7,898,97,27,OVERSTOCK_WARNING
2025-08-21,PRD_003_Keyboards,East,54,45,10,629,65,27,OVERSTOCK_WARNING
2025-08-21,PRD_003_Keyboards,West,153,45,5,647,185,38,OVERSTOCK_WARNING
2025-08-21,PRD_004_Processors,North,214,400,12,438,259,128,OPTIMAL
2025-08-21,PRD_004_Processors,South,177,400,8,413,215,70,OVERSTOCK_WARNING
2025-08-21,PRD_004_Processors,East,216,400,11,418,262,118,OPTIMAL
2025-08-21,PRD_004_Processors,West,69,400,7,966,83,24,OVERSTOCK_WARNING
2025-08-22,PRD_001_Laptops,North,70,850,6,841,85,21,OVERSTOCK_WARNING
2025-08-22,PRD_001_Laptops,South,62,850,10,85,75,31,OPTIMAL
2025-08-22,PRD_001_Laptops,East,77,850,11,947,93,42,OVERSTOCK_WARNING
2025-08-22,PRD_001_Laptops,West,66,850,13,404,80,42,OVERSTOCK_WARNING
2025-08-22,PRD_002_Monitors,North,96,320,3,323,116,14,OVERSTOCK_WARNING
2025-08-22,PRD_002_Monitors,South,110,320,13,126,133,71,OPTIMAL
2025-08-22,PRD_002_Monitors,East,118,320,13,459,143,76,OVERSTOCK_WARNING
2025-08-22,PRD_002_Monitors,West,148,320,12,421,179,88,OVERSTOCK_WARNING
2025-08-22,PRD_003_Keyboards,North,131,45,10,300,159,65,OVERSTOCK_WARNING
2025-08-22,PRD_003_Keyboards,South,112,45,12,851,136,67,OVERSTOCK_WARNING
2025-08-22,PRD_003_Keyboards,East,152,45,10,353,184,76,OVERSTOCK_WARNING
2025-08-22,PRD_003_Keyboards,West,82,45,3,940,99,12,OVERSTOCK_WARNING
2025-08-22,PRD_004_Processors,North,142,400,12,408,172,85,OVERSTOCK_WARNING
2025-08-22,PRD_004_Processors,South,70,400,11,978,85,38,OVERSTOCK_WARNING
2025-08-22,PRD_004_Processors,East,157,400,9,861,190,70,OVERSTOCK_WARNING
2025-08-22,PRD_004_Processors,West,182,400,4,615,221,36,OVERSTOCK_WARNING
2025-08-23,PRD_001_Laptops,North,103,850,9,435,125,46,OVERSTOCK_WARNING
2025-08-23,PRD_001_Laptops,South,153,850,10,746,185,76,OVERSTOCK_WARNING
2025-08-23,PRD_001_Laptops,East,204,850,8,813,247,81,OVERSTOCK_WARNING
2025-08-23,PRD_001_Laptops,West,130,850,9,1038,157,58,OVERSTOCK_WARNING
2025-08-23,PRD_002_Monitors,North,65,320,3,967,78,9,OVERSTOCK_WARNING
2025-08-23,PRD_002_Monitors,South,43,320,11,848,52,23,OVERSTOCK_WARNING
2025-08-23,PRD_002_Monitors,East,89,320,8,474,108,35,OVERSTOCK_WARNING
2025-08-23,PRD_002_Monitors,West,113,320,13,653,137,73,OVERSTOCK_WARNING
2025-08-23,PRD_003_Keyboards,North,120,45,6,647,145,36,OVERSTOCK_WARNING
2025-08-23,PRD_003_Keyboards,South,150,45,12,319,182,90,OPTIMAL
2025-08-23,PRD_003_Keyboards,East,60,45,11,218,72,33,OVERSTOCK_WARNING
2025-08-23,PRD_003_Keyboards,West,109,45,3,709,132,16,OVERSTOCK_WARNING
2025-08-23,PRD_004_Processors,North,95,400,8,884,115,38,OVERSTOCK_WARNING
2025-08-23,PRD_004_Processors,South,214,400,13,961,259,139,OVERSTOCK_WARNING
2025-08-23,PRD_004_Processors,East,167,400,12,404,202,100,OPTIMAL
2025-08-23,PRD_004_Processors,West,75,400,4,143,91,15,OVERSTOCK_WARNING
2025-08-24,PRD_001_Laptops,North,209,850,12,577,253,125,OVERSTOCK_WARNING
2025-08-24,PRD_001_Laptops,South,120,850,7,139,145,42,OPTIMAL
2025-08-24,PRD_001_Laptops,East,180,850,3,656,218,27,OVERSTOCK_WARNING
2025-08-24,PRD_001_Laptops,West,72,850,8,104,87,28,OPTIMAL
2025-08-24,PRD_002_Monitors,North,193,320,13,1067,234,125,OVERSTOCK_WARNING
2025-08-24,PRD_002_Monitors,South,200,320,7,462,242,70,OVERSTOCK_WARNING
2025-08-24,PRD_002_Monitors,East,80,320,11,512,97,44,OVERSTOCK_WARNING
2025-08-24,PRD_002_Monitors,West,87,320,10,512,105,43,OVERSTOCK_WARNING
2025-08-24,PRD_003_Keyboards,North,214,45,10,656,259,107,OVERSTOCK_WARNING
2025-08-24,PRD_003_Keyboards,South,51,45,7,807,61,17,OVERSTOCK_WARNING
2025-08-24,PRD_003_Keyboards,East,173,45,11,528,210,95,OVERSTOCK_WARNING
2025-08-24,PRD_003_Keyboards,West,64,45,3,751,77,9,OVERSTOCK_WARNING
2025-08-24,PRD_004_Processors,North,170,400,3,738,206,25,OVERSTOCK_WARNING
2025-08-24,PRD_004_Processors,South,99,400,13,492,120,64,OVERSTOCK_WARNING
2025-08-24,PRD_004_Processors,East,217,400,4,920,263,43,OVERSTOCK_WARNING
2025-08-24,PRD_004_Processors,West,184,400,6,652,223,55,OVERSTOCK_WARNING
2025-08-25,PRD_001_Laptops,North,56,850,3,923,68,8,OVERSTOCK_WARNING
2025-08-25,PRD_001_Laptops,South,187,850,4,722,227,37,OVERSTOCK_WARNING
2025-08-25,PRD_001_Laptops,East,82,850,11,641,99,45,OVERSTOCK_WARNING
2025-08-25,PRD_001_Laptops,West,217,850,7,125,263,75,OPTIMAL
2025-08-25,PRD_002_Monitors,North,209,320,3,927,253,31,OVERSTOCK_WARNING
2025-08-25,PRD_002_Monitors,South,178,320,9,227,216,80,OPTIMAL
2025-08-25,PRD_002_Monitors,East,63,320,8,159,76,25,OVERSTOCK_WARNING
2025-08-25,PRD_002_Monitors,West,133,320,4,144,161,26,OVERSTOCK_WARNING
2025-08-25,PRD_003_Keyboards,North,127,45,10,792,154,63,OVERSTOCK_WARNING
2025-08-25,PRD_003_Keyboards,South,184,45,11,555,223,101,OVERSTOCK_WARNING
2025-08-25,PRD_003_Keyboards,East,100,45,5,618,121,25,OVERSTOCK_WARNING
2025-08-25,PRD_003_Keyboards,West,113,45,12,622,137,67,OVERSTOCK_WARNING
2025-08-25,PRD_004_Processors,North,51,400,11,1098,61,28,OVERSTOCK_WARNING
2025-08-25,PRD_004_Processors,South,100,400,7,537,121,35,OVERSTOCK_WARNING
2025-08-25,PRD_004_Processors,East,119,400,9,851,144,53,OVERSTOCK_WARNING
2025-08-25,PRD_004_Processors,West,91,400,9,552,110,40,OVERSTOCK_WARNING
2025-08-26,PRD_001_Laptops,North,198,850,13,191,240,128,OPTIMAL
2025-08-26,PRD_001_Laptops,South,75,850,8,901,91,30,OVERSTOCK_WARNING
2025-08-26,PRD_001_Laptops,East,158,850,3,572,191,23,OVERSTOCK_WARNING
2025-08-26,PRD_001_Laptops,West,114,850,5,952,138,28,OVERSTOCK_WARNING
2025-08-26,PRD_002_Monitors,North,189,320,7,634,229,66,OVERSTOCK_WARNING
2025-08-26,PRD_002_Monitors,South,151,320,5,874,183,37,OVERSTOCK_WARNING
2025-08-26,PRD_002_Monitors,East,76,320,3,626,92,11,OVERSTOCK_WARNING
2025-08-26,PRD_002_Monitors,West,171,320,7,1001,207,59,OVERSTOCK_WARNING
2025-08-26,PRD_003_Keyboards,North,160,45,6,226,194,48,OVERSTOCK_WARNING
2025-08-26,PRD_003_Keyboards,South,161,45,3,764,195,24,OVERSTOCK_WARNING
2025-08-26,PRD_003_Keyboards,East,193,45,8,454,234,77,OVERSTOCK_WARNING
2025-08-26,PRD_003_Keyboards,West,97,45,10,747,117,48,OVERSTOCK_WARNING
2025-08-26,PRD_004_Processors,North,211,400,6,506,256,63,OVERSTOCK_WARNING
2025-08-26,PRD_004_Processors,South,204,400,4,992,247,40,OVERSTOCK_WARNING
2025-08-26,PRD_004_Processors,East,207,400,8,676,251,82,OVERSTOCK_WARNING
2025-08-26,PRD_004_Processors,West,176,400,13,268,213,114,OPTIMAL
2025-08-27,PRD_001_Laptops,North,183,850,13,81,222,118,CRITICAL_STOCKOUT_RISK
2025-08-27,PRD_001_Laptops,South,145,850,10,506,176,72,OVERSTOCK_WARNING
2025-08-27,PRD_001_Laptops,East,165,850,12,284,200,99,OPTIMAL
2025-08-27,PRD_001_Laptops,West,96,850,3,1078,116,14,OVERSTOCK_WARNING
2025-08-27,PRD_002_Monitors,North,197,320,6,732,239,59,OVERSTOCK_WARNING
2025-08-27,PRD_002_Monitors,South,58,320,9,984,70,26,OVERSTOCK_WARNING
2025-08-27,PRD_002_Monitors,East,93,320,10,933,112,46,OVERSTOCK_WARNING
2025-08-27,PRD_002_Monitors,West,121,320,9,849,146,54,OVERSTOCK_WARNING
2025-08-27,PRD_003_Keyboards,North,217,45,4,282,263,43,OVERSTOCK_WARNING
2025-08-27,PRD_003_Keyboards,South,70,45,3,541,85,10,OVERSTOCK_WARNING
2025-08-27,PRD_003_Keyboards,East,119,45,13,496,144,77,OVERSTOCK_WARNING
2025-08-27,PRD_003_Keyboards,West,167,45,9,975,202,75,OVERSTOCK_WARNING
2025-08-27,PRD_004_Processors,North,70,400,7,698,85,24,OVERSTOCK_WARNING
2025-08-27,PRD_004_Processors,South,58,400,3,202,70,8,OVERSTOCK_WARNING
2025-08-27,PRD_004_Processors,East,173,400,13,896,210,112,OVERSTOCK_WARNING
2025-08-27,PRD_004_Processors,West,112,400,4,928,136,22,OVERSTOCK_WARNING
2025-08-28,PRD_001_Laptops,North,134,850,9,645,162,60,OVERSTOCK_WARNING
2025-08-28,PRD_001_Laptops,South,157,850,7,314,190,54,OVERSTOCK_WARNING
2025-08-28,PRD_001_Laptops,East,98,850,6,850,119,29,OVERSTOCK_WARNING
2025-08-28,PRD_001_Laptops,West,97,850,10,262,117,48,OVERSTOCK_WARNING
2025-08-28,PRD_002_Monitors,North,96,320,3,1014,116,14,OVERSTOCK_WARNING
2025-08-28,PRD_002_Monitors,South,129,320,6,390,156,38,OVERSTOCK_WARNING
2025-08-28,PRD_002_Monitors,East,84,320,3,612,102,12,OVERSTOCK_WARNING
2025-08-28,PRD_002_Monitors,West,60,320,6,417,72,18,OVERSTOCK_WARNING
2025-08-28,PRD_003_Keyboards,North,210,45,6,146,255,63,OPTIMAL
2025-08-28,PRD_003_Keyboards,South,152,45,12,911,184,91,OVERSTOCK_WARNING
2025-08-28,PRD_003_Keyboards,East,108,45,6,585,131,32,OVERSTOCK_WARNING
2025-08-28,PRD_003_Keyboards,West,67,45,7,707,81,23,OVERSTOCK_WARNING
2025-08-28,PRD_004_Processors,North,90,400,7,339,109,31,OVERSTOCK_WARNING
2025-08-28,PRD_004_Processors,South,118,400,3,699,143,17,OVERSTOCK_WARNING
2025-08-28,PRD_004_Processors,East,113,400,12,263,137,67,OPTIMAL
2025-08-28,PRD_004_Processors,West,62,400,4,208,75,12,OVERSTOCK_WARNING
2025-08-29,PRD_001_Laptops,North,74,850,7,265,89,25,OVERSTOCK_WARNING
2025-08-29,PRD_001_Laptops,South,98,850,3,722,119,14,OVERSTOCK_WARNING
2025-08-29,PRD_001_Laptops,East,106,850,7,546,128,37,OVERSTOCK_WARNING
2025-08-29,PRD_001_Laptops,West,68,850,11,496,82,37,OVERSTOCK_WARNING
2025-08-29,PRD_002_Monitors,North,139,320,12,937,168,83,OVERSTOCK_WARNING
2025-08-29,PRD_002_Monitors,South,171,320,3,861,207,25,OVERSTOCK_WARNING
2025-08-29,PRD_002_Monitors,East,200,320,8,255,242,80,OPTIMAL
2025-08-29,PRD_002_Monitors,West,170,320,9,932,206,76,OVERSTOCK_WARNING
2025-08-29,PRD_003_Keyboards,North,190,45,6,356,230,57,OVERSTOCK_WARNING
2025-08-29,PRD_003_Keyboards,South,210,45,7,361,255,73,OVERSTOCK_WARNING
2025-08-29,PRD_003_Keyboards,East,80,45,12,306,97,48,OVERSTOCK_WARNING
2025-08-29,PRD_003_Keyboards,West,77,45,10,346,93,38,OVERSTOCK_WARNING
2025-08-29,PRD_004_Processors,North,68,400,9,907,82,30,OVERSTOCK_WARNING
2025-08-29,PRD_004_Processors,South,100,400,8,226,121,40,OVERSTOCK_WARNING
2025-08-29,PRD_004_Processors,East,213,400,3,869,258,31,OVERSTOCK_WARNING
2025-08-29,PRD_004_Processors,West,117,400,3,1032,142,17,OVERSTOCK_WARNING
2025-08-30,PRD_001_Laptops,North,162,850,3,412,196,24,OVERSTOCK_WARNING
2025-08-30,PRD_001_Laptops,South,179,850,9,386,217,80,OVERSTOCK_WARNING
2025-08-30,PRD_001_Laptops,East,141,850,9,496,171,63,OVERSTOCK_WARNING
2025-08-30,PRD_001_Laptops,West,200,850,7,789,242,70,OVERSTOCK_WARNING
2025-08-30,PRD_002_Monitors,North,198,320,11,191,240,108,OPTIMAL
2025-08-30,PRD_002_Monitors,South,85,320,3,796,103,12,OVERSTOCK_WARNING
2025-08-30,PRD_002_Monitors,East,91,320,12,551,110,54,OVERSTOCK_WARNING
2025-08-30,PRD_002_Monitors,West,113,320,11,558,137,62,OVERSTOCK_WARNING
2025-08-30,PRD_003_Keyboards,North,116,45,5,778,140,29,OVERSTOCK_WARNING
2025-08-30,PRD_003_Keyboards,South,153,45,6,1009,185,45,OVERSTOCK_WARNING
2025-08-30,PRD_003_Keyboards,East,216,45,5,678,262,54,OVERSTOCK_WARNING
2025-08-30,PRD_003_Keyboards,West,148,45,3,1073,179,22,OVERSTOCK_WARNING
2025-08-30,PRD_004_Processors,North,108,400,10,146,131,54,OPTIMAL
2025-08-30,PRD_004_Processors,South,100,400,9,999,121,45,OVERSTOCK_WARNING
2025-08-30,PRD_004_Processors,East,190,400,4,687,230,38,OVERSTOCK_WARNING
2025-08-30,PRD_004_Processors,West,95,400,7,854,115,33,OVERSTOCK_WARNING
2025-08-31,PRD_001_Laptops,North,136,850,7,192,165,47,OPTIMAL
2025-08-31,PRD_001_Laptops,South,164,850,10,542,199,82,OVERSTOCK_WARNING
2025-08-31,PRD_001_Laptops,East,219,850,6,1009,266,65,OVERSTOCK_WARNING
2025-08-31,PRD_001_Laptops,West,200,850,11,276,242,110,OPTIMAL
2025-08-31,PRD_002_Monitors,North,77,320,4,713,93,15,OVERSTOCK_WARNING
2025-08-31,PRD_002_Monitors,South,65,320,3,851,78,9,OVERSTOCK_WARNING
2025-08-31,PRD_002_Monitors,East,78,320,8,591,94,31,OVERSTOCK_WARNING
2025-08-31,PRD_002_Monitors,West,200,320,3,279,242,30,OVERSTOCK_WARNING
2025-08-31,PRD_003_Keyboards,North,59,45,7,764,71,20,OVERSTOCK_WARNING
2025-08-31,PRD_003_Keyboards,South,166,45,12,166,201,99,OPTIMAL
2025-08-31,PRD_003_Keyboards,East,121,45,6,121,146,36,OPTIMAL
2025-08-31,PRD_003_Keyboards,West,51,45,3,825,61,7,OVERSTOCK_WARNING
2025-08-31,PRD_004_Processors,North,112,400,5,1099,136,28,OVERSTOCK_WARNING
2025-08-31,PRD_004_Processors,South,154,400,12,728,187,92,OVERSTOCK_WARNING
2025-08-31,PRD_004_Processors,East,145,400,5,607,176,36,OVERSTOCK_WARNING
2025-08-31,PRD_004_Processors,West,117,400,5,305,142,29,OVERSTOCK_WARNING
2025-09-01,PRD_001_Laptops,North,191,850,11,732,232,105,OVERSTOCK_WARNING
2025-09-01,PRD_001_Laptops,South,169,850,9,703,205,76,OVERSTOCK_WARNING
2025-09-01,PRD_001_Laptops,East,166,850,7,738,201,58,OVERSTOCK_WARNING
2025-09-01,PRD_001_Laptops,West,128,850,8,282,155,51,OVERSTOCK_WARNING
2025-09-01,PRD_002_Monitors,North,200,320,7,246,242,70,OPTIMAL
2025-09-01,PRD_002_Monitors,South,167,320,6,151,202,50,OPTIMAL
2025-09-01,PRD_002_Monitors,East,81,320,7,600,98,28,OVERSTOCK_WARNING
2025-09-01,PRD_002_Monitors,West,64,320,11,1072,77,35,OVERSTOCK_WARNING
2025-09-01,PRD_003_Keyboards,North,41,45,5,829,49,10,OVERSTOCK_WARNING
2025-09-01,PRD_003_Keyboards,South,59,45,12,824,71,35,OVERSTOCK_WARNING
2025-09-01,PRD_003_Keyboards,East,109,45,3,971,132,16,OVERSTOCK_WARNING
2025-09-01,PRD_003_Keyboards,West,128,45,8,787,155,51,OVERSTOCK_WARNING
2025-09-01,PRD_004_Processors,North,133,400,6,466,161,39,OVERSTOCK_WARNING
2025-09-01,PRD_004_Processors,South,126,400,5,929,153,31,OVERSTOCK_WARNING
2025-09-01,PRD_004_Processors,East,193,400,10,819,234,96,OVERSTOCK_WARNING
2025-09-01,PRD_004_Processors,West,47,400,3,814,57,7,OVERSTOCK_WARNING
2025-09-02,PRD_001_Laptops,North,204,850,11,1072,247,112,OVERSTOCK_WARNING
2025-09-02,PRD_001_Laptops,South,194,850,6,933,235,58,OVERSTOCK_WARNING
2025-09-02,PRD_001_Laptops,East,167,850,12,1071,202,100,OVERSTOCK_WARNING
2025-09-02,PRD_001_Laptops,West,149,850,5,116,181,37,OPTIMAL
2025-09-02,PRD_002_Monitors,North,110,320,3,110,133,16,OVERSTOCK_WARNING
2025-09-02,PRD_002_Monitors,South,164,320,13,423,199,106,OPTIMAL
2025-09-02,PRD_002_Monitors,East,111,320,11,245,134,61,OPTIMAL
2025-09-02,PRD_002_Monitors,West,125,320,4,98,151,25,OPTIMAL
2025-09-02,PRD_003_Keyboards,North,155,45,6,263,188,46,OVERSTOCK_WARNING
2025-09-02,PRD_003_Keyboards,South,53,45,3,89,64,7,OVERSTOCK_WARNING
2025-09-02,PRD_003_Keyboards,East,119,45,6,554,144,35,OVERSTOCK_WARNING
2025-09-02,PRD_003_Keyboards,West,131,45,13,927,159,85,OVERSTOCK_WARNING
2025-09-02,PRD_004_Processors,North,98,400,6,176,119,29,OVERSTOCK_WARNING
2025-09-02,PRD_004_Processors,South,58,400,7,357,70,20,OVERSTOCK_WARNING
2025-09-02,PRD_004_Processors,East,48,400,11,536,58,26,OVERSTOCK_WARNING
2025-09-02,PRD_004_Processors,West,66,400,3,1019,80,9,OVERSTOCK_WARNING
2025-09-03,PRD_001_Laptops,North,84,850,10,287,102,42,OVERSTOCK_WARNING
2025-09-03,PRD_001_Laptops,South,185,850,13,112,224,120,CRITICAL_STOCKOUT_RISK
2025-09-03,PRD_001_Laptops,East,40,850,8,888,48,16,OVERSTOCK_WARNING
2025-09-03,PRD_001_Laptops,West,44,850,13,671,53,28,OVERSTOCK_WARNING
2025-09-03,PRD_002_Monitors,North,57,320,3,929,69,8,OVERSTOCK_WARNING
2025-09-03,PRD_002_Monitors,South,104,320,5,517,126,26,OVERSTOCK_WARNING
2025-09-03,PRD_002_Monitors,East,175,320,5,1097,212,43,OVERSTOCK_WARNING
2025-09-03,PRD_002_Monitors,West,64,320,12,404,77,38,OVERSTOCK_WARNING
2025-09-03,PRD_003_Keyboards,North,207,45,5,417,251,51,OVERSTOCK_WARNING
2025-09-03,PRD_003_Keyboards,South,217,45,7,174,263,75,OPTIMAL
2025-09-03,PRD_003_Keyboards,East,72,45,4,972,87,14,OVERSTOCK_WARNING
2025-09-03,PRD_003_Keyboards,West,55,45,8,504,66,22,OVERSTOCK_WARNING
2025-09-03,PRD_004_Processors,North,174,400,13,516,211,113,OVERSTOCK_WARNING
2025-09-03,PRD_004_Processors,South,102,400,11,239,123,56,OPTIMAL
2025-09-03,PRD_004_Processors,East,77,400,8,1098,93,30,OVERSTOCK_WARNING
2025-09-03,PRD_004_Processors,West,183,400,6,620,222,54,OVERSTOCK_WARNING
2025-09-04,PRD_001_Laptops,North,183,850,3,820,222,27,OVERSTOCK_WARNING
2025-09-04,PRD_001_Laptops,South,103,850,13,424,125,66,OVERSTOCK_WARNING
2025-09-04,PRD_001_Laptops,East,52,850,10,775,63,26,OVERSTOCK_WARNING
2025-09-04,PRD_001_Laptops,West,44,850,11,850,53,24,OVERSTOCK_WARNING
2025-09-04,PRD_002_Monitors,North,72,320,11,293,87,39,OVERSTOCK_WARNING
2025-09-04,PRD_002_Monitors,South,89,320,10,571,108,44,OVERSTOCK_WARNING
2025-09-04,PRD_002_Monitors,East,176,320,11,801,213,96,OVERSTOCK_WARNING
2025-09-04,PRD_002_Monitors,West,217,320,9,938,263,97,OVERSTOCK_WARNING
2025-09-04,PRD_003_Keyboards,North,139,45,3,135,168,20,OVERSTOCK_WARNING
2025-09-04,PRD_003_Keyboards,South,85,45,5,276,103,21,OVERSTOCK_WARNING
2025-09-04,PRD_003_Keyboards,East,181,45,5,102,219,45,OPTIMAL
2025-09-04,PRD_003_Keyboards,West,133,45,4,316,161,26,OVERSTOCK_WARNING
2025-09-04,PRD_004_Processors,North,190,400,13,645,230,123,OVERSTOCK_WARNING
2025-09-04,PRD_004_Processors,South,177,400,11,924,215,97,OVERSTOCK_WARNING
2025-09-04,PRD_004_Processors,East,55,400,11,689,66,30,OVERSTOCK_WARNING
2025-09-04,PRD_004_Processors,West,167,400,7,396,202,58,OVERSTOCK_WARNING
2025-09-05,PRD_001_Laptops,North,125,850,3,806,151,18,OVERSTOCK_WARNING
2025-09-05,PRD_001_Laptops,South,157,850,6,640,190,47,OVERSTOCK_WARNING
2025-09-05,PRD_001_Laptops,East,219,850,4,559,266,43,OVERSTOCK_WARNING
2025-09-05,PRD_001_Laptops,West,159,850,4,836,193,31,OVERSTOCK_WARNING
2025-09-05,PRD_002_Monitors,North,162,320,8,250,196,64,OPTIMAL
2025-09-05,PRD_002_Monitors,South,116,320,10,138,140,58,OPTIMAL
2025-09-05,PRD_002_Monitors,East,51,320,6,452,61,15,OVERSTOCK_WARNING
2025-09-05,PRD_002_Monitors,West,134,320,11,970,162,73,OVERSTOCK_WARNING
2025-09-05,PRD_003_Keyboards,North,46,45,9,807,55,20,OVERSTOCK_WARNING
2025-09-05,PRD_003_Keyboards,South,108,45,7,160,131,37,OPTIMAL
2025-09-05,PRD_003_Keyboards,East,69,45,11,341,83,37,OVERSTOCK_WARNING
2025-09-05,PRD_003_Keyboards,West,128,45,5,287,155,32,OVERSTOCK_WARNING
2025-09-05,PRD_004_Processors,North,105,400,12,991,127,63,OVERSTOCK_WARNING
2025-09-05,PRD_004_Processors,South,76,400,10,506,92,38,OVERSTOCK_WARNING
2025-09-05,PRD_004_Processors,East,159,400,6,233,193,47,OVERSTOCK_WARNING
2025-09-05,PRD_004_Processors,West,49,400,3,236,59,7,OVERSTOCK_WARNING
2025-09-06,PRD_001_Laptops,North,44,850,3,1062,53,6,OVERSTOCK_WARNING
2025-09-06,PRD_001_Laptops,South,170,850,5,534,206,42,OVERSTOCK_WARNING
2025-09-06,PRD_001_Laptops,East,202,850,10,274,245,101,OPTIMAL
2025-09-06,PRD_001_Laptops,West,132,850,9,929,160,59,OVERSTOCK_WARNING
2025-09-06,PRD_002_Monitors,North,114,320,13,576,138,74,OVERSTOCK_WARNING
2025-09-06,PRD_002_Monitors,South,99,320,8,887,120,39,OVERSTOCK_WARNING
2025-09-06,PRD_002_Monitors,East,196,320,12,811,238,117,OVERSTOCK_WARNING
2025-09-06,PRD_002_Monitors,West,160,320,5,338,194,40,OVERSTOCK_WARNING
2025-09-06,PRD_003_Keyboards,North,75,45,13,222,91,48,OVERSTOCK_WARNING
2025-09-06,PRD_003_Keyboards,South,208,45,13,706,252,135,OVERSTOCK_WARNING
2025-09-06,PRD_003_Keyboards,East,148,45,12,799,179,88,OVERSTOCK_WARNING
2025-09-06,PRD_003_Keyboards,West,203,45,3,163,246,30,OVERSTOCK_WARNING
2025-09-06,PRD_004_Processors,North,116,400,3,596,140,17,OVERSTOCK_WARNING
2025-09-06,PRD_004_Processors,South,117,400,13,678,142,76,OVERSTOCK_WARNING
2025-09-06,PRD_004_Processors,East,53,400,10,531,64,26,OVERSTOCK_WARNING
2025-09-06,PRD_004_Processors,West,122,400,8,979,148,48,OVERSTOCK_WARNING
2025-09-07,PRD_001_Laptops,North,134,850,11,132,162,73,OPTIMAL
2025-09-07,PRD_001_Laptops,South,116,850,9,395,140,52,OVERSTOCK_WARNING
2025-09-07,PRD_001_Laptops,East,85,850,8,921,103,34,OVERSTOCK_WARNING
2025-09-07,PRD_001_Laptops,West,151,850,7,358,183,52,OVERSTOCK_WARNING
2025-09-07,PRD_002_Monitors,North,66,320,8,297,80,26,OVERSTOCK_WARNING
2025-09-07,PRD_002_Monitors,South,148,320,5,385,179,37,OVERSTOCK_WARNING
2025-09-07,PRD_002_Monitors,East,163,320,5,336,198,40,OVERSTOCK_WARNING
2025-09-07,PRD_002_Monitors,West,79,320,8,959,95,31,OVERSTOCK_WARNING
2025-09-07,PRD_003_Keyboards,North,79,45,8,127,95,31,OPTIMAL
2025-09-07,PRD_003_Keyboards,South,114,45,3,262,138,17,OVERSTOCK_WARNING
2025-09-07,PRD_003_Keyboards,East,218,45,13,267,264,141,OPTIMAL
2025-09-07,PRD_003_Keyboards,West,47,45,8,915,57,18,OVERSTOCK_WARNING
2025-09-07,PRD_004_Processors,North,114,400,10,216,138,57,OPTIMAL
2025-09-07,PRD_004_Processors,South,129,400,4,415,156,25,OVERSTOCK_WARNING
2025-09-07,PRD_004_Processors,East,134,400,8,836,162,53,OVERSTOCK_WARNING
2025-09-07,PRD_004_Processors,West,129,400,13,482,156,83,OVERSTOCK_WARNING
2025-09-08,PRD_001_Laptops,North,67,850,10,861,81,33,OVERSTOCK_WARNING
2025-09-08,PRD_001_Laptops,South,63,850,7,135,76,22,OVERSTOCK_WARNING
2025-09-08,PRD_001_Laptops,East,159,850,5,879,193,39,OVERSTOCK_WARNING
2025-09-08,PRD_001_Laptops,West,217,850,11,529,263,119,OPTIMAL
2025-09-08,PRD_002_Monitors,North,64,320,6,571,77,19,OVERSTOCK_WARNING
2025-09-08,PRD_002_Monitors,South,105,320,12,1040,127,63,OVERSTOCK_WARNING
2025-09-08,PRD_002_Monitors,East,203,320,11,667,246,111,OVERSTOCK_WARNING
2025-09-08,PRD_002_Monitors,West,176,320,6,824,213,52,OVERSTOCK_WARNING
2025-09-08,PRD_003_Keyboards,North,77,45,3,249,93,11,OVERSTOCK_WARNING
2025-09-08,PRD_003_Keyboards,South,100,45,8,424,121,40,OVERSTOCK_WARNING
2025-09-08,PRD_003_Keyboards,East,57,45,8,417,69,22,OVERSTOCK_WARNING
2025-09-08,PRD_003_Keyboards,West,155,45,10,348,188,77,OVERSTOCK_WARNING
2025-09-08,PRD_004_Processors,North,158,400,13,267,191,102,OPTIMAL
2025-09-08,PRD_004_Processors,South,96,400,9,608,116,43,OVERSTOCK_WARNING
2025-09-08,PRD_004_Processors,East,217,400,8,646,263,86,OVERSTOCK_WARNING
2025-09-08,PRD_004_Processors,West,52,400,9,909,63,23,OVERSTOCK_WARNING
2025-09-09,PRD_001_Laptops,North,68,850,8,912,82,27,OVERSTOCK_WARNING
2025-09-09,PRD_001_Laptops,South,68,850,7,841,82,23,OVERSTOCK_WARNING
2025-09-09,PRD_001_Laptops,East,202,850,9,793,245,90,OVERSTOCK_WARNING
2025-09-09,PRD_001_Laptops,West,140,850,9,1021,170,63,OVERSTOCK_WARNING
2025-09-09,PRD_002_Monitors,North,202,320,12,657,245,121,OVERSTOCK_WARNING
2025-09-09,PRD_002_Monitors,South,111,320,6,360,134,33,OVERSTOCK_WARNING
2025-09-09,PRD_002_Monitors,East,211,320,10,598,256,105,OVERSTOCK_WARNING
2025-09-09,PRD_002_Monitors,West,213,320,9,290,258,95,OPTIMAL
2025-09-09,PRD_003_Keyboards,North,85,45,8,476,103,34,OVERSTOCK_WARNING
2025-09-09,PRD_003_Keyboards,South,60,45,3,970,72,9,OVERSTOCK_WARNING
2025-09-09,PRD_003_Keyboards,East,186,45,3,339,225,27,OVERSTOCK_WARNING
2025-09-09,PRD_003_Keyboards,West,42,45,13,387,51,27,OVERSTOCK_WARNING
2025-09-09,PRD_004_Processors,North,67,400,8,533,81,26,OVERSTOCK_WARNING
2025-09-09,PRD_004_Processors,South,96,400,9,845,116,43,OVERSTOCK_WARNING
2025-09-09,PRD_004_Processors,East,183,400,10,1044,222,91,OVERSTOCK_WARNING
2025-09-09,PRD_004_Processors,West,208,400,12,924,252,124,OVERSTOCK_WARNING
2025-09-10,PRD_001_Laptops,North,214,850,7,948,259,74,OVERSTOCK_WARNING
2025-09-10,PRD_001_Laptops,South,198,850,4,123,240,39,OPTIMAL
2025-09-10,PRD_001_Laptops,East,194,850,5,1001,235,48,OVERSTOCK_WARNING
2025-09-10,PRD_001_Laptops,West,160,850,9,1088,194,72,OVERSTOCK_WARNING
2025-09-10,PRD_002_Monitors,North,154,320,4,304,187,30,OVERSTOCK_WARNING
2025-09-10,PRD_002_Monitors,South,95,320,7,138,115,33,OPTIMAL
2025-09-10,PRD_002_Monitors,East,163,320,4,432,198,32,OVERSTOCK_WARNING
2025-09-10,PRD_002_Monitors,West,206,320,13,186,250,133,OPTIMAL
2025-09-10,PRD_003_Keyboards,North,57,45,3,817,69,8,OVERSTOCK_WARNING
2025-09-10,PRD_003_Keyboards,South,206,45,9,953,250,92,OVERSTOCK_WARNING
2025-09-10,PRD_003_Keyboards,East,93,45,7,1074,112,32,OVERSTOCK_WARNING
2025-09-10,PRD_003_Keyboards,West,133,45,5,346,161,33,OVERSTOCK_WARNING
2025-09-10,PRD_004_Processors,North,100,400,11,915,121,55,OVERSTOCK_WARNING
2025-09-10,PRD_004_Processors,South,64,400,6,193,77,19,OVERSTOCK_WARNING
2025-09-10,PRD_004_Processors,East,171,400,8,245,207,68,OPTIMAL
2025-09-10,PRD_004_Processors,West,214,400,3,978,259,32,OVERSTOCK_WARNING
2025-09-11,PRD_001_Laptops,North,125,850,3,461,151,18,OVERSTOCK_WARNING
2025-09-11,PRD_001_Laptops,South,144,850,5,329,174,36,OVERSTOCK_WARNING
2025-09-11,PRD_001_Laptops,East,52,850,5,634,63,13,OVERSTOCK_WARNING
2025-09-11,PRD_001_Laptops,West,169,850,10,702,205,84,OVERSTOCK_WARNING
2025-09-11,PRD_002_Monitors,North,167,320,5,1029,202,41,OVERSTOCK_WARNING
2025-09-11,PRD_002_Monitors,South,183,320,4,470,222,36,OVERSTOCK_WARNING
2025-09-11,PRD_002_Monitors,East,84,320,6,248,102,25,OVERSTOCK_WARNING
2025-09-11,PRD_002_Monitors,West,81,320,11,982,98,44,OVERSTOCK_WARNING
2025-09-11,PRD_003_Keyboards,North,54,45,10,546,65,27,OVERSTOCK_WARNING
2025-09-11,PRD_003_Keyboards,South,204,45,4,313,247,40,OVERSTOCK_WARNING
2025-09-11,PRD_003_Keyboards,East,151,45,9,924,183,67,OVERSTOCK_WARNING
2025-09-11,PRD_003_Keyboards,West,144,45,13,698,174,93,OVERSTOCK_WARNING
2025-09-11,PRD_004_Processors,North,161,400,12,460,195,96,OVERSTOCK_WARNING
2025-09-11,PRD_004_Processors,South,211,400,11,725,256,116,OVERSTOCK_WARNING
2025-09-11,PRD_004_Processors,East,71,400,12,961,86,42,OVERSTOCK_WARNING
2025-09-11,PRD_004_Processors,West,185,400,6,718,224,55,OVERSTOCK_WARNING
2025-09-12,PRD_001_Laptops,North,174,850,4,343,211,34,OVERSTOCK_WARNING
2025-09-12,PRD_001_Laptops,South,103,850,13,726,125,66,OVERSTOCK_WARNING
2025-09-12,PRD_001_Laptops,East,80,850,10,82,97,40,OPTIMAL
2025-09-12,PRD_001_Laptops,West,184,850,4,1054,223,36,OVERSTOCK_WARNING
2025-09-12,PRD_002_Monitors,North,149,320,4,447,181,29,OVERSTOCK_WARNING
2025-09-12,PRD_002_Monitors,South,219,320,8,83,266,87,CRITICAL_STOCKOUT_RISK
2025-09-12,PRD_002_Monitors,East,173,320,8,105,210,69,OPTIMAL
2025-09-12,PRD_002_Monitors,West,178,320,12,96,216,106,CRITICAL_STOCKOUT_RISK
2025-09-12,PRD_003_Keyboards,North,131,45,5,622,159,32,OVERSTOCK_WARNING
2025-09-12,PRD_003_Keyboards,South,202,45,13,225,245,131,OPTIMAL
2025-09-12,PRD_003_Keyboards,East,150,45,7,959,182,52,OVERSTOCK_WARNING
2025-09-12,PRD_003_Keyboards,West,101,45,3,1080,122,15,OVERSTOCK_WARNING
2025-09-12,PRD_004_Processors,North,194,400,9,242,235,87,OPTIMAL
2025-09-12,PRD_004_Processors,South,155,400,8,626,188,62,OVERSTOCK_WARNING
2025-09-12,PRD_004_Processors,East,67,400,9,460,81,30,OVERSTOCK_WARNING
2025-09-12,PRD_004_Processors,West,141,400,11,1051,171,77,OVERSTOCK_WARNING
2025-09-13,PRD_001_Laptops,North,182,850,7,899,221,63,OVERSTOCK_WARNING
2025-09-13,PRD_001_Laptops,South,202,850,12,688,245,121,OVERSTOCK_WARNING
2025-09-13,PRD_001_Laptops,East,90,850,5,134,109,22,OVERSTOCK_WARNING
2025-09-13,PRD_001_Laptops,West,116,850,3,322,140,17,OVERSTOCK_WARNING
2025-09-13,PRD_002_Monitors,North,132,320,10,927,160,66,OVERSTOCK_WARNING
2025-09-13,PRD_002_Monitors,South,192,320,9,806,233,86,OVERSTOCK_WARNING
2025-09-13,PRD_002_Monitors,East,131,320,13,775,159,85,OVERSTOCK_WARNING
2025-09-13,PRD_002_Monitors,West,77,320,13,274,93,50,OVERSTOCK_WARNING
2025-09-13,PRD_003_Keyboards,North,54,45,3,726,65,8,OVERSTOCK_WARNING
2025-09-13,PRD_003_Keyboards,South,40,45,3,175,48,6,OVERSTOCK_WARNING
2025-09-13,PRD_003_Keyboards,East,196,45,12,934,238,117,OVERSTOCK_WARNING
2025-09-13,PRD_003_Keyboards,West,212,45,13,428,257,137,OPTIMAL
2025-09-13,PRD_004_Processors,North,141,400,3,918,171,21,OVERSTOCK_WARNING
2025-09-13,PRD_004_Processors,South,179,400,8,995,217,71,OVERSTOCK_WARNING
2025-09-13,PRD_004_Processors,East,158,400,5,160,191,39,OPTIMAL
2025-09-13,PRD_004_Processors,West,75,400,5,720,91,18,OVERSTOCK_WARNING
2025-09-14,PRD_001_Laptops,North,153,850,13,836,185,99,OVERSTOCK_WARNING
2025-09-14,PRD_001_Laptops,South,150,850,10,560,182,75,OVERSTOCK_WARNING
2025-09-14,PRD_001_Laptops,East,181,850,6,788,219,54,OVERSTOCK_WARNING
2025-09-14,PRD_001_Laptops,West,148,850,10,670,179,74,OVERSTOCK_WARNING
2025-09-14,PRD_002_Monitors,North,173,320,3,518,210,25,OVERSTOCK_WARNING
2025-09-14,PRD_002_Monitors,South,58,320,8,798,70,23,OVERSTOCK_WARNING
2025-09-14,PRD_002_Monitors,East,63,320,9,319,76,28,OVERSTOCK_WARNING
2025-09-14,PRD_002_Monitors,West,49,320,8,184,59,19,OVERSTOCK_WARNING
2025-09-14,PRD_003_Keyboards,North,208,45,3,992,252,31,OVERSTOCK_WARNING
2025-09-14,PRD_003_Keyboards,South,212,45,12,390,257,127,OPTIMAL
2025-09-14,PRD_003_Keyboards,East,186,45,4,755,225,37,OVERSTOCK_WARNING
2025-09-14,PRD_003_Keyboards,West,186,45,9,745,225,83,OVERSTOCK_WARNING
2025-09-14,PRD_004_Processors,North,150,400,10,629,182,75,OVERSTOCK_WARNING
2025-09-14,PRD_004_Processors,South,170,400,8,334,206,68,OVERSTOCK_WARNING
2025-09-14,PRD_004_Processors,East,134,400,9,557,162,60,OVERSTOCK_WARNING
2025-09-14,PRD_004_Processors,West,210,400,12,269,255,126,OPTIMAL
2025-09-15,PRD_001_Laptops,North,63,850,6,502,76,18,OVERSTOCK_WARNING
2025-09-15,PRD_001_Laptops,South,107,850,7,134,129,37,OPTIMAL
2025-09-15,PRD_001_Laptops,East,197,850,12,290,239,118,OPTIMAL
2025-09-15,PRD_001_Laptops,West,193,850,7,1066,234,67,OVERSTOCK_WARNING
2025-09-15,PRD_002_Monitors,North,154,320,7,749,187,53,OVERSTOCK_WARNING
2025-09-15,PRD_002_Monitors,South,42,320,13,201,51,27,OVERSTOCK_WARNING
2025-09-15,PRD_002_Monitors,East,82,320,9,460,99,36,OVERSTOCK_WARNING
2025-09-15,PRD_002_Monitors,West,88,320,11,920,106,48,OVERSTOCK_WARNING
2025-09-15,PRD_003_Keyboards,North,80,45,12,668,97,48,OVERSTOCK_WARNING
2025-09-15,PRD_003_Keyboards,South,166,45,7,300,201,58,OVERSTOCK_WARNING
2025-09-15,PRD_003_Keyboards,East,130,45,13,87,157,84,OPTIMAL
2025-09-15,PRD_003_Keyboards,West,71,45,6,399,86,21,OVERSTOCK_WARNING
2025-09-15,PRD_004_Processors,North,177,400,5,140,215,44,OPTIMAL
2025-09-15,PRD_004_Processors,South,47,400,11,1005,57,25,OVERSTOCK_WARNING
2025-09-15,PRD_004_Processors,East,188,400,13,593,228,122,OVERSTOCK_WARNING
2025-09-15,PRD_004_Processors,West,217,400,11,273,263,119,OPTIMAL
2025-09-16,PRD_001_Laptops,North,170,850,5,275,206,42,OVERSTOCK_WARNING
2025-09-16,PRD_001_Laptops,South,126,850,11,577,153,69,OVERSTOCK_WARNING
2025-09-16,PRD_001_Laptops,East,192,850,4,953,233,38,OVERSTOCK_WARNING
2025-09-16,PRD_001_Laptops,West,178,850,3,233,216,26,OVERSTOCK_WARNING
2025-09-16,PRD_002_Monitors,North,62,320,10,1027,75,31,OVERSTOCK_WARNING
2025-09-16,PRD_002_Monitors,South,87,320,6,1084,105,26,OVERSTOCK_WARNING
2025-09-16,PRD_002_Monitors,East,41,320,10,878,49,20,OVERSTOCK_WARNING
2025-09-16,PRD_002_Monitors,West,194,320,4,584,235,38,OVERSTOCK_WARNING
2025-09-16,PRD_003_Keyboards,North,117,45,6,320,142,35,OVERSTOCK_WARNING
2025-09-16,PRD_003_Keyboards,South,180,45,6,754,218,54,OVERSTOCK_WARNING
2025-09-16,PRD_003_Keyboards,East,167,45,9,279,202,75,OPTIMAL
2025-09-16,PRD_003_Keyboards,West,173,45,8,729,210,69,OVERSTOCK_WARNING
2025-09-16,PRD_004_Processors,North,60,400,12,793,72,36,OVERSTOCK_WARNING
2025-09-16,PRD_004_Processors,South,62,400,5,495,75,15,OVERSTOCK_WARNING
2025-09-16,PRD_004_Processors,East,187,400,12,108,227,112,CRITICAL_STOCKOUT_RISK
2025-09-16,PRD_004_Processors,West,144,400,6,962,174,43,OVERSTOCK_WARNING
2025-09-17,PRD_001_Laptops,North,213,850,4,948,258,42,OVERSTOCK_WARNING
2025-09-17,PRD_001_Laptops,South,123,850,10,150,149,61,OPTIMAL
2025-09-17,PRD_001_Laptops,East,109,850,13,955,132,70,OVERSTOCK_WARNING
2025-09-17,PRD_001_Laptops,West,60,850,5,161,72,15,OVERSTOCK_WARNING
2025-09-17,PRD_002_Monitors,North,127,320,8,601,154,50,OVERSTOCK_WARNING
2025-09-17,PRD_002_Monitors,South,194,320,9,736,235,87,OVERSTOCK_WARNING
2025-09-17,PRD_002_Monitors,East,153,320,12,862,185,91,OVERSTOCK_WARNING
2025-09-17,PRD_002_Monitors,West,72,320,7,894,87,25,OVERSTOCK_WARNING
2025-09-17,PRD_003_Keyboards,North,134,45,5,784,162,33,OVERSTOCK_WARNING
2025-09-17,PRD_003_Keyboards,South,115,45,13,581,139,74,OVERSTOCK_WARNING
2025-09-17,PRD_003_Keyboards,East,122,45,11,648,148,67,OVERSTOCK_WARNING
2025-09-17,PRD_003_Keyboards,West,71,45,3,514,86,10,OVERSTOCK_WARNING
2025-09-17,PRD_004_Processors,North,109,400,10,275,132,54,OVERSTOCK_WARNING
2025-09-17,PRD_004_Processors,South,172,400,11,165,208,94,OPTIMAL
2025-09-17,PRD_004_Processors,East,78,400,9,403,94,35,OVERSTOCK_WARNING
2025-09-17,PRD_004_Processors,West,219,400,6,717,266,65,OVERSTOCK_WARNING
2025-09-18,PRD_001_Laptops,North,214,850,13,100,259,139,CRITICAL_STOCKOUT_RISK
2025-09-18,PRD_001_Laptops,South,144,850,4,522,174,28,OVERSTOCK_WARNING
2025-09-18,PRD_001_Laptops,East,46,850,3,607,55,6,OVERSTOCK_WARNING
2025-09-18,PRD_001_Laptops,West,184,850,6,841,223,55,OVERSTOCK_WARNING
2025-09-18,PRD_002_Monitors,North,126,320,4,154,153,25,OVERSTOCK_WARNING
2025-09-18,PRD_002_Monitors,South,73,320,3,873,88,10,OVERSTOCK_WARNING
2025-09-18,PRD_002_Monitors,East,105,320,9,632,127,47,OVERSTOCK_WARNING
2025-09-18,PRD_002_Monitors,West,137,320,12,862,166,82,OVERSTOCK_WARNING
2025-09-18,PRD_003_Keyboards,North,81,45,11,806,98,44,OVERSTOCK_WARNING
2025-09-18,PRD_003_Keyboards,South,56,45,11,705,68,30,OVERSTOCK_WARNING
2025-09-18,PRD_003_Keyboards,East,75,45,11,543,91,41,OVERSTOCK_WARNING
2025-09-18,PRD_003_Keyboards,West,75,45,5,176,91,18,OVERSTOCK_WARNING
2025-09-18,PRD_004_Processors,North,158,400,8,153,191,63,OPTIMAL
2025-09-18,PRD_004_Processors,South,119,400,6,837,144,35,OVERSTOCK_WARNING
2025-09-18,PRD_004_Processors,East,189,400,6,845,229,56,OVERSTOCK_WARNING
2025-09-18,PRD_004_Processors,West,45,400,12,410,54,27,OVERSTOCK_WARNING
2025-09-19,PRD_001_Laptops,North,127,850,5,899,154,31,OVERSTOCK_WARNING
2025-09-19,PRD_001_Laptops,South,113,850,3,899,137,16,OVERSTOCK_WARNING
2025-09-19,PRD_001_Laptops,East,115,850,11,663,139,63,OVERSTOCK_WARNING
2025-09-19,PRD_001_Laptops,West,107,850,9,985,129,48,OVERSTOCK_WARNING
2025-09-19,PRD_002_Monitors,North,154,320,11,1097,187,84,OVERSTOCK_WARNING
2025-09-19,PRD_002_Monitors,South,105,320,12,324,127,63,OVERSTOCK_WARNING
2025-09-19,PRD_002_Monitors,East,89,320,12,607,108,53,OVERSTOCK_WARNING
2025-09-19,PRD_002_Monitors,West,210,320,12,544,255,126,OPTIMAL
2025-09-19,PRD_003_Keyboards,North,149,45,8,915,181,59,OVERSTOCK_WARNING
2025-09-19,PRD_003_Keyboards,South,58,45,4,246,70,11,OVERSTOCK_WARNING
2025-09-19,PRD_003_Keyboards,East,112,45,5,991,136,28,OVERSTOCK_WARNING
2025-09-19,PRD_003_Keyboards,West,93,45,11,191,112,51,OPTIMAL
2025-09-19,PRD_004_Processors,North,57,400,9,452,69,25,OVERSTOCK_WARNING
2025-09-19,PRD_004_Processors,South,124,400,13,118,150,80,OPTIMAL
2025-09-19,PRD_004_Processors,East,144,400,6,872,174,43,OVERSTOCK_WARNING
2025-09-19,PRD_004_Processors,West,197,400,13,809,239,128,OVERSTOCK_WARNING
2025-09-20,PRD_001_Laptops,North,160,850,6,386,194,48,OVERSTOCK_WARNING
2025-09-20,PRD_001_Laptops,South,137,850,11,283,166,75,OPTIMAL
2025-09-20,PRD_001_Laptops,East,41,850,8,596,49,16,OVERSTOCK_WARNING
2025-09-20,PRD_001_Laptops,West,219,850,8,212,266,87,OPTIMAL
2025-09-20,PRD_002_Monitors,North,107,320,11,172,129,58,OPTIMAL
2025-09-20,PRD_002_Monitors,South,189,320,13,217,229,122,OPTIMAL
2025-09-20,PRD_002_Monitors,East,164,320,12,652,199,98,OVERSTOCK_WARNING
2025-09-20,PRD_002_Monitors,West,90,320,12,725,109,54,OVERSTOCK_WARNING
2025-09-20,PRD_003_Keyboards,North,101,45,3,980,122,15,OVERSTOCK_WARNING
2025-09-20,PRD_003_Keyboards,South,161,45,8,270,195,64,OPTIMAL
2025-09-20,PRD_003_Keyboards,East,162,45,10,266,196,81,OPTIMAL
2025-09-20,PRD_003_Keyboards,West,102,45,11,266,123,56,OVERSTOCK_WARNING
2025-09-20,PRD_004_Processors,North,90,400,4,211,109,18,OVERSTOCK_WARNING
2025-09-20,PRD_004_Processors,South,143,400,13,639,173,92,OVERSTOCK_WARNING
2025-09-20,PRD_004_Processors,East,71,400,10,770,86,35,OVERSTOCK_WARNING
2025-09-20,PRD_004_Processors,West,219,400,5,921,266,54,OVERSTOCK_WARNING
2025-09-21,PRD_001_Laptops,North,73,850,6,661,88,21,OVERSTOCK_WARNING
2025-09-21,PRD_001_Laptops,South,210,850,13,260,255,136,OPTIMAL
2025-09-21,PRD_001_Laptops,East,58,850,4,552,70,11,OVERSTOCK_WARNING
2025-09-21,PRD_001_Laptops,West,134,850,3,376,162,20,OVERSTOCK_WARNING
2025-09-21,PRD_002_Monitors,North,120,320,9,133,145,54,OPTIMAL
2025-09-21,PRD_002_Monitors,South,134,320,5,397,162,33,OVERSTOCK_WARNING
2025-09-21,PRD_002_Monitors,East,138,320,13,912,167,89,OVERSTOCK_WARNING
2025-09-21,PRD_002_Monitors,West,107,320,4,361,129,21,OVERSTOCK_WARNING
2025-09-21,PRD_003_Keyboards,North,143,45,5,902,173,35,OVERSTOCK_WARNING
2025-09-21,PRD_003_Keyboards,South,158,45,11,725,191,86,OVERSTOCK_WARNING
2025-09-21,PRD_003_Keyboards,East,168,45,10,1072,204,84,OVERSTOCK_WARNING
2025-09-21,PRD_003_Keyboards,West,90,45,13,420,109,58,OVERSTOCK_WARNING
2025-09-21,PRD_004_Processors,North,64,400,9,783,77,28,OVERSTOCK_WARNING
2025-09-21,PRD_004_Processors,South,122,400,7,473,148,42,OVERSTOCK_WARNING
2025-09-21,PRD_004_Processors,East,95,400,3,711,115,14,OVERSTOCK_WARNING
2025-09-21,PRD_004_Processors,West,110,400,3,332,133,16,OVERSTOCK_WARNING
2025-09-22,PRD_001_Laptops,North,161,850,12,878,195,96,OVERSTOCK_WARNING
2025-09-22,PRD_001_Laptops,South,99,850,8,352,120,39,OVERSTOCK_WARNING
2025-09-22,PRD_001_Laptops,East,89,850,7,289,108,31,OVERSTOCK_WARNING
2025-09-22,PRD_001_Laptops,West,157,850,10,807,190,78,OVERSTOCK_WARNING
2025-09-22,PRD_002_Monitors,North,196,320,10,159,238,98,OPTIMAL
2025-09-22,PRD_002_Monitors,South,50,320,8,970,60,20,OVERSTOCK_WARNING
2025-09-22,PRD_002_Monitors,East,74,320,3,97,89,11,OVERSTOCK_WARNING
2025-09-22,PRD_002_Monitors,West,204,320,12,820,247,122,OVERSTOCK_WARNING
2025-09-22,PRD_003_Keyboards,North,129,45,3,527,156,19,OVERSTOCK_WARNING
2025-09-22,PRD_003_Keyboards,South,40,45,11,113,48,22,OVERSTOCK_WARNING
2025-09-22,PRD_003_Keyboards,East,142,45,12,719,172,85,OVERSTOCK_WARNING
2025-09-22,PRD_003_Keyboards,West,46,45,10,159,55,23,OVERSTOCK_WARNING
2025-09-22,PRD_004_Processors,North,204,400,3,895,247,30,OVERSTOCK_WARNING
2025-09-22,PRD_004_Processors,South,65,400,5,457,78,16,OVERSTOCK_WARNING
2025-09-22,PRD_004_Processors,East,51,400,7,377,61,17,OVERSTOCK_WARNING
2025-09-22,PRD_004_Processors,West,100,400,12,588,121,60,OVERSTOCK_WARNING
2025-09-23,PRD_001_Laptops,North,73,850,9,444,88,32,OVERSTOCK_WARNING
2025-09-23,PRD_001_Laptops,South,74,850,3,553,89,11,OVERSTOCK_WARNING
2025-09-23,PRD_001_Laptops,East,64,850,12,138,77,38,OPTIMAL
2025-09-23,PRD_001_Laptops,West,118,850,8,842,143,47,OVERSTOCK_WARNING
2025-09-23,PRD_002_Monitors,North,173,320,6,798,210,51,OVERSTOCK_WARNING
2025-09-23,PRD_002_Monitors,South,127,320,7,662,154,44,OVERSTOCK_WARNING
2025-09-23,PRD_002_Monitors,East,160,320,7,138,194,55,OPTIMAL
2025-09-23,PRD_002_Monitors,West,108,320,6,165,131,32,OVERSTOCK_WARNING
2025-09-23,PRD_003_Keyboards,North,57,45,5,672,69,14,OVERSTOCK_WARNING
2025-09-23,PRD_003_Keyboards,South,153,45,10,871,185,76,OVERSTOCK_WARNING
2025-09-23,PRD_003_Keyboards,East,105,45,8,478,127,42,OVERSTOCK_WARNING
2025-09-23,PRD_003_Keyboards,West,170,45,7,372,206,59,OVERSTOCK_WARNING
2025-09-23,PRD_004_Processors,North,170,400,5,771,206,42,OVERSTOCK_WARNING
2025-09-23,PRD_004_Processors,South,163,400,4,969,198,32,OVERSTOCK_WARNING
2025-09-23,PRD_004_Processors,East,203,400,3,1039,246,30,OVERSTOCK_WARNING
2025-09-23,PRD_004_Processors,West,193,400,10,352,234,96,OPTIMAL
2025-09-24,PRD_001_Laptops,North,207,850,9,904,251,93,OVERSTOCK_WARNING
2025-09-24,PRD_001_Laptops,South,47,850,7,647,57,16,OVERSTOCK_WARNING
2025-09-24,PRD_001_Laptops,East,165,850,13,649,200,107,OVERSTOCK_WARNING
2025-09-24,PRD_001_Laptops,West,179,850,5,526,217,44,OVERSTOCK_WARNING
2025-09-24,PRD_002_Monitors,North,113,320,9,539,137,50,OVERSTOCK_WARNING
2025-09-24,PRD_002_Monitors,South,187,320,7,383,227,65,OVERSTOCK_WARNING
2025-09-24,PRD_002_Monitors,East,110,320,6,261,133,33,OVERSTOCK_WARNING
2025-09-24,PRD_002_Monitors,West,161,320,13,1046,195,104,OVERSTOCK_WARNING
2025-09-24,PRD_003_Keyboards,North,68,45,12,172,82,40,OPTIMAL
2025-09-24,PRD_003_Keyboards,South,112,45,6,767,136,33,OVERSTOCK_WARNING
2025-09-24,PRD_003_Keyboards,East,113,45,5,263,137,28,OVERSTOCK_WARNING
2025-09-24,PRD_003_Keyboards,West,134,45,3,728,162,20,OVERSTOCK_WARNING
2025-09-24,PRD_004_Processors,North,136,400,4,1020,165,27,OVERSTOCK_WARNING
2025-09-24,PRD_004_Processors,South,48,400,9,735,58,21,OVERSTOCK_WARNING
2025-09-24,PRD_004_Processors,East,58,400,9,725,70,26,OVERSTOCK_WARNING
2025-09-24,PRD_004_Processors,West,153,400,5,218,185,38,OVERSTOCK_WARNING
2025-09-25,PRD_001_Laptops,North,164,850,12,889,199,98,OVERSTOCK_WARNING
2025-09-25,PRD_001_Laptops,South,52,850,7,537,63,18,OVERSTOCK_WARNING
2025-09-25,PRD_001_Laptops,East,59,850,4,755,71,11,OVERSTOCK_WARNING
2025-09-25,PRD_001_Laptops,West,131,850,10,148,159,65,OPTIMAL
2025-09-25,PRD_002_Monitors,North,76,320,12,946,92,45,OVERSTOCK_WARNING
2025-09-25,PRD_002_Monitors,South,164,320,10,645,199,82,OVERSTOCK_WARNING
2025-09-25,PRD_002_Monitors,East,169,320,4,888,205,33,OVERSTOCK_WARNING
2025-09-25,PRD_002_Monitors,West,84,320,9,697,102,37,OVERSTOCK_WARNING
2025-09-25,PRD_003_Keyboards,North,176,45,8,638,213,70,OVERSTOCK_WARNING
2025-09-25,PRD_003_Keyboards,South,44,45,3,891,53,6,OVERSTOCK_WARNING
2025-09-25,PRD_003_Keyboards,East,189,45,8,322,229,75,OPTIMAL
2025-09-25,PRD_003_Keyboards,West,58,45,5,786,70,14,OVERSTOCK_WARNING
2025-09-25,PRD_004_Processors,North,126,400,12,458,153,75,OVERSTOCK_WARNING
2025-09-25,PRD_004_Processors,South,121,400,12,732,146,72,OVERSTOCK_WARNING
2025-09-25,PRD_004_Processors,East,97,400,4,402,117,19,OVERSTOCK_WARNING
2025-09-25,PRD_004_Processors,West,161,400,9,978,195,72,OVERSTOCK_WARNING
2025-09-26,PRD_001_Laptops,North,94,850,11,554,114,51,OVERSTOCK_WARNING
2025-09-26,PRD_001_Laptops,South,97,850,13,899,117,63,OVERSTOCK_WARNING
2025-09-26,PRD_001_Laptops,East,165,850,10,151,200,82,OPTIMAL
2025-09-26,PRD_001_Laptops,West,48,850,7,173,58,16,OVERSTOCK_WARNING
2025-09-26,PRD_002_Monitors,North,156,320,5,516,189,39,OVERSTOCK_WARNING
2025-09-26,PRD_002_Monitors,South,119,320,10,571,144,59,OVERSTOCK_WARNING
2025-09-26,PRD_002_Monitors,East,188,320,6,119,228,56,OPTIMAL
2025-09-26,PRD_002_Monitors,West,142,320,8,660,172,56,OVERSTOCK_WARNING
2025-09-26,PRD_003_Keyboards,North,181,45,7,956,219,63,OVERSTOCK_WARNING
2025-09-26,PRD_003_Keyboards,South,209,45,4,780,253,41,OVERSTOCK_WARNING
2025-09-26,PRD_003_Keyboards,East,43,45,10,1063,52,21,OVERSTOCK_WARNING
2025-09-26,PRD_003_Keyboards,West,56,45,4,420,68,11,OVERSTOCK_WARNING
2025-09-26,PRD_004_Processors,North,96,400,12,698,116,57,OVERSTOCK_WARNING
2025-09-26,PRD_004_Processors,South,87,400,13,543,105,56,OVERSTOCK_WARNING
2025-09-26,PRD_004_Processors,East,156,400,3,110,189,23,OVERSTOCK_WARNING
2025-09-26,PRD_004_Processors,West,151,400,8,187,183,60,OPTIMAL
2025-09-27,PRD_001_Laptops,North,111,850,9,497,134,49,OVERSTOCK_WARNING
2025-09-27,PRD_001_Laptops,South,147,850,7,477,178,51,OVERSTOCK_WARNING
2025-09-27,PRD_001_Laptops,East,55,850,13,195,66,35,OVERSTOCK_WARNING
2025-09-27,PRD_001_Laptops,West,112,850,12,335,136,67,OVERSTOCK_WARNING
2025-09-27,PRD_002_Monitors,North,120,320,8,994,145,48,OVERSTOCK_WARNING
2025-09-27,PRD_002_Monitors,South,80,320,7,236,97,27,OVERSTOCK_WARNING
2025-09-27,PRD_002_Monitors,East,98,320,11,840,119,53,OVERSTOCK_WARNING
2025-09-27,PRD_002_Monitors,West,63,320,11,479,76,34,OVERSTOCK_WARNING
2025-09-27,PRD_003_Keyboards,North,219,45,8,500,266,87,OVERSTOCK_WARNING
2025-09-27,PRD_003_Keyboards,South,171,45,4,427,207,34,OVERSTOCK_WARNING
2025-09-27,PRD_003_Keyboards,East,205,45,11,427,249,112,OPTIMAL
2025-09-27,PRD_003_Keyboards,West,120,45,9,805,145,54,OVERSTOCK_WARNING
2025-09-27,PRD_004_Processors,North,218,400,3,300,264,32,OVERSTOCK_WARNING
2025-09-27,PRD_004_Processors,South,91,400,11,798,110,50,OVERSTOCK_WARNING
2025-09-27,PRD_004_Processors,East,138,400,4,237,167,27,OVERSTOCK_WARNING
2025-09-27,PRD_004_Processors,West,137,400,12,730,166,82,OVERSTOCK_WARNING
2025-09-28,PRD_001_Laptops,North,66,850,10,306,80,33,OVERSTOCK_WARNING
2025-09-28,PRD_001_Laptops,South,206,850,10,322,250,102,OPTIMAL
2025-09-28,PRD_001_Laptops,East,57,850,10,450,69,28,OVERSTOCK_WARNING
2025-09-28,PRD_001_Laptops,West,126,850,3,813,153,18,OVERSTOCK_WARNING
2025-09-28,PRD_002_Monitors,North,198,320,8,251,240,79,OPTIMAL
2025-09-28,PRD_002_Monitors,South,131,320,11,443,159,72,OVERSTOCK_WARNING
2025-09-28,PRD_002_Monitors,East,218,320,9,956,264,98,OVERSTOCK_WARNING
2025-09-28,PRD_002_Monitors,West,173,320,10,98,210,86,OPTIMAL
2025-09-28,PRD_003_Keyboards,North,122,45,6,450,148,36,OVERSTOCK_WARNING
2025-09-28,PRD_003_Keyboards,South,48,45,13,755,58,31,OVERSTOCK_WARNING
2025-09-28,PRD_003_Keyboards,East,141,45,10,1098,171,70,OVERSTOCK_WARNING
2025-09-28,PRD_003_Keyboards,West,191,45,7,516,232,66,OVERSTOCK_WARNING
2025-09-28,PRD_004_Processors,North,209,400,9,636,253,94,OVERSTOCK_WARNING
2025-09-28,PRD_004_Processors,South,164,400,12,93,199,98,CRITICAL_STOCKOUT_RISK
2025-09-28,PRD_004_Processors,East,196,400,6,725,238,58,OVERSTOCK_WARNING
2025-09-28,PRD_004_Processors,West,174,400,7,644,211,60,OVERSTOCK_WARNING
2025-09-29,PRD_001_Laptops,North,57,850,9,571,69,25,OVERSTOCK_WARNING
2025-09-29,PRD_001_Laptops,South,77,850,13,464,93,50,OVERSTOCK_WARNING
2025-09-29,PRD_001_Laptops,East,83,850,5,806,100,20,OVERSTOCK_WARNING
2025-09-29,PRD_001_Laptops,West,99,850,12,387,120,59,OVERSTOCK_WARNING
2025-09-29,PRD_002_Monitors,North,47,320,13,287,57,30,OVERSTOCK_WARNING
2025-09-29,PRD_002_Monitors,South,208,320,5,815,252,52,OVERSTOCK_WARNING
2025-09-29,PRD_002_Monitors,East,181,320,12,702,219,108,OVERSTOCK_WARNING
2025-09-29,PRD_002_Monitors,West,162,320,12,563,196,97,OVERSTOCK_WARNING
2025-09-29,PRD_003_Keyboards,North,207,45,5,970,251,51,OVERSTOCK_WARNING
2025-09-29,PRD_003_Keyboards,South,44,45,3,284,53,6,OVERSTOCK_WARNING
2025-09-29,PRD_003_Keyboards,East,50,45,7,87,60,17,OVERSTOCK_WARNING
2025-09-29,PRD_003_Keyboards,West,192,45,10,111,233,96,OPTIMAL
2025-09-29,PRD_004_Processors,North,67,400,5,307,81,16,OVERSTOCK_WARNING
2025-09-29,PRD_004_Processors,South,167,400,13,803,202,108,OVERSTOCK_WARNING
2025-09-29,PRD_004_Processors,East,101,400,13,836,122,65,OVERSTOCK_WARNING
2025-09-29,PRD_004_Processors,West,84,400,11,427,102,46,OVERSTOCK_WARNING
2025-09-30,PRD_001_Laptops,North,64,850,12,780,77,38,OVERSTOCK_WARNING
2025-09-30,PRD_001_Laptops,South,83,850,3,1021,100,12,OVERSTOCK_WARNING
2025-09-30,PRD_001_Laptops,East,181,850,10,255,219,90,OPTIMAL
2025-09-30,PRD_001_Laptops,West,181,850,3,671,219,27,OVERSTOCK_WARNING
2025-09-30,PRD_002_Monitors,North,121,320,9,798,146,54,OVERSTOCK_WARNING
2025-09-30,PRD_002_Monitors,South,127,320,3,462,154,19,OVERSTOCK_WARNING
2025-09-30,PRD_002_Monitors,East,94,320,11,519,114,51,OVERSTOCK_WARNING
2025-09-30,PRD_002_Monitors,West,95,320,11,905,115,52,OVERSTOCK_WARNING
2025-09-30,PRD_003_Keyboards,North,202,45,10,688,245,101,OVERSTOCK_WARNING
2025-09-30,PRD_003_Keyboards,South,183,45,10,556,222,91,OVERSTOCK_WARNING
2025-09-30,PRD_003_Keyboards,East,212,45,10,576,257,105,OVERSTOCK_WARNING
2025-09-30,PRD_003_Keyboards,West,53,45,13,324,64,34,OVERSTOCK_WARNING
2025-09-30,PRD_004_Processors,North,92,400,9,462,111,41,OVERSTOCK_WARNING
2025-09-30,PRD_004_Processors,South,194,400,5,469,235,48,OVERSTOCK_WARNING
2025-09-30,PRD_004_Processors,East,94,400,3,379,114,14,OVERSTOCK_WARNING
2025-09-30,PRD_004_Processors,West,57,400,6,892,69,17,OVERSTOCK_WARNING
2025-10-01,PRD_001_Laptops,North,132,850,12,357,160,79,OVERSTOCK_WARNING
2025-10-01,PRD_001_Laptops,South,136,850,12,1092,165,81,OVERSTOCK_WARNING
2025-10-01,PRD_001_Laptops,East,86,850,8,892,104,34,OVERSTOCK_WARNING
2025-10-01,PRD_001_Laptops,West,116,850,11,103,140,63,OPTIMAL
2025-10-01,PRD_002_Monitors,North,54,320,6,604,65,16,OVERSTOCK_WARNING
2025-10-01,PRD_002_Monitors,South,130,320,7,406,157,45,OVERSTOCK_WARNING
2025-10-01,PRD_002_Monitors,East,161,320,6,451,195,48,OVERSTOCK_WARNING
2025-10-01,PRD_002_Monitors,West,100,320,10,1056,121,50,OVERSTOCK_WARNING
2025-10-01,PRD_003_Keyboards,North,207,45,7,556,251,72,OVERSTOCK_WARNING
2025-10-01,PRD_003_Keyboards,South,165,45,13,336,200,107,OPTIMAL
2025-10-01,PRD_003_Keyboards,East,201,45,6,423,244,60,OVERSTOCK_WARNING
2025-10-01,PRD_003_Keyboards,West,60,45,3,470,72,9,OVERSTOCK_WARNING
2025-10-01,PRD_004_Processors,North,42,400,5,926,51,10,OVERSTOCK_WARNING
2025-10-01,PRD_004_Processors,South,134,400,8,543,162,53,OVERSTOCK_WARNING
2025-10-01,PRD_004_Processors,East,162,400,13,853,196,105,OVERSTOCK_WARNING
2025-10-01,PRD_004_Processors,West,196,400,3,452,238,29,OVERSTOCK_WARNING
2025-10-02,PRD_001_Laptops,North,99,850,8,487,120,39,OVERSTOCK_WARNING
2025-10-02,PRD_001_Laptops,South,164,850,3,420,199,24,OVERSTOCK_WARNING
2025-10-02,PRD_001_Laptops,East,90,850,4,730,109,18,OVERSTOCK_WARNING
2025-10-02,PRD_001_Laptops,West,110,850,12,118,133,66,OPTIMAL
2025-10-02,PRD_002_Monitors,North,108,320,11,356,131,59,OVERSTOCK_WARNING
2025-10-02,PRD_002_Monitors,South,121,320,5,995,146,30,OVERSTOCK_WARNING
2025-10-02,PRD_002_Monitors,East,54,320,7,540,65,18,OVERSTOCK_WARNING
2025-10-02,PRD_002_Monitors,West,218,320,9,548,264,98,OVERSTOCK_WARNING
2025-10-02,PRD_003_Keyboards,North,76,45,8,534,92,30,OVERSTOCK_WARNING
2025-10-02,PRD_003_Keyboards,South,65,45,12,1087,78,39,OVERSTOCK_WARNING
2025-10-02,PRD_003_Keyboards,East,47,45,11,1066,57,25,OVERSTOCK_WARNING
2025-10-02,PRD_003_Keyboards,West,43,45,7,1006,52,15,OVERSTOCK_WARNING
2025-10-02,PRD_004_Processors,North,188,400,10,104,228,94,OPTIMAL
2025-10-02,PRD_004_Processors,South,182,400,7,1010,221,63,OVERSTOCK_WARNING
2025-10-02,PRD_004_Processors,East,216,400,13,504,262,140,OPTIMAL
2025-10-02,PRD_004_Processors,West,76,400,11,633,92,41,OVERSTOCK_WARNING
2025-10-03,PRD_001_Laptops,North,214,850,6,644,259,64,OVERSTOCK_WARNING
2025-10-03,PRD_001_Laptops,South,123,850,4,155,149,24,OVERSTOCK_WARNING
2025-10-03,PRD_001_Laptops,East,136,850,10,995,165,68,OVERSTOCK_WARNING
2025-10-03,PRD_001_Laptops,West,69,850,10,826,83,34,OVERSTOCK_WARNING
2025-10-03,PRD_002_Monitors,North,46,320,6,629,55,13,OVERSTOCK_WARNING
2025-10-03,PRD_002_Monitors,South,91,320,9,475,110,40,OVERSTOCK_WARNING
2025-10-03,PRD_002_Monitors,East,211,320,13,461,256,137,OPTIMAL
2025-10-03,PRD_002_Monitors,West,88,320,7,350,106,30,OVERSTOCK_WARNING
2025-10-03,PRD_003_Keyboards,North,53,45,12,1083,64,31,OVERSTOCK_WARNING
2025-10-03,PRD_003_Keyboards,South,54,45,12,654,65,32,OVERSTOCK_WARNING
2025-10-03,PRD_003_Keyboards,East,66,45,9,172,80,29,OVERSTOCK_WARNING
2025-10-03,PRD_003_Keyboards,West,144,45,7,131,174,50,OPTIMAL
2025-10-03,PRD_004_Processors,North,102,400,11,260,123,56,OVERSTOCK_WARNING
2025-10-03,PRD_004_Processors,South,96,400,10,899,116,48,OVERSTOCK_WARNING
2025-10-03,PRD_004_Processors,East,146,400,13,726,177,94,OVERSTOCK_WARNING
2025-10-03,PRD_004_Processors,West,156,400,12,339,189,93,OPTIMAL
2025-10-04,PRD_001_Laptops,North,172,850,13,334,208,111,OPTIMAL
2025-10-04,PRD_001_Laptops,South,119,850,11,581,144,65,OVERSTOCK_WARNING
2025-10-04,PRD_001_Laptops,East,171,850,4,1085,207,34,OVERSTOCK_WARNING
2025-10-04,PRD_001_Laptops,West,188,850,8,378,228,75,OVERSTOCK_WARNING
2025-10-04,PRD_002_Monitors,North,121,320,7,472,146,42,OVERSTOCK_WARNING
2025-10-04,PRD_002_Monitors,South,195,320,12,673,236,117,OVERSTOCK_WARNING
2025-10-04,PRD_002_Monitors,East,122,320,5,408,148,30,OVERSTOCK_WARNING
2025-10-04,PRD_002_Monitors,West,139,320,3,992,168,20,OVERSTOCK_WARNING
2025-10-04,PRD_003_Keyboards,North,102,45,9,486,123,45,OVERSTOCK_WARNING
2025-10-04,PRD_003_Keyboards,South,73,45,11,696,88,40,OVERSTOCK_WARNING
2025-10-04,PRD_003_Keyboards,East,108,45,5,802,131,27,OVERSTOCK_WARNING
2025-10-04,PRD_003_Keyboards,West,195,45,5,693,236,48,OVERSTOCK_WARNING
2025-10-04,PRD_004_Processors,North,43,400,10,750,52,21,OVERSTOCK_WARNING
2025-10-04,PRD_004_Processors,South,84,400,13,892,102,54,OVERSTOCK_WARNING
2025-10-04,PRD_004_Processors,East,114,400,7,272,138,39,OVERSTOCK_WARNING
2025-10-04,PRD_004_Processors,West,48,400,3,453,58,7,OVERSTOCK_WARNING
2025-10-05,PRD_001_Laptops,North,104,850,5,574,126,26,OVERSTOCK_WARNING
2025-10-05,PRD_001_Laptops,South,65,850,7,494,78,22,OVERSTOCK_WARNING
2025-10-05,PRD_001_Laptops,East,65,850,9,109,78,29,OPTIMAL
2025-10-05,PRD_001_Laptops,West,49,850,10,571,59,24,OVERSTOCK_WARNING
2025-10-05,PRD_002_Monitors,North,103,320,8,478,125,41,OVERSTOCK_WARNING
2025-10-05,PRD_002_Monitors,South,162,320,11,775,196,89,OVERSTOCK_WARNING
2025-10-05,PRD_002_Monitors,East,113,320,6,696,137,33,OVERSTOCK_WARNING
2025-10-05,PRD_002_Monitors,West,86,320,9,900,104,38,OVERSTOCK_WARNING
2025-10-05,PRD_003_Keyboards,North,168,45,4,393,204,33,OVERSTOCK_WARNING
2025-10-05,PRD_003_Keyboards,South,186,45,10,565,225,93,OVERSTOCK_WARNING
2025-10-05,PRD_003_Keyboards,East,179,45,12,106,217,107,CRITICAL_STOCKOUT_RISK
2025-10-05,PRD_003_Keyboards,West,68,45,7,332,82,23,OVERSTOCK_WARNING
2025-10-05,PRD_004_Processors,North,168,400,13,299,204,109,OPTIMAL
2025-10-05,PRD_004_Processors,South,42,400,5,737,51,10,OVERSTOCK_WARNING
2025-10-05,PRD_004_Processors,East,91,400,4,175,110,18,OVERSTOCK_WARNING
2025-10-05,PRD_004_Processors,West,128,400,12,310,155,76,OPTIMAL
2025-10-06,PRD_001_Laptops,North,58,850,8,190,70,23,OVERSTOCK_WARNING
2025-10-06,PRD_001_Laptops,South,61,850,3,757,74,9,OVERSTOCK_WARNING
2025-10-06,PRD_001_Laptops,East,167,850,5,698,202,41,OVERSTOCK_WARNING
2025-10-06,PRD_001_Laptops,West,167,850,5,930,202,41,OVERSTOCK_WARNING
2025-10-06,PRD_002_Monitors,North,177,320,13,734,215,115,OVERSTOCK_WARNING
2025-10-06,PRD_002_Monitors,South,178,320,12,842,216,106,OVERSTOCK_WARNING
2025-10-06,PRD_002_Monitors,East,63,320,7,211,76,22,OVERSTOCK_WARNING
2025-10-06,PRD_002_Monitors,West,52,320,11,520,63,28,OVERSTOCK_WARNING
2025-10-06,PRD_003_Keyboards,North,137,45,10,372,166,68,OVERSTOCK_WARNING
2025-10-06,PRD_003_Keyboards,South,87,45,9,80,105,39,OPTIMAL
2025-10-06,PRD_003_Keyboards,East,99,45,12,731,120,59,OVERSTOCK_WARNING
2025-10-06,PRD_003_Keyboards,West,188,45,13,123,228,122,OPTIMAL
2025-10-06,PRD_004_Processors,North,154,400,12,699,187,92,OVERSTOCK_WARNING
2025-10-06,PRD_004_Processors,South,83,400,4,241,100,16,OVERSTOCK_WARNING
2025-10-06,PRD_004_Processors,East,64,400,6,527,77,19,OVERSTOCK_WARNING
2025-10-06,PRD_004_Processors,West,155,400,9,553,188,69,OVERSTOCK_WARNING
2025-10-07,PRD_001_Laptops,North,183,850,12,188,222,109,OPTIMAL
2025-10-07,PRD_001_Laptops,South,74,850,5,981,89,18,OVERSTOCK_WARNING
2025-10-07,PRD_001_Laptops,East,58,850,13,1028,70,37,OVERSTOCK_WARNING
2025-10-07,PRD_001_Laptops,West,47,850,12,1042,57,28,OVERSTOCK_WARNING
2025-10-07,PRD_002_Monitors,North,205,320,9,614,249,92,OVERSTOCK_WARNING
2025-10-07,PRD_002_Monitors,South,85,320,5,619,103,21,OVERSTOCK_WARNING
2025-10-07,PRD_002_Monitors,East,65,320,12,254,78,39,OVERSTOCK_WARNING
2025-10-07,PRD_002_Monitors,West,43,320,9,401,52,19,OVERSTOCK_WARNING
2025-10-07,PRD_003_Keyboards,North,106,45,9,134,128,47,OPTIMAL
2025-10-07,PRD_003_Keyboards,South,70,45,12,610,85,42,OVERSTOCK_WARNING
2025-10-07,PRD_003_Keyboards,East,195,45,3,747,236,29,OVERSTOCK_WARNING
2025-10-07,PRD_003_Keyboards,West,186,45,7,678,225,65,OVERSTOCK_WARNING
2025-10-07,PRD_004_Processors,North,59,400,13,986,71,38,OVERSTOCK_WARNING
2025-10-07,PRD_004_Processors,South,215,400,3,1029,261,32,OVERSTOCK_WARNING
2025-10-07,PRD_004_Processors,East,89,400,5,339,108,22,OVERSTOCK_WARNING
2025-10-07,PRD_004_Processors,West,61,400,8,966,74,24,OVERSTOCK_WARNING
2025-10-08,PRD_001_Laptops,North,140,850,9,881,170,63,OVERSTOCK_WARNING
2025-10-08,PRD_001_Laptops,South,136,850,12,375,165,81,OVERSTOCK_WARNING
2025-10-08,PRD_001_Laptops,East,136,850,4,1098,165,27,OVERSTOCK_WARNING
2025-10-08,PRD_001_Laptops,West,195,850,12,421,236,117,OPTIMAL
2025-10-08,PRD_002_Monitors,North,129,320,5,534,156,32,OVERSTOCK_WARNING
2025-10-08,PRD_002_Monitors,South,115,320,5,1056,139,28,OVERSTOCK_WARNING
2025-10-08,PRD_002_Monitors,East,131,320,11,857,159,72,OVERSTOCK_WARNING
2025-10-08,PRD_002_Monitors,West,125,320,8,1032,151,50,OVERSTOCK_WARNING
2025-10-08,PRD_003_Keyboards,North,147,45,7,1052,178,51,OVERSTOCK_WARNING
2025-10-08,PRD_003_Keyboards,South,130,45,8,813,157,52,OVERSTOCK_WARNING
2025-10-08,PRD_003_Keyboards,East,146,45,10,692,177,73,OVERSTOCK_WARNING
2025-10-08,PRD_003_Keyboards,West,147,45,4,329,178,29,OVERSTOCK_WARNING
2025-10-08,PRD_004_Processors,North,87,400,7,818,105,30,OVERSTOCK_WARNING
2025-10-08,PRD_004_Processors,South,145,400,5,1047,176,36,OVERSTOCK_WARNING
2025-10-08,PRD_004_Processors,East,72,400,7,447,87,25,OVERSTOCK_WARNING
2025-10-08,PRD_004_Processors,West,128,400,6,928,155,38,OVERSTOCK_WARNING
2025-10-09,PRD_001_Laptops,North,127,850,7,977,154,44,OVERSTOCK_WARNING
2025-10-09,PRD_001_Laptops,South,70,850,3,365,85,10,OVERSTOCK_WARNING
2025-10-09,PRD_001_Laptops,East,211,850,5,200,256,52,OPTIMAL
2025-10-09,PRD_001_Laptops,West,216,850,6,743,262,64,OVERSTOCK_WARNING
2025-10-09,PRD_002_Monitors,North,191,320,12,267,232,114,OPTIMAL
2025-10-09,PRD_002_Monitors,South,178,320,13,279,216,115,OPTIMAL
2025-10-09,PRD_002_Monitors,East,113,320,10,527,137,56,OVERSTOCK_WARNING
2025-10-09,PRD_002_Monitors,West,59,320,10,920,71,29,OVERSTOCK_WARNING
2025-10-09,PRD_003_Keyboards,North,110,45,4,968,133,22,OVERSTOCK_WARNING
2025-10-09,PRD_003_Keyboards,South,82,45,10,92,99,41,OPTIMAL
2025-10-09,PRD_003_Keyboards,East,150,45,5,614,182,37,OVERSTOCK_WARNING
2025-10-09,PRD_003_Keyboards,West,85,45,4,652,103,17,OVERSTOCK_WARNING
2025-10-09,PRD_004_Processors,North,154,400,11,387,187,84,OVERSTOCK_WARNING
2025-10-09,PRD_004_Processors,South,203,400,5,404,246,50,OVERSTOCK_WARNING
2025-10-09,PRD_004_Processors,East,106,400,11,254,128,58,OPTIMAL
2025-10-09,PRD_004_Processors,West,122,400,4,251,148,24,OVERSTOCK_WARNING
2025-10-10,PRD_001_Laptops,North,117,850,13,133,142,76,OPTIMAL
2025-10-10,PRD_001_Laptops,South,106,850,6,693,128,31,OVERSTOCK_WARNING
2025-10-10,PRD_001_Laptops,East,159,850,11,1061,193,87,OVERSTOCK_WARNING
2025-10-10,PRD_001_Laptops,West,87,850,9,638,105,39,OVERSTOCK_WARNING
2025-10-10,PRD_002_Monitors,North,60,320,11,963,72,33,OVERSTOCK_WARNING
2025-10-10,PRD_002_Monitors,South,193,320,13,741,234,125,OVERSTOCK_WARNING
2025-10-10,PRD_002_Monitors,East,188,320,3,756,228,28,OVERSTOCK_WARNING
2025-10-10,PRD_002_Monitors,West,116,320,7,637,140,40,OVERSTOCK_WARNING
2025-10-10,PRD_003_Keyboards,North,176,45,3,126,213,26,OVERSTOCK_WARNING
2025-10-10,PRD_003_Keyboards,South,98,45,8,421,119,39,OVERSTOCK_WARNING
2025-10-10,PRD_003_Keyboards,East,51,45,9,85,61,22,OPTIMAL
2025-10-10,PRD_003_Keyboards,West,92,45,12,340,111,55,OVERSTOCK_WARNING
2025-10-10,PRD_004_Processors,North,112,400,10,349,136,56,OVERSTOCK_WARNING
2025-10-10,PRD_004_Processors,South,211,400,12,301,256,126,OPTIMAL
2025-10-10,PRD_004_Processors,East,91,400,6,617,110,27,OVERSTOCK_WARNING
2025-10-10,PRD_004_Processors,West,92,400,5,894,111,23,OVERSTOCK_WARNING
2025-10-11,PRD_001_Laptops,North,175,850,9,708,212,78,OVERSTOCK_WARNING
2025-10-11,PRD_001_Laptops,South,145,850,5,1070,176,36,OVERSTOCK_WARNING
2025-10-11,PRD_001_Laptops,East,92,850,5,943,111,23,OVERSTOCK_WARNING
2025-10-11,PRD_001_Laptops,West,44,850,3,239,53,6,OVERSTOCK_WARNING
2025-10-11,PRD_002_Monitors,North,141,320,12,303,171,84,OPTIMAL
2025-10-11,PRD_002_Monitors,South,219,320,6,703,266,65,OVERSTOCK_WARNING
2025-10-11,PRD_002_Monitors,East,159,320,4,547,193,31,OVERSTOCK_WARNING
2025-10-11,PRD_002_Monitors,West,150,320,4,592,182,30,OVERSTOCK_WARNING
2025-10-11,PRD_003_Keyboards,North,97,45,5,1019,117,24,OVERSTOCK_WARNING
2025-10-11,PRD_003_Keyboards,South,45,45,9,641,54,20,OVERSTOCK_WARNING
2025-10-11,PRD_003_Keyboards,East,157,45,10,167,190,78,OPTIMAL
2025-10-11,PRD_003_Keyboards,West,59,45,8,93,71,23,OPTIMAL
2025-10-11,PRD_004_Processors,North,172,400,11,887,208,94,OVERSTOCK_WARNING
2025-10-11,PRD_004_Processors,South,73,400,9,671,88,32,OVERSTOCK_WARNING
2025-10-11,PRD_004_Processors,East,110,400,13,669,133,71,OVERSTOCK_WARNING
2025-10-11,PRD_004_Processors,West,117,400,3,624,142,17,OVERSTOCK_WARNING
2025-10-12,PRD_001_Laptops,North,83,850,6,1092,100,24,OVERSTOCK_WARNING
2025-10-12,PRD_001_Laptops,South,150,850,6,86,182,45,OPTIMAL
2025-10-12,PRD_001_Laptops,East,199,850,5,502,241,49,OVERSTOCK_WARNING
2025-10-12,PRD_001_Laptops,West,63,850,8,149,76,25,OVERSTOCK_WARNING
2025-10-12,PRD_002_Monitors,North,151,320,10,183,183,75,OPTIMAL
2025-10-12,PRD_002_Monitors,South,93,320,8,409,112,37,OVERSTOCK_WARNING
2025-10-12,PRD_002_Monitors,East,119,320,13,367,144,77,OVERSTOCK_WARNING
2025-10-12,PRD_002_Monitors,West,84,320,8,295,102,33,OVERSTOCK_WARNING
2025-10-12,PRD_003_Keyboards,North,92,45,5,411,111,23,OVERSTOCK_WARNING
2025-10-12,PRD_003_Keyboards,South,66,45,8,397,80,26,OVERSTOCK_WARNING
2025-10-12,PRD_003_Keyboards,East,57,45,9,1039,69,25,OVERSTOCK_WARNING
2025-10-12,PRD_003_Keyboards,West,116,45,7,695,140,40,OVERSTOCK_WARNING
2025-10-12,PRD_004_Processors,North,197,400,7,896,239,68,OVERSTOCK_WARNING
2025-10-12,PRD_004_Processors,South,208,400,6,732,252,62,OVERSTOCK_WARNING
2025-10-12,PRD_004_Processors,East,201,400,6,557,244,60,OVERSTOCK_WARNING
2025-10-12,PRD_004_Processors,West,164,400,11,785,199,90,OVERSTOCK_WARNING
2025-10-13,PRD_001_Laptops,North,167,850,6,481,202,50,OVERSTOCK_WARNING
2025-10-13,PRD_001_Laptops,South,44,850,5,761,53,11,OVERSTOCK_WARNING
2025-10-13,PRD_001_Laptops,East,57,850,11,111,69,31,OPTIMAL
2025-10-13,PRD_001_Laptops,West,188,850,12,116,228,112,OPTIMAL
2025-10-13,PRD_002_Monitors,North,216,320,8,92,262,86,OPTIMAL
2025-10-13,PRD_002_Monitors,South,184,320,11,167,223,101,OPTIMAL
2025-10-13,PRD_002_Monitors,East,211,320,10,198,256,105,OPTIMAL
2025-10-13,PRD_002_Monitors,West,204,320,5,526,247,51,OVERSTOCK_WARNING
2025-10-13,PRD_003_Keyboards,North,213,45,11,685,258,117,OVERSTOCK_WARNING
2025-10-13,PRD_003_Keyboards,South,65,45,10,125,78,32,OPTIMAL
2025-10-13,PRD_003_Keyboards,East,157,45,13,605,190,102,OVERSTOCK_WARNING
2025-10-13,PRD_003_Keyboards,West,124,45,10,82,150,62,OPTIMAL
2025-10-13,PRD_004_Processors,North,67,400,9,993,81,30,OVERSTOCK_WARNING
2025-10-13,PRD_004_Processors,South,202,400,4,468,245,40,OVERSTOCK_WARNING
2025-10-13,PRD_004_Processors,East,114,400,12,650,138,68,OVERSTOCK_WARNING
2025-10-13,PRD_004_Processors,West,98,400,12,382,119,58,OVERSTOCK_WARNING
2025-10-14,PRD_001_Laptops,North,134,850,3,700,162,20,OVERSTOCK_WARNING
2025-10-14,PRD_001_Laptops,South,145,850,11,880,176,79,OVERSTOCK_WARNING
2025-10-14,PRD_001_Laptops,East,136,850,12,455,165,81,OVERSTOCK_WARNING
2025-10-14,PRD_001_Laptops,West,173,850,11,478,210,95,OVERSTOCK_WARNING
2025-10-14,PRD_002_Monitors,North,43,320,10,399,52,21,OVERSTOCK_WARNING
2025-10-14,PRD_002_Monitors,South,201,320,13,686,244,130,OVERSTOCK_WARNING
2025-10-14,PRD_002_Monitors,East,95,320,9,963,115,42,OVERSTOCK_WARNING
2025-10-14,PRD_002_Monitors,West,48,320,11,279,58,26,OVERSTOCK_WARNING
2025-10-14,PRD_003_Keyboards,North,117,45,3,678,142,17,OVERSTOCK_WARNING
2025-10-14,PRD_003_Keyboards,South,60,45,9,667,72,27,OVERSTOCK_WARNING
2025-10-14,PRD_003_Keyboards,East,169,45,13,979,205,109,OVERSTOCK_WARNING
2025-10-14,PRD_003_Keyboards,West,123,45,4,450,149,24,OVERSTOCK_WARNING
2025-10-14,PRD_004_Processors,North,87,400,13,157,105,56,OPTIMAL
2025-10-14,PRD_004_Processors,South,69,400,10,219,83,34,OVERSTOCK_WARNING
2025-10-14,PRD_004_Processors,East,80,400,8,361,97,32,OVERSTOCK_WARNING
2025-10-14,PRD_004_Processors,West,89,400,4,902,108,17,OVERSTOCK_WARNING
2025-10-15,PRD_001_Laptops,North,143,850,10,349,173,71,OVERSTOCK_WARNING
2025-10-15,PRD_001_Laptops,South,173,850,12,719,210,103,OVERSTOCK_WARNING
2025-10-15,PRD_001_Laptops,East,143,850,3,808,173,21,OVERSTOCK_WARNING
2025-10-15,PRD_001_Laptops,West,100,850,3,92,121,15,OVERSTOCK_WARNING
2025-10-15,PRD_002_Monitors,North,186,320,11,174,225,102,OPTIMAL
2025-10-15,PRD_002_Monitors,South,98,320,7,104,119,34,OPTIMAL
2025-10-15,PRD_002_Monitors,East,55,320,11,245,66,30,OVERSTOCK_WARNING
2025-10-15,PRD_002_Monitors,West,210,320,3,841,255,31,OVERSTOCK_WARNING
2025-10-15,PRD_003_Keyboards,North,126,45,8,1064,153,50,OVERSTOCK_WARNING
2025-10-15,PRD_003_Keyboards,South,62,45,13,987,75,40,OVERSTOCK_WARNING
2025-10-15,PRD_003_Keyboards,East,180,45,6,182,218,54,OPTIMAL
2025-10-15,PRD_003_Keyboards,West,173,45,8,975,210,69,OVERSTOCK_WARNING
2025-10-15,PRD_004_Processors,North,89,400,6,119,108,26,OVERSTOCK_WARNING
2025-10-15,PRD_004_Processors,South,47,400,10,695,57,23,OVERSTOCK_WARNING
2025-10-15,PRD_004_Processors,East,73,400,6,779,88,21,OVERSTOCK_WARNING
2025-10-15,PRD_004_Processors,West,96,400,5,509,116,24,OVERSTOCK_WARNING
2025-10-16,PRD_001_Laptops,North,61,850,9,119,74,27,OPTIMAL
2025-10-16,PRD_001_Laptops,South,212,850,9,258,257,95,OPTIMAL
2025-10-16,PRD_001_Laptops,East,125,850,7,430,151,43,OVERSTOCK_WARNING
2025-10-16,PRD_001_Laptops,West,52,850,12,163,63,31,OVERSTOCK_WARNING
2025-10-16,PRD_002_Monitors,North,101,320,9,359,122,45,OVERSTOCK_WARNING
2025-10-16,PRD_002_Monitors,South,137,320,9,245,166,61,OPTIMAL
2025-10-16,PRD_002_Monitors,East,76,320,6,305,92,22,OVERSTOCK_WARNING
2025-10-16,PRD_002_Monitors,West,209,320,8,724,253,83,OVERSTOCK_WARNING
2025-10-16,PRD_003_Keyboards,North,217,45,12,934,263,130,OVERSTOCK_WARNING
2025-10-16,PRD_003_Keyboards,South,54,45,13,280,65,35,OVERSTOCK_WARNING
2025-10-16,PRD_003_Keyboards,East,146,45,12,1028,177,87,OVERSTOCK_WARNING
2025-10-16,PRD_003_Keyboards,West,192,45,11,204,233,105,OPTIMAL
2025-10-16,PRD_004_Processors,North,152,400,7,216,184,53,OPTIMAL
2025-10-16,PRD_004_Processors,South,205,400,8,954,249,82,OVERSTOCK_WARNING
2025-10-16,PRD_004_Processors,East,126,400,3,659,153,18,OVERSTOCK_WARNING
2025-10-16,PRD_004_Processors,West,54,400,3,901,65,8,OVERSTOCK_WARNING
2025-10-17,PRD_001_Laptops,North,197,850,6,368,239,59,OVERSTOCK_WARNING
2025-10-17,PRD_001_Laptops,South,139,850,8,156,168,55,OPTIMAL
2025-10-17,PRD_001_Laptops,East,174,850,10,491,211,87,OVERSTOCK_WARNING
2025-10-17,PRD_001_Laptops,West,212,850,13,280,257,137,OPTIMAL
2025-10-17,PRD_002_Monitors,North,159,320,12,90,193,95,CRITICAL_STOCKOUT_RISK
2025-10-17,PRD_002_Monitors,South,70,320,5,763,85,17,OVERSTOCK_WARNING
2025-10-17,PRD_002_Monitors,East,135,320,4,452,163,27,OVERSTOCK_WARNING
2025-10-17,PRD_002_Monitors,West,56,320,5,976,68,14,OVERSTOCK_WARNING
2025-10-17,PRD_003_Keyboards,North,196,45,5,655,238,49,OVERSTOCK_WARNING
2025-10-17,PRD_003_Keyboards,South,171,45,9,1003,207,76,OVERSTOCK_WARNING
2025-10-17,PRD_003_Keyboards,East,55,45,7,932,66,19,OVERSTOCK_WARNING
2025-10-17,PRD_003_Keyboards,West,148,45,3,247,179,22,OVERSTOCK_WARNING
2025-10-17,PRD_004_Processors,North,180,400,6,137,218,54,OPTIMAL
2025-10-17,PRD_004_Processors,South,204,400,4,670,247,40,OVERSTOCK_WARNING
2025-10-17,PRD_004_Processors,East,100,400,3,200,121,15,OVERSTOCK_WARNING
2025-10-17,PRD_004_Processors,West,73,400,8,96,88,29,OPTIMAL
2025-10-18,PRD_001_Laptops,North,59,850,11,394,71,32,OVERSTOCK_WARNING
2025-10-18,PRD_001_Laptops,South,108,850,9,240,131,48,OVERSTOCK_WARNING
2025-10-18,PRD_001_Laptops,East,141,850,10,797,171,70,OVERSTOCK_WARNING
2025-10-18,PRD_001_Laptops,West,184,850,11,674,223,101,OVERSTOCK_WARNING
2025-10-18,PRD_002_Monitors,North,168,320,13,533,204,109,OVERSTOCK_WARNING
2025-10-18,PRD_002_Monitors,South,45,320,3,429,54,6,OVERSTOCK_WARNING
2025-10-18,PRD_002_Monitors,East,149,320,5,486,181,37,OVERSTOCK_WARNING
2025-10-18,PRD_002_Monitors,West,177,320,5,482,215,44,OVERSTOCK_WARNING
2025-10-18,PRD_003_Keyboards,North,90,45,9,147,109,40,OPTIMAL
2025-10-18,PRD_003_Keyboards,South,123,45,5,121,149,30,OPTIMAL
2025-10-18,PRD_003_Keyboards,East,96,45,4,275,116,19,OVERSTOCK_WARNING
2025-10-18,PRD_003_Keyboards,West,205,45,9,191,249,92,OPTIMAL
2025-10-18,PRD_004_Processors,North,217,400,6,105,263,65,OPTIMAL
2025-10-18,PRD_004_Processors,South,193,400,8,610,234,77,OVERSTOCK_WARNING
2025-10-18,PRD_004_Processors,East,48,400,6,185,58,14,OVERSTOCK_WARNING
2025-10-18,PRD_004_Processors,West,89,400,8,160,108,35,OVERSTOCK_WARNING
2025-10-19,PRD_001_Laptops,North,189,850,12,912,229,113,OVERSTOCK_WARNING
2025-10-19,PRD_001_Laptops,South,197,850,10,740,239,98,OVERSTOCK_WARNING
2025-10-19,PRD_001_Laptops,East,61,850,4,785,74,12,OVERSTOCK_WARNING
2025-10-19,PRD_001_Laptops,West,215,850,11,1042,261,118,OVERSTOCK_WARNING
2025-10-19,PRD_002_Monitors,North,93,320,12,548,112,55,OVERSTOCK_WARNING
2025-10-19,PRD_002_Monitors,South,133,320,6,105,161,39,OPTIMAL
2025-10-19,PRD_002_Monitors,East,73,320,10,217,88,36,OVERSTOCK_WARNING
2025-10-19,PRD_002_Monitors,West,87,320,9,954,105,39,OVERSTOCK_WARNING
2025-10-19,PRD_003_Keyboards,North,93,45,10,710,112,46,OVERSTOCK_WARNING
2025-10-19,PRD_003_Keyboards,South,182,45,3,836,221,27,OVERSTOCK_WARNING
2025-10-19,PRD_003_Keyboards,East,185,45,8,486,224,74,OVERSTOCK_WARNING
2025-10-19,PRD_003_Keyboards,West,101,45,9,690,122,45,OVERSTOCK_WARNING
2025-10-19,PRD_004_Processors,North,78,400,7,1063,94,27,OVERSTOCK_WARNING
2025-10-19,PRD_004_Processors,South,119,400,10,566,144,59,OVERSTOCK_WARNING
2025-10-19,PRD_004_Processors,East,109,400,4,581,132,21,OVERSTOCK_WARNING
2025-10-19,PRD_004_Processors,West,180,400,13,856,218,117,OVERSTOCK_WARNING
2025-10-20,PRD_001_Laptops,North,73,850,3,554,88,10,OVERSTOCK_WARNING
2025-10-20,PRD_001_Laptops,South,196,850,7,506,238,68,OVERSTOCK_WARNING
2025-10-20,PRD_001_Laptops,East,125,850,5,911,151,31,OVERSTOCK_WARNING
2025-10-20,PRD_001_Laptops,West,191,850,9,369,232,85,OPTIMAL
2025-10-20,PRD_002_Monitors,North,215,320,9,798,261,96,OVERSTOCK_WARNING
2025-10-20,PRD_002_Monitors,South,136,320,11,732,165,74,OVERSTOCK_WARNING
2025-10-20,PRD_002_Monitors,East,126,320,8,687,153,50,OVERSTOCK_WARNING
2025-10-20,PRD_002_Monitors,West,212,320,4,306,257,42,OVERSTOCK_WARNING
2025-10-20,PRD_003_Keyboards,North,86,45,12,1084,104,51,OVERSTOCK_WARNING
2025-10-20,PRD_003_Keyboards,South,172,45,11,1052,208,94,OVERSTOCK_WARNING
2025-10-20,PRD_003_Keyboards,East,157,45,7,523,190,54,OVERSTOCK_WARNING
2025-10-20,PRD_003_Keyboards,West,135,45,5,612,163,33,OVERSTOCK_WARNING
2025-10-20,PRD_004_Processors,North,191,400,4,356,232,38,OVERSTOCK_WARNING
2025-10-20,PRD_004_Processors,South,93,400,12,743,112,55,OVERSTOCK_WARNING
2025-10-20,PRD_004_Processors,East,143,400,7,1064,173,50,OVERSTOCK_WARNING
2025-10-20,PRD_004_Processors,West,155,400,11,330,188,85,OPTIMAL
2025-10-21,PRD_001_Laptops,North,167,850,9,229,202,75,OPTIMAL
2025-10-21,PRD_001_Laptops,South,201,850,10,661,244,100,OVERSTOCK_WARNING
2025-10-21,PRD_001_Laptops,East,195,850,5,246,236,48,OVERSTOCK_WARNING
2025-10-21,PRD_001_Laptops,West,81,850,9,917,98,36,OVERSTOCK_WARNING
2025-10-21,PRD_002_Monitors,North,41,320,10,480,49,20,OVERSTOCK_WARNING
2025-10-21,PRD_002_Monitors,South,148,320,3,405,179,22,OVERSTOCK_WARNING
2025-10-21,PRD_002_Monitors,East,108,320,11,700,131,59,OVERSTOCK_WARNING
2025-10-21,PRD_002_Monitors,West,99,320,9,513,120,44,OVERSTOCK_WARNING
2025-10-21,PRD_003_Keyboards,North,132,45,9,1022,160,59,OVERSTOCK_WARNING
2025-10-21,PRD_003_Keyboards,South,151,45,3,1002,183,22,OVERSTOCK_WARNING
2025-10-21,PRD_003_Keyboards,East,87,45,10,141,105,43,OPTIMAL
2025-10-21,PRD_003_Keyboards,West,83,45,5,1034,100,20,OVERSTOCK_WARNING
2025-10-21,PRD_004_Processors,North,175,400,9,699,212,78,OVERSTOCK_WARNING
2025-10-21,PRD_004_Processors,South,86,400,4,332,104,17,OVERSTOCK_WARNING
2025-10-21,PRD_004_Processors,East,152,400,9,1020,184,68,OVERSTOCK_WARNING
2025-10-21,PRD_004_Processors,West,199,400,3,245,241,29,OVERSTOCK_WARNING
2025-10-22,PRD_001_Laptops,North,50,850,12,447,60,30,OVERSTOCK_WARNING
2025-10-22,PRD_001_Laptops,South,129,850,10,646,156,64,OVERSTOCK_WARNING
2025-10-22,PRD_001_Laptops,East,187,850,3,96,227,28,OPTIMAL
2025-10-22,PRD_001_Laptops,West,107,850,7,779,129,37,OVERSTOCK_WARNING
2025-10-22,PRD_002_Monitors,North,190,320,6,729,230,57,OVERSTOCK_WARNING
2025-10-22,PRD_002_Monitors,South,213,320,3,762,258,31,OVERSTOCK_WARNING
2025-10-22,PRD_002_Monitors,East,193,320,9,321,234,86,OPTIMAL
2025-10-22,PRD_002_Monitors,West,87,320,13,481,105,56,OVERSTOCK_WARNING
2025-10-22,PRD_003_Keyboards,North,143,45,12,841,173,85,OVERSTOCK_WARNING
2025-10-22,PRD_003_Keyboards,South,145,45,7,1049,176,50,OVERSTOCK_WARNING
2025-10-22,PRD_003_Keyboards,East,153,45,7,231,185,53,OPTIMAL
2025-10-22,PRD_003_Keyboards,West,141,45,5,1079,171,35,OVERSTOCK_WARNING
2025-10-22,PRD_004_Processors,North,134,400,11,308,162,73,OPTIMAL
2025-10-22,PRD_004_Processors,South,164,400,4,913,199,32,OVERSTOCK_WARNING
2025-10-22,PRD_004_Processors,East,152,400,12,315,184,91,OPTIMAL
2025-10-22,PRD_004_Processors,West,201,400,12,867,244,120,OVERSTOCK_WARNING
2025-10-23,PRD_001_Laptops,North,136,850,6,252,165,40,OVERSTOCK_WARNING
2025-10-23,PRD_001_Laptops,South,114,850,12,638,138,68,OVERSTOCK_WARNING
2025-10-23,PRD_001_Laptops,East,44,850,11,896,53,24,OVERSTOCK_WARNING
2025-10-23,PRD_001_Laptops,West,163,850,7,241,198,57,OPTIMAL
2025-10-23,PRD_002_Monitors,North,185,320,5,285,224,46,OVERSTOCK_WARNING
2025-10-23,PRD_002_Monitors,South,79,320,3,779,95,11,OVERSTOCK_WARNING
2025-10-23,PRD_002_Monitors,East,138,320,12,544,167,82,OVERSTOCK_WARNING
2025-10-23,PRD_002_Monitors,West,162,320,13,407,196,105,OPTIMAL
2025-10-23,PRD_003_Keyboards,North,104,45,7,563,126,36,OVERSTOCK_WARNING
2025-10-23,PRD_003_Keyboards,South,174,45,7,103,211,60,OPTIMAL
2025-10-23,PRD_003_Keyboards,East,67,45,13,352,81,43,OVERSTOCK_WARNING
2025-10-23,PRD_003_Keyboards,West,59,45,5,500,71,14,OVERSTOCK_WARNING
2025-10-23,PRD_004_Processors,North,182,400,5,511,221,45,OVERSTOCK_WARNING
2025-10-23,PRD_004_Processors,South,175,400,5,272,212,43,OVERSTOCK_WARNING
2025-10-23,PRD_004_Processors,East,112,400,11,197,136,61,OPTIMAL
2025-10-23,PRD_004_Processors,West,193,400,3,1031,234,28,OVERSTOCK_WARNING
2025-10-24,PRD_001_Laptops,North,73,850,11,397,88,40,OVERSTOCK_WARNING
2025-10-24,PRD_001_Laptops,South,159,850,5,604,193,39,OVERSTOCK_WARNING
2025-10-24,PRD_001_Laptops,East,108,850,11,924,131,59,OVERSTOCK_WARNING
2025-10-24,PRD_001_Laptops,West,40,850,11,591,48,22,OVERSTOCK_WARNING
2025-10-24,PRD_002_Monitors,North,86,320,6,819,104,25,OVERSTOCK_WARNING
2025-10-24,PRD_002_Monitors,South,219,320,12,363,266,131,OPTIMAL
2025-10-24,PRD_002_Monitors,East,160,320,8,746,194,64,OVERSTOCK_WARNING
2025-10-24,PRD_002_Monitors,West,179,320,6,255,217,53,OVERSTOCK_WARNING
2025-10-24,PRD_003_Keyboards,North,106,45,3,665,128,15,OVERSTOCK_WARNING
2025-10-24,PRD_003_Keyboards,South,134,45,9,883,162,60,OVERSTOCK_WARNING
2025-10-24,PRD_003_Keyboards,East,181,45,10,703,219,90,OVERSTOCK_WARNING
2025-10-24,PRD_003_Keyboards,West,170,45,3,580,206,25,OVERSTOCK_WARNING
2025-10-24,PRD_004_Processors,North,149,400,4,658,181,29,OVERSTOCK_WARNING
2025-10-24,PRD_004_Processors,South,165,400,8,866,200,66,OVERSTOCK_WARNING
2025-10-24,PRD_004_Processors,East,108,400,12,568,131,64,OVERSTOCK_WARNING
2025-10-24,PRD_004_Processors,West,200,400,5,1026,242,50,OVERSTOCK_WARNING
2025-10-25,PRD_001_Laptops,North,71,850,13,703,86,46,OVERSTOCK_WARNING
2025-10-25,PRD_001_Laptops,South,63,850,5,930,76,15,OVERSTOCK_WARNING
2025-10-25,PRD_001_Laptops,East,109,850,10,1029,132,54,OVERSTOCK_WARNING
2025-10-25,PRD_001_Laptops,West,148,850,12,434,179,88,OVERSTOCK_WARNING
2025-10-25,PRD_002_Monitors,North,72,320,10,1011,87,36,OVERSTOCK_WARNING
2025-10-25,PRD_002_Monitors,South,186,320,13,859,225,120,OVERSTOCK_WARNING
2025-10-25,PRD_002_Monitors,East,50,320,8,335,60,20,OVERSTOCK_WARNING
2025-10-25,PRD_002_Monitors,West,179,320,13,888,217,116,OVERSTOCK_WARNING
2025-10-25,PRD_003_Keyboards,North,192,45,12,338,233,115,OPTIMAL
2025-10-25,PRD_003_Keyboards,South,42,45,6,235,51,12,OVERSTOCK_WARNING
2025-10-25,PRD_003_Keyboards,East,190,45,5,1017,230,47,OVERSTOCK_WARNING
2025-10-25,PRD_003_Keyboards,West,146,45,10,213,177,73,OPTIMAL
2025-10-25,PRD_004_Processors,North,59,400,13,943,71,38,OVERSTOCK_WARNING
2025-10-25,PRD_004_Processors,South,163,400,13,356,198,105,OPTIMAL
2025-10-25,PRD_004_Processors,East,153,400,8,114,185,61,OPTIMAL
2025-10-25,PRD_004_Processors,West,86,400,8,491,104,34,OVERSTOCK_WARNING
2025-10-26,PRD_001_Laptops,North,188,850,4,238,228,37,OVERSTOCK_WARNING
2025-10-26,PRD_001_Laptops,South,164,850,7,868,199,57,OVERSTOCK_WARNING
2025-10-26,PRD_001_Laptops,East,53,850,11,426,64,29,OVERSTOCK_WARNING
2025-10-26,PRD_001_Laptops,West,99,850,9,558,120,44,OVERSTOCK_WARNING
2025-10-26,PRD_002_Monitors,North,150,320,5,169,182,37,OVERSTOCK_WARNING
2025-10-26,PRD_002_Monitors,South,77,320,5,618,93,19,OVERSTOCK_WARNING
2025-10-26,PRD_002_Monitors,East,143,320,8,451,173,57,OVERSTOCK_WARNING
2025-10-26,PRD_002_Monitors,West,54,320,13,338,65,35,OVERSTOCK_WARNING
2025-10-26,PRD_003_Keyboards,North,49,45,10,1055,59,24,OVERSTOCK_WARNING
2025-10-26,PRD_003_Keyboards,South,184,45,5,602,223,46,OVERSTOCK_WARNING
2025-10-26,PRD_003_Keyboards,East,215,45,7,404,261,75,OVERSTOCK_WARNING
2025-10-26,PRD_003_Keyboards,West,103,45,12,605,125,61,OVERSTOCK_WARNING
2025-10-26,PRD_004_Processors,North,89,400,12,663,108,53,OVERSTOCK_WARNING
2025-10-26,PRD_004_Processors,South,108,400,9,462,131,48,OVERSTOCK_WARNING
2025-10-26,PRD_004_Processors,East,55,400,9,925,66,24,OVERSTOCK_WARNING
2025-10-26,PRD_004_Processors,West,140,400,10,696,170,70,OVERSTOCK_WARNING
2025-10-27,PRD_001_Laptops,North,171,850,6,639,207,51,OVERSTOCK_WARNING
2025-10-27,PRD_001_Laptops,South,56,850,6,917,68,16,OVERSTOCK_WARNING
2025-10-27,PRD_001_Laptops,East,119,850,6,629,144,35,OVERSTOCK_WARNING
2025-10-27,PRD_001_Laptops,West,140,850,11,127,170,77,OPTIMAL
2025-10-27,PRD_002_Monitors,North,49,320,11,115,59,26,OPTIMAL
2025-10-27,PRD_002_Monitors,South,196,320,6,123,238,58,OPTIMAL
2025-10-27,PRD_002_Monitors,East,95,320,12,334,115,57,OVERSTOCK_WARNING
2025-10-27,PRD_002_Monitors,West,153,320,4,1008,185,30,OVERSTOCK_WARNING
2025-10-27,PRD_003_Keyboards,North,60,45,8,520,72,24,OVERSTOCK_WARNING
2025-10-27,PRD_003_Keyboards,South,108,45,8,821,131,43,OVERSTOCK_WARNING
2025-10-27,PRD_003_Keyboards,East,106,45,6,1008,128,31,OVERSTOCK_WARNING
2025-10-27,PRD_003_Keyboards,West,75,45,3,238,91,11,OVERSTOCK_WARNING
2025-10-27,PRD_004_Processors,North,188,400,13,1066,228,122,OVERSTOCK_WARNING
2025-10-27,PRD_004_Processors,South,111,400,10,180,134,55,OPTIMAL
2025-10-27,PRD_004_Processors,East,135,400,12,401,163,81,OVERSTOCK_WARNING
2025-10-27,PRD_004_Processors,West,179,400,8,608,217,71,OVERSTOCK_WARNING
2025-10-28,PRD_001_Laptops,North,46,850,13,659,55,29,OVERSTOCK_WARNING
2025-10-28,PRD_001_Laptops,South,167,850,7,373,202,58,OVERSTOCK_WARNING
2025-10-28,PRD_001_Laptops,East,135,850,13,592,163,87,OVERSTOCK_WARNING
2025-10-28,PRD_001_Laptops,West,192,850,12,259,233,115,OPTIMAL
2025-10-28,PRD_002_Monitors,North,191,320,7,314,232,66,OVERSTOCK_WARNING
2025-10-28,PRD_002_Monitors,South,102,320,3,87,123,15,OVERSTOCK_WARNING
2025-10-28,PRD_002_Monitors,East,212,320,13,899,257,137,OVERSTOCK_WARNING
2025-10-28,PRD_002_Monitors,West,185,320,13,933,224,120,OVERSTOCK_WARNING
2025-10-28,PRD_003_Keyboards,North,55,45,4,84,66,11,OVERSTOCK_WARNING
2025-10-28,PRD_003_Keyboards,South,121,45,5,298,146,30,OVERSTOCK_WARNING
2025-10-28,PRD_003_Keyboards,East,157,45,3,1055,190,23,OVERSTOCK_WARNING
2025-10-28,PRD_003_Keyboards,West,109,45,5,342,132,27,OVERSTOCK_WARNING
2025-10-28,PRD_004_Processors,North,89,400,8,1079,108,35,OVERSTOCK_WARNING
2025-10-28,PRD_004_Processors,South,150,400,3,634,182,22,OVERSTOCK_WARNING
2025-10-28,PRD_004_Processors,East,130,400,11,820,157,71,OVERSTOCK_WARNING
2025-10-28,PRD_004_Processors,West,172,400,7,149,208,60,OPTIMAL
2025-10-29,PRD_001_Laptops,North,169,850,8,701,205,67,OVERSTOCK_WARNING
2025-10-29,PRD_001_Laptops,South,210,850,6,647,255,63,OVERSTOCK_WARNING
2025-10-29,PRD_001_Laptops,East,128,850,11,583,155,70,OVERSTOCK_WARNING
2025-10-29,PRD_001_Laptops,West,170,850,12,767,206,102,OVERSTOCK_WARNING
2025-10-29,PRD_002_Monitors,North,210,320,13,691,255,136,OVERSTOCK_WARNING
2025-10-29,PRD_002_Monitors,South,168,320,11,260,204,92,OPTIMAL
2025-10-29,PRD_002_Monitors,East,183,320,5,447,222,45,OVERSTOCK_WARNING
2025-10-29,PRD_002_Monitors,West,143,320,9,336,173,64,OVERSTOCK_WARNING
2025-10-29,PRD_003_Keyboards,North,129,45,7,521,156,45,OVERSTOCK_WARNING
2025-10-29,PRD_003_Keyboards,South,112,45,13,955,136,72,OVERSTOCK_WARNING
2025-10-29,PRD_003_Keyboards,East,189,45,10,841,229,94,OVERSTOCK_WARNING
2025-10-29,PRD_003_Keyboards,West,216,45,12,1002,262,129,OVERSTOCK_WARNING
2025-10-29,PRD_004_Processors,North,206,400,5,104,250,51,OPTIMAL
2025-10-29,PRD_004_Processors,South,77,400,7,743,93,26,OVERSTOCK_WARNING
2025-10-29,PRD_004_Processors,East,63,400,5,513,76,15,OVERSTOCK_WARNING
2025-10-29,PRD_004_Processors,West,150,400,4,989,182,30,OVERSTOCK_WARNING
2025-10-30,PRD_001_Laptops,North,92,850,12,175,111,55,OPTIMAL
2025-10-30,PRD_001_Laptops,South,215,850,9,247,261,96,OPTIMAL
2025-10-30,PRD_001_Laptops,East,81,850,10,924,98,40,OVERSTOCK_WARNING
2025-10-30,PRD_001_Laptops,West,47,850,12,987,57,28,OVERSTOCK_WARNING
2025-10-30,PRD_002_Monitors,North,82,320,5,189,99,20,OVERSTOCK_WARNING
2025-10-30,PRD_002_Monitors,South,139,320,3,194,168,20,OVERSTOCK_WARNING
2025-10-30,PRD_002_Monitors,East,194,320,11,582,235,106,OVERSTOCK_WARNING
2025-10-30,PRD_002_Monitors,West,206,320,3,790,250,30,OVERSTOCK_WARNING
2025-10-30,PRD_003_Keyboards,North,110,45,6,598,133,33,OVERSTOCK_WARNING
2025-10-30,PRD_003_Keyboards,South,119,45,5,572,144,29,OVERSTOCK_WARNING
2025-10-30,PRD_003_Keyboards,East,177,45,4,1046,215,35,OVERSTOCK_WARNING
2025-10-30,PRD_003_Keyboards,West,140,45,9,776,170,63,OVERSTOCK_WARNING
2025-10-30,PRD_004_Processors,North,130,400,10,293,157,65,OVERSTOCK_WARNING
2025-10-30,PRD_004_Processors,South,142,400,11,717,172,78,OVERSTOCK_WARNING
2025-10-30,PRD_004_Processors,East,194,400,8,960,235,77,OVERSTOCK_WARNING
2025-10-30,PRD_004_Processors,West,43,400,10,742,52,21,OVERSTOCK_WARNING
2025-10-31,PRD_001_Laptops,North,215,850,5,505,261,53,OVERSTOCK_WARNING
2025-10-31,PRD_001_Laptops,South,42,850,13,850,51,27,OVERSTOCK_WARNING
2025-10-31,PRD_001_Laptops,East,195,850,3,1006,236,29,OVERSTOCK_WARNING
2025-10-31,PRD_001_Laptops,West,177,850,3,549,215,26,OVERSTOCK_WARNING
2025-10-31,PRD_002_Monitors,North,133,320,3,996,161,19,OVERSTOCK_WARNING
2025-10-31,PRD_002_Monitors,South,139,320,7,934,168,48,OVERSTOCK_WARNING
2025-10-31,PRD_002_Monitors,East,128,320,8,1032,155,51,OVERSTOCK_WARNING
2025-10-31,PRD_002_Monitors,West,59,320,3,640,71,8,OVERSTOCK_WARNING
2025-10-31,PRD_003_Keyboards,North,174,45,5,849,211,43,OVERSTOCK_WARNING
2025-10-31,PRD_003_Keyboards,South,55,45,8,725,66,22,OVERSTOCK_WARNING
2025-10-31,PRD_003_Keyboards,East,84,45,9,212,102,37,OVERSTOCK_WARNING
2025-10-31,PRD_003_Keyboards,West,95,45,9,561,115,42,OVERSTOCK_WARNING
2025-10-31,PRD_004_Processors,North,166,400,3,348,201,24,OVERSTOCK_WARNING
2025-10-31,PRD_004_Processors,South,197,400,11,1060,239,108,OVERSTOCK_WARNING
2025-10-31,PRD_004_Processors,East,99,400,13,804,120,64,OVERSTOCK_WARNING
2025-10-31,PRD_004_Processors,West,195,400,12,355,236,117,OPTIMAL
2025-11-01,PRD_001_Laptops,North,201,850,7,801,244,70,OVERSTOCK_WARNING
2025-11-01,PRD_001_Laptops,South,210,850,11,776,255,115,OVERSTOCK_WARNING
2025-11-01,PRD_001_Laptops,East,93,850,3,447,112,13,OVERSTOCK_WARNING
2025-11-01,PRD_001_Laptops,West,212,850,8,884,257,84,OVERSTOCK_WARNING
2025-11-01,PRD_002_Monitors,North,123,320,8,1029,149,49,OVERSTOCK_WARNING
2025-11-01,PRD_002_Monitors,South,87,320,8,1009,105,34,OVERSTOCK_WARNING
2025-11-01,PRD_002_Monitors,East,117,320,9,461,142,52,OVERSTOCK_WARNING
2025-11-01,PRD_002_Monitors,West,123,320,11,239,149,67,OPTIMAL
2025-11-01,PRD_003_Keyboards,North,193,45,4,260,234,38,OVERSTOCK_WARNING
2025-11-01,PRD_003_Keyboards,South,53,45,6,456,64,15,OVERSTOCK_WARNING
2025-11-01,PRD_003_Keyboards,East,75,45,10,247,91,37,OVERSTOCK_WARNING
2025-11-01,PRD_003_Keyboards,West,189,45,13,199,229,122,OPTIMAL
2025-11-01,PRD_004_Processors,North,99,400,12,488,120,59,OVERSTOCK_WARNING
2025-11-01,PRD_004_Processors,South,70,400,7,810,85,24,OVERSTOCK_WARNING
2025-11-01,PRD_004_Processors,East,120,400,3,622,145,18,OVERSTOCK_WARNING
2025-11-01,PRD_004_Processors,West,188,400,6,1040,228,56,OVERSTOCK_WARNING
2025-11-02,PRD_001_Laptops,North,171,850,6,937,207,51,OVERSTOCK_WARNING
2025-11-02,PRD_001_Laptops,South,171,850,3,600,207,25,OVERSTOCK_WARNING
2025-11-02,PRD_001_Laptops,East,69,850,5,380,83,17,OVERSTOCK_WARNING
2025-11-02,PRD_001_Laptops,West,43,850,7,588,52,15,OVERSTOCK_WARNING
2025-11-02,PRD_002_Monitors,North,62,320,8,1076,75,24,OVERSTOCK_WARNING
2025-11-02,PRD_002_Monitors,South,111,320,3,582,134,16,OVERSTOCK_WARNING
2025-11-02,PRD_002_Monitors,East,146,320,7,799,177,51,OVERSTOCK_WARNING
2025-11-02,PRD_002_Monitors,West,46,320,5,144,55,11,OVERSTOCK_WARNING
2025-11-02,PRD_003_Keyboards,North,48,45,4,380,58,9,OVERSTOCK_WARNING
2025-11-02,PRD_003_Keyboards,South,161,45,5,231,195,40,OVERSTOCK_WARNING
2025-11-02,PRD_003_Keyboards,East,49,45,11,1052,59,26,OVERSTOCK_WARNING
2025-11-02,PRD_003_Keyboards,West,87,45,5,517,105,21,OVERSTOCK_WARNING
2025-11-02,PRD_004_Processors,North,126,400,3,829,153,18,OVERSTOCK_WARNING
2025-11-02,PRD_004_Processors,South,55,400,7,375,66,19,OVERSTOCK_WARNING
2025-11-02,PRD_004_Processors,East,139,400,6,1063,168,41,OVERSTOCK_WARNING
2025-11-02,PRD_004_Processors,West,108,400,8,299,131,43,OVERSTOCK_WARNING
2025-11-03,PRD_001_Laptops,North,216,850,9,949,262,97,OVERSTOCK_WARNING
2025-11-03,PRD_001_Laptops,South,169,850,13,374,205,109,OPTIMAL
2025-11-03,PRD_001_Laptops,East,157,850,7,759,190,54,OVERSTOCK_WARNING
2025-11-03,PRD_001_Laptops,West,121,850,8,831,146,48,OVERSTOCK_WARNING
2025-11-03,PRD_002_Monitors,North,149,320,3,244,181,22,OVERSTOCK_WARNING
2025-11-03,PRD_002_Monitors,South,149,320,8,990,181,59,OVERSTOCK_WARNING
2025-11-03,PRD_002_Monitors,East,46,320,4,656,55,9,OVERSTOCK_WARNING
2025-11-03,PRD_002_Monitors,West,141,320,5,948,171,35,OVERSTOCK_WARNING
2025-11-03,PRD_003_Keyboards,North,83,45,13,156,100,53,OPTIMAL
2025-11-03,PRD_003_Keyboards,South,87,45,4,974,105,17,OVERSTOCK_WARNING
2025-11-03,PRD_003_Keyboards,East,123,45,12,108,149,73,OPTIMAL
2025-11-03,PRD_003_Keyboards,West,87,45,4,544,105,17,OVERSTOCK_WARNING
2025-11-03,PRD_004_Processors,North,155,400,12,860,188,93,OVERSTOCK_WARNING
2025-11-03,PRD_004_Processors,South,211,400,9,1039,256,94,OVERSTOCK_WARNING
2025-11-03,PRD_004_Processors,East,130,400,8,132,157,52,OPTIMAL
2025-11-03,PRD_004_Processors,West,131,400,4,436,159,26,OVERSTOCK_WARNING
2025-11-04,PRD_001_Laptops,North,96,850,11,881,116,52,OVERSTOCK_WARNING
2025-11-04,PRD_001_Laptops,South,97,850,6,572,117,29,OVERSTOCK_WARNING
2025-11-04,PRD_001_Laptops,East,196,850,5,154,238,49,OPTIMAL
2025-11-04,PRD_001_Laptops,West,215,850,3,450,261,32,OVERSTOCK_WARNING
2025-11-04,PRD_002_Monitors,North,114,320,11,669,138,62,OVERSTOCK_WARNING
2025-11-04,PRD_002_Monitors,South,48,320,9,383,58,21,OVERSTOCK_WARNING
2025-11-04,PRD_002_Monitors,East,106,320,5,243,128,26,OVERSTOCK_WARNING
2025-11-04,PRD_002_Monitors,West,158,320,4,267,191,31,OVERSTOCK_WARNING
2025-11-04,PRD_003_Keyboards,North,172,45,9,454,208,77,OVERSTOCK_WARNING
2025-11-04,PRD_003_Keyboards,South,125,45,12,697,151,75,OVERSTOCK_WARNING
2025-11-04,PRD_003_Keyboards,East,115,45,10,610,139,57,OVERSTOCK_WARNING
2025-11-04,PRD_003_Keyboards,West,86,45,3,1042,104,12,OVERSTOCK_WARNING
2025-11-04,PRD_004_Processors,North,185,400,4,877,224,37,OVERSTOCK_WARNING
2025-11-04,PRD_004_Processors,South,165,400,4,596,200,33,OVERSTOCK_WARNING
2025-11-04,PRD_004_Processors,East,132,400,3,505,160,19,OVERSTOCK_WARNING
2025-11-04,PRD_004_Processors,West,133,400,12,212,161,79,OPTIMAL
2025-11-05,PRD_001_Laptops,North,217,850,7,393,263,75,OVERSTOCK_WARNING
2025-11-05,PRD_001_Laptops,South,118,850,6,599,143,35,OVERSTOCK_WARNING
2025-11-05,PRD_001_Laptops,East,198,850,7,941,240,69,OVERSTOCK_WARNING
2025-11-05,PRD_001_Laptops,West,130,850,12,880,157,78,OVERSTOCK_WARNING
2025-11-05,PRD_002_Monitors,North,193,320,12,435,234,115,OPTIMAL
2025-11-05,PRD_002_Monitors,South,207,320,3,778,251,31,OVERSTOCK_WARNING
2025-11-05,PRD_002_Monitors,East,54,320,4,976,65,10,OVERSTOCK_WARNING
2025-11-05,PRD_002_Monitors,West,50,320,9,849,60,22,OVERSTOCK_WARNING
2025-11-05,PRD_003_Keyboards,North,104,45,8,741,126,41,OVERSTOCK_WARNING
2025-11-05,PRD_003_Keyboards,South,145,45,4,1022,176,29,OVERSTOCK_WARNING
2025-11-05,PRD_003_Keyboards,East,69,45,12,818,83,41,OVERSTOCK_WARNING
2025-11-05,PRD_003_Keyboards,West,101,45,7,543,122,35,OVERSTOCK_WARNING
2025-11-05,PRD_004_Processors,North,173,400,5,888,210,43,OVERSTOCK_WARNING
2025-11-05,PRD_004_Processors,South,210,400,7,1052,255,73,OVERSTOCK_WARNING
2025-11-05,PRD_004_Processors,East,57,400,12,581,69,34,OVERSTOCK_WARNING
2025-11-05,PRD_004_Processors,West,99,400,10,106,120,49,OPTIMAL
2025-11-06,PRD_001_Laptops,North,107,850,8,487,129,42,OVERSTOCK_WARNING
2025-11-06,PRD_001_Laptops,South,79,850,12,657,95,47,OVERSTOCK_WARNING
2025-11-06,PRD_001_Laptops,East,207,850,8,447,251,82,OVERSTOCK_WARNING
2025-11-06,PRD_001_Laptops,West,57,850,3,949,69,8,OVERSTOCK_WARNING
2025-11-06,PRD_002_Monitors,North,149,320,12,740,181,89,OVERSTOCK_WARNING
2025-11-06,PRD_002_Monitors,South,101,320,12,455,122,60,OVERSTOCK_WARNING
2025-11-06,PRD_002_Monitors,East,146,320,11,275,177,80,OPTIMAL
2025-11-06,PRD_002_Monitors,West,78,320,10,972,94,39,OVERSTOCK_WARNING
2025-11-06,PRD_003_Keyboards,North,157,45,4,1078,190,31,OVERSTOCK_WARNING
2025-11-06,PRD_003_Keyboards,South,100,45,11,468,121,55,OVERSTOCK_WARNING
2025-11-06,PRD_003_Keyboards,East,118,45,4,979,143,23,OVERSTOCK_WARNING
2025-11-06,PRD_003_Keyboards,West,90,45,6,713,109,27,OVERSTOCK_WARNING
2025-11-06,PRD_004_Processors,North,206,400,12,87,250,123,CRITICAL_STOCKOUT_RISK
2025-11-06,PRD_004_Processors,South,152,400,10,836,184,76,OVERSTOCK_WARNING
2025-11-06,PRD_004_Processors,East,67,400,9,698,81,30,OVERSTOCK_WARNING
2025-11-06,PRD_004_Processors,West,66,400,3,1009,80,9,OVERSTOCK_WARNING
2025-11-07,PRD_001_Laptops,North,120,850,7,141,145,42,OPTIMAL
2025-11-07,PRD_001_Laptops,South,101,850,8,873,122,40,OVERSTOCK_WARNING
2025-11-07,PRD_001_Laptops,East,160,850,10,630,194,80,OVERSTOCK_WARNING
2025-11-07,PRD_001_Laptops,West,163,850,7,685,198,57,OVERSTOCK_WARNING
2025-11-07,PRD_002_Monitors,North,214,320,5,767,259,53,OVERSTOCK_WARNING
2025-11-07,PRD_002_Monitors,South,160,320,7,978,194,55,OVERSTOCK_WARNING
2025-11-07,PRD_002_Monitors,East,199,320,5,866,241,49,OVERSTOCK_WARNING
2025-11-07,PRD_002_Monitors,West,181,320,8,416,219,72,OVERSTOCK_WARNING
2025-11-07,PRD_003_Keyboards,North,162,45,6,252,196,48,OVERSTOCK_WARNING
2025-11-07,PRD_003_Keyboards,South,58,45,7,401,70,20,OVERSTOCK_WARNING
2025-11-07,PRD_003_Keyboards,East,105,45,13,636,127,68,OVERSTOCK_WARNING
2025-11-07,PRD_003_Keyboards,West,126,45,12,658,153,75,OVERSTOCK_WARNING
2025-11-07,PRD_004_Processors,North,42,400,8,796,51,16,OVERSTOCK_WARNING
2025-11-07,PRD_004_Processors,South,209,400,5,1015,253,52,OVERSTOCK_WARNING
2025-11-07,PRD_004_Processors,East,217,400,5,359,263,54,OVERSTOCK_WARNING
2025-11-07,PRD_004_Processors,West,127,400,3,375,154,19,OVERSTOCK_WARNING
2025-11-08,PRD_001_Laptops,North,211,850,9,853,256,94,OVERSTOCK_WARNING
2025-11-08,PRD_001_Laptops,South,188,850,9,967,228,84,OVERSTOCK_WARNING
2025-11-08,PRD_001_Laptops,East,74,850,3,108,89,11,OVERSTOCK_WARNING
2025-11-08,PRD_001_Laptops,West,46,850,7,1012,55,16,OVERSTOCK_WARNING
2025-11-08,PRD_002_Monitors,North,62,320,3,471,75,9,OVERSTOCK_WARNING
2025-11-08,PRD_002_Monitors,South,115,320,12,1054,139,69,OVERSTOCK_WARNING
2025-11-08,PRD_002_Monitors,East,156,320,10,809,189,78,OVERSTOCK_WARNING
2025-11-08,PRD_002_Monitors,West,214,320,12,1028,259,128,OVERSTOCK_WARNING
2025-11-08,PRD_003_Keyboards,North,78,45,12,530,94,46,OVERSTOCK_WARNING
2025-11-08,PRD_003_Keyboards,South,105,45,8,100,127,42,OPTIMAL
2025-11-08,PRD_003_Keyboards,East,112,45,12,115,136,67,OPTIMAL
2025-11-08,PRD_003_Keyboards,West,170,45,11,807,206,93,OVERSTOCK_WARNING
2025-11-08,PRD_004_Processors,North,209,400,13,1008,253,135,OVERSTOCK_WARNING
2025-11-08,PRD_004_Processors,South,99,400,8,684,120,39,OVERSTOCK_WARNING
2025-11-08,PRD_004_Processors,East,122,400,8,1084,148,48,OVERSTOCK_WARNING
2025-11-08,PRD_004_Processors,West,122,400,13,873,148,79,OVERSTOCK_WARNING
2025-11-09,PRD_001_Laptops,North,60,850,6,455,72,18,OVERSTOCK_WARNING
2025-11-09,PRD_001_Laptops,South,169,850,13,150,205,109,OPTIMAL
2025-11-09,PRD_001_Laptops,East,187,850,4,686,227,37,OVERSTOCK_WARNING
2025-11-09,PRD_001_Laptops,West,62,850,3,723,75,9,OVERSTOCK_WARNING
2025-11-09,PRD_002_Monitors,North,181,320,6,971,219,54,OVERSTOCK_WARNING
2025-11-09,PRD_002_Monitors,South,52,320,5,1065,63,13,OVERSTOCK_WARNING
2025-11-09,PRD_002_Monitors,East,214,320,5,464,259,53,OVERSTOCK_WARNING
2025-11-09,PRD_002_Monitors,West,129,320,10,320,156,64,OVERSTOCK_WARNING
2025-11-09,PRD_003_Keyboards,North,74,45,5,476,89,18,OVERSTOCK_WARNING
2025-11-09,PRD_003_Keyboards,South,214,45,4,413,259,42,OVERSTOCK_WARNING
2025-11-09,PRD_003_Keyboards,East,193,45,5,770,234,48,OVERSTOCK_WARNING
2025-11-09,PRD_003_Keyboards,West,79,45,6,755,95,23,OVERSTOCK_WARNING
2025-11-09,PRD_004_Processors,North,90,400,13,848,109,58,OVERSTOCK_WARNING
2025-11-09,PRD_004_Processors,South,143,400,3,470,173,21,OVERSTOCK_WARNING
2025-11-09,PRD_004_Processors,East,156,400,6,131,189,46,OPTIMAL
2025-11-09,PRD_004_Processors,West,159,400,13,1002,193,103,OVERSTOCK_WARNING
2025-11-10,PRD_001_Laptops,North,181,850,8,543,219,72,OVERSTOCK_WARNING
2025-11-10,PRD_001_Laptops,South,85,850,3,317,103,12,OVERSTOCK_WARNING
2025-11-10,PRD_001_Laptops,East,49,850,10,652,59,24,OVERSTOCK_WARNING
2025-11-10,PRD_001_Laptops,West,57,850,8,728,69,22,OVERSTOCK_WARNING
2025-11-10,PRD_002_Monitors,North,184,320,8,719,223,73,OVERSTOCK_WARNING
2025-11-10,PRD_002_Monitors,South,143,320,12,988,173,85,OVERSTOCK_WARNING
2025-11-10,PRD_002_Monitors,East,217,320,7,85,263,75,OPTIMAL
2025-11-10,PRD_002_Monitors,West,124,320,5,627,150,31,OVERSTOCK_WARNING
2025-11-10,PRD_003_Keyboards,North,110,45,6,872,133,33,OVERSTOCK_WARNING
2025-11-10,PRD_003_Keyboards,South,178,45,12,129,216,106,OPTIMAL
2025-11-10,PRD_003_Keyboards,East,44,45,10,701,53,22,OVERSTOCK_WARNING
2025-11-10,PRD_003_Keyboards,West,161,45,10,1079,195,80,OVERSTOCK_WARNING
2025-11-10,PRD_004_Processors,North,96,400,12,853,116,57,OVERSTOCK_WARNING
2025-11-10,PRD_004_Processors,South,183,400,6,859,222,54,OVERSTOCK_WARNING
2025-11-10,PRD_004_Processors,East,114,400,5,654,138,28,OVERSTOCK_WARNING
2025-11-10,PRD_004_Processors,West,173,400,5,609,210,43,OVERSTOCK_WARNING
2025-11-11,PRD_001_Laptops,North,119,850,9,762,144,53,OVERSTOCK_WARNING
2025-11-11,PRD_001_Laptops,South,112,850,5,205,136,28,OVERSTOCK_WARNING
2025-11-11,PRD_001_Laptops,East,111,850,8,403,134,44,OVERSTOCK_WARNING
2025-11-11,PRD_001_Laptops,West,211,850,11,324,256,116,OPTIMAL
2025-11-11,PRD_002_Monitors,North,119,320,12,911,144,71,OVERSTOCK_WARNING
2025-11-11,PRD_002_Monitors,South,117,320,11,278,142,64,OPTIMAL
2025-11-11,PRD_002_Monitors,East,115,320,7,321,139,40,OVERSTOCK_WARNING
2025-11-11,PRD_002_Monitors,West,171,320,4,306,207,34,OVERSTOCK_WARNING
2025-11-11,PRD_003_Keyboards,North,161,45,5,275,195,40,OVERSTOCK_WARNING
2025-11-11,PRD_003_Keyboards,South,141,45,5,537,171,35,OVERSTOCK_WARNING
2025-11-11,PRD_003_Keyboards,East,101,45,3,608,122,15,OVERSTOCK_WARNING
2025-11-11,PRD_003_Keyboards,West,55,45,11,840,66,30,OVERSTOCK_WARNING
2025-11-11,PRD_004_Processors,North,98,400,9,472,119,44,OVERSTOCK_WARNING
2025-11-11,PRD_004_Processors,South,179,400,9,632,217,80,OVERSTOCK_WARNING
2025-11-11,PRD_004_Processors,East,182,400,4,410,221,36,OVERSTOCK_WARNING
2025-11-11,PRD_004_Processors,West,50,400,10,774,60,25,OVERSTOCK_WARNING
2025-11-12,PRD_001_Laptops,North,173,850,7,995,210,60,OVERSTOCK_WARNING
2025-11-12,PRD_001_Laptops,South,206,850,5,663,250,51,OVERSTOCK_WARNING
2025-11-12,PRD_001_Laptops,East,152,850,13,369,184,98,OPTIMAL
2025-11-12,PRD_001_Laptops,West,96,850,7,1098,116,33,OVERSTOCK_WARNING
2025-11-12,PRD_002_Monitors,North,159,320,5,406,193,39,OVERSTOCK_WARNING
2025-11-12,PRD_002_Monitors,South,198,320,4,375,240,39,OVERSTOCK_WARNING
2025-11-12,PRD_002_Monitors,East,181,320,9,715,219,81,OVERSTOCK_WARNING
2025-11-12,PRD_002_Monitors,West,162,320,6,288,196,48,OVERSTOCK_WARNING
2025-11-12,PRD_003_Keyboards,North,204,45,11,905,247,112,OVERSTOCK_WARNING
2025-11-12,PRD_003_Keyboards,South,187,45,11,427,227,102,OPTIMAL
2025-11-12,PRD_003_Keyboards,East,89,45,6,184,108,26,OVERSTOCK_WARNING
2025-11-12,PRD_003_Keyboards,West,203,45,7,106,246,71,OPTIMAL
2025-11-12,PRD_004_Processors,North,71,400,3,352,86,10,OVERSTOCK_WARNING
2025-11-12,PRD_004_Processors,South,176,400,6,380,213,52,OVERSTOCK_WARNING
2025-11-12,PRD_004_Processors,East,105,400,11,621,127,57,OVERSTOCK_WARNING
2025-11-12,PRD_004_Processors,West,123,400,8,395,149,49,OVERSTOCK_WARNING
2025-11-13,PRD_001_Laptops,North,40,850,11,340,48,22,OVERSTOCK_WARNING
2025-11-13,PRD_001_Laptops,South,102,850,5,755,123,25,OVERSTOCK_WARNING
2025-11-13,PRD_001_Laptops,East,104,850,11,301,126,57,OVERSTOCK_WARNING
2025-11-13,PRD_001_Laptops,West,191,850,6,705,232,57,OVERSTOCK_WARNING
2025-11-13,PRD_002_Monitors,North,64,320,12,1074,77,38,OVERSTOCK_WARNING
2025-11-13,PRD_002_Monitors,South,174,320,12,220,211,104,OPTIMAL
2025-11-13,PRD_002_Monitors,East,82,320,11,1011,99,45,OVERSTOCK_WARNING
2025-11-13,PRD_002_Monitors,West,181,320,4,663,219,36,OVERSTOCK_WARNING
2025-11-13,PRD_003_Keyboards,North,66,45,12,244,80,39,OVERSTOCK_WARNING
2025-11-13,PRD_003_Keyboards,South,110,45,11,658,133,60,OVERSTOCK_WARNING
2025-11-13,PRD_003_Keyboards,East,129,45,6,953,156,38,OVERSTOCK_WARNING
2025-11-13,PRD_003_Keyboards,West,118,45,12,1060,143,70,OVERSTOCK_WARNING
2025-11-13,PRD_004_Processors,North,165,400,8,351,200,66,OVERSTOCK_WARNING
2025-11-13,PRD_004_Processors,South,186,400,6,514,225,55,OVERSTOCK_WARNING
2025-11-13,PRD_004_Processors,East,57,400,12,251,69,34,OVERSTOCK_WARNING
2025-11-13,PRD_004_Processors,West,55,400,3,831,66,8,OVERSTOCK_WARNING
2025-11-14,PRD_001_Laptops,North,169,850,10,670,205,84,OVERSTOCK_WARNING
2025-11-14,PRD_001_Laptops,South,142,850,3,596,172,21,OVERSTOCK_WARNING
2025-11-14,PRD_001_Laptops,East,145,850,8,964,176,58,OVERSTOCK_WARNING
2025-11-14,PRD_001_Laptops,West,139,850,3,479,168,20,OVERSTOCK_WARNING
2025-11-14,PRD_002_Monitors,North,125,320,5,158,151,31,OVERSTOCK_WARNING
2025-11-14,PRD_002_Monitors,South,213,320,6,697,258,63,OVERSTOCK_WARNING
2025-11-14,PRD_002_Monitors,East,102,320,3,452,123,15,OVERSTOCK_WARNING
2025-11-14,PRD_002_Monitors,West,120,320,11,719,145,66,OVERSTOCK_WARNING
2025-11-14,PRD_003_Keyboards,North,110,45,11,933,133,60,OVERSTOCK_WARNING
2025-11-14,PRD_003_Keyboards,South,193,45,7,731,234,67,OVERSTOCK_WARNING
2025-11-14,PRD_003_Keyboards,East,110,45,8,228,133,44,OVERSTOCK_WARNING
2025-11-14,PRD_003_Keyboards,West,181,45,4,535,219,36,OVERSTOCK_WARNING
2025-11-14,PRD_004_Processors,North,166,400,9,1045,201,74,OVERSTOCK_WARNING
2025-11-14,PRD_004_Processors,South,140,400,11,1008,170,77,OVERSTOCK_WARNING
2025-11-14,PRD_004_Processors,East,45,400,6,553,54,13,OVERSTOCK_WARNING
2025-11-14,PRD_004_Processors,West,165,400,9,568,200,74,OVERSTOCK_WARNING
2025-11-15,PRD_001_Laptops,North,76,850,7,599,92,26,OVERSTOCK_WARNING
2025-11-15,PRD_001_Laptops,South,116,850,10,186,140,58,OPTIMAL
2025-11-15,PRD_001_Laptops,East,131,850,12,609,159,78,OVERSTOCK_WARNING
2025-11-15,PRD_001_Laptops,West,96,850,5,1013,116,24,OVERSTOCK_WARNING
2025-11-15,PRD_002_Monitors,North,71,320,8,785,86,28,OVERSTOCK_WARNING
2025-11-15,PRD_002_Monitors,South,64,320,12,538,77,38,OVERSTOCK_WARNING
2025-11-15,PRD_002_Monitors,East,72,320,10,273,87,36,OVERSTOCK_WARNING
2025-11-15,PRD_002_Monitors,West,197,320,3,183,239,29,OVERSTOCK_WARNING
2025-11-15,PRD_003_Keyboards,North,73,45,8,718,88,29,OVERSTOCK_WARNING
2025-11-15,PRD_003_Keyboards,South,108,45,10,770,131,54,OVERSTOCK_WARNING
2025-11-15,PRD_003_Keyboards,East,119,45,12,110,144,71,OPTIMAL
2025-11-15,PRD_003_Keyboards,West,155,45,9,142,188,69,OPTIMAL
2025-11-15,PRD_004_Processors,North,87,400,9,383,105,39,OVERSTOCK_WARNING
2025-11-15,PRD_004_Processors,South,100,400,10,865,121,50,OVERSTOCK_WARNING
2025-11-15,PRD_004_Processors,East,194,400,4,159,235,38,OPTIMAL
2025-11-15,PRD_004_Processors,West,219,400,12,812,266,131,OVERSTOCK_WARNING
2025-11-16,PRD_001_Laptops,North,176,850,12,619,213,105,OVERSTOCK_WARNING
2025-11-16,PRD_001_Laptops,South,144,850,6,88,174,43,OPTIMAL
2025-11-16,PRD_001_Laptops,East,214,850,5,667,259,53,OVERSTOCK_WARNING
2025-11-16,PRD_001_Laptops,West,161,850,11,111,195,88,OPTIMAL
2025-11-16,PRD_002_Monitors,North,96,320,8,451,116,38,OVERSTOCK_WARNING
2025-11-16,PRD_002_Monitors,South,183,320,6,1071,222,54,OVERSTOCK_WARNING
2025-11-16,PRD_002_Monitors,East,95,320,9,352,115,42,OVERSTOCK_WARNING
2025-11-16,PRD_002_Monitors,West,205,320,10,1058,249,102,OVERSTOCK_WARNING
2025-11-16,PRD_003_Keyboards,North,197,45,11,777,239,108,OVERSTOCK_WARNING
2025-11-16,PRD_003_Keyboards,South,117,45,8,187,142,46,OPTIMAL
2025-11-16,PRD_003_Keyboards,East,56,45,13,94,68,36,OPTIMAL
2025-11-16,PRD_003_Keyboards,West,153,45,7,192,185,53,OPTIMAL
2025-11-16,PRD_004_Processors,North,207,400,3,332,251,31,OVERSTOCK_WARNING
2025-11-16,PRD_004_Processors,South,130,400,5,607,157,32,OVERSTOCK_WARNING
2025-11-16,PRD_004_Processors,East,195,400,4,702,236,39,OVERSTOCK_WARNING
2025-11-16,PRD_004_Processors,West,40,400,11,639,48,22,OVERSTOCK_WARNING
2025-11-17,PRD_001_Laptops,North,198,850,6,699,240,59,OVERSTOCK_WARNING
2025-11-17,PRD_001_Laptops,South,200,850,3,950,242,30,OVERSTOCK_WARNING
2025-11-17,PRD_001_Laptops,East,167,850,4,230,202,33,OVERSTOCK_WARNING
2025-11-17,PRD_001_Laptops,West,69,850,11,636,83,37,OVERSTOCK_WARNING
2025-11-17,PRD_002_Monitors,North,119,320,9,319,144,53,OVERSTOCK_WARNING
2025-11-17,PRD_002_Monitors,South,84,320,3,987,102,12,OVERSTOCK_WARNING
2025-11-17,PRD_002_Monitors,East,132,320,10,359,160,66,OVERSTOCK_WARNING
2025-11-17,PRD_002_Monitors,West,155,320,10,995,188,77,OVERSTOCK_WARNING
2025-11-17,PRD_003_Keyboards,North,118,45,10,132,143,58,OPTIMAL
2025-11-17,PRD_003_Keyboards,South,107,45,8,113,129,42,OPTIMAL
2025-11-17,PRD_003_Keyboards,East,67,45,4,465,81,13,OVERSTOCK_WARNING
2025-11-17,PRD_003_Keyboards,West,150,45,12,258,182,90,OPTIMAL
2025-11-17,PRD_004_Processors,North,86,400,12,931,104,51,OVERSTOCK_WARNING
2025-11-17,PRD_004_Processors,South,145,400,10,803,176,72,OVERSTOCK_WARNING
2025-11-17,PRD_004_Processors,East,114,400,12,281,138,68,OPTIMAL
2025-11-17,PRD_004_Processors,West,190,400,7,376,230,66,OVERSTOCK_WARNING
2025-11-18,PRD_001_Laptops,North,91,850,5,572,110,22,OVERSTOCK_WARNING
2025-11-18,PRD_001_Laptops,South,121,850,3,1002,146,18,OVERSTOCK_WARNING
2025-11-18,PRD_001_Laptops,East,173,850,12,145,210,103,OPTIMAL
2025-11-18,PRD_001_Laptops,West,63,850,8,619,76,25,OVERSTOCK_WARNING
2025-11-18,PRD_002_Monitors,North,195,320,7,572,236,68,OVERSTOCK_WARNING
2025-11-18,PRD_002_Monitors,South,153,320,9,1041,185,68,OVERSTOCK_WARNING
2025-11-18,PRD_002_Monitors,East,100,320,7,705,121,35,OVERSTOCK_WARNING
2025-11-18,PRD_002_Monitors,West,114,320,12,1018,138,68,OVERSTOCK_WARNING
2025-11-18,PRD_003_Keyboards,North,98,45,4,94,119,19,OVERSTOCK_WARNING
2025-11-18,PRD_003_Keyboards,South,144,45,7,278,174,50,OVERSTOCK_WARNING
2025-11-18,PRD_003_Keyboards,East,187,45,4,114,227,37,OPTIMAL
2025-11-18,PRD_003_Keyboards,West,201,45,7,1061,244,70,OVERSTOCK_WARNING
2025-11-18,PRD_004_Processors,North,70,400,9,610,85,31,OVERSTOCK_WARNING
2025-11-18,PRD_004_Processors,South,63,400,6,502,76,18,OVERSTOCK_WARNING
2025-11-18,PRD_004_Processors,East,131,400,8,1014,159,52,OVERSTOCK_WARNING
2025-11-18,PRD_004_Processors,West,184,400,5,453,223,46,OVERSTOCK_WARNING
2025-11-19,PRD_001_Laptops,North,215,850,5,495,261,53,OVERSTOCK_WARNING
2025-11-19,PRD_001_Laptops,South,214,850,9,200,259,96,OPTIMAL
2025-11-19,PRD_001_Laptops,East,202,850,3,121,245,30,OPTIMAL
2025-11-19,PRD_001_Laptops,West,150,850,8,971,182,60,OVERSTOCK_WARNING
2025-11-19,PRD_002_Monitors,North,56,320,3,93,68,8,OVERSTOCK_WARNING
2025-11-19,PRD_002_Monitors,South,191,320,11,897,232,105,OVERSTOCK_WARNING
2025-11-19,PRD_002_Monitors,East,96,320,7,268,116,33,OVERSTOCK_WARNING
2025-11-19,PRD_002_Monitors,West,143,320,9,262,173,64,OPTIMAL
2025-11-19,PRD_003_Keyboards,North,135,45,6,961,163,40,OVERSTOCK_WARNING
2025-11-19,PRD_003_Keyboards,South,76,45,13,714,92,49,OVERSTOCK_WARNING
2025-11-19,PRD_003_Keyboards,East,122,45,11,693,148,67,OVERSTOCK_WARNING
2025-11-19,PRD_003_Keyboards,West,120,45,5,635,145,30,OVERSTOCK_WARNING
2025-11-19,PRD_004_Processors,North,107,400,11,666,129,58,OVERSTOCK_WARNING
2025-11-19,PRD_004_Processors,South,61,400,6,544,74,18,OVERSTOCK_WARNING
2025-11-19,PRD_004_Processors,East,85,400,13,1009,103,55,OVERSTOCK_WARNING
2025-11-19,PRD_004_Processors,West,50,400,13,199,60,32,OVERSTOCK_WARNING
2025-11-20,PRD_001_Laptops,North,95,850,8,324,115,38,OVERSTOCK_WARNING
2025-11-20,PRD_001_Laptops,South,60,850,12,489,72,36,OVERSTOCK_WARNING
2025-11-20,PRD_001_Laptops,East,175,850,9,87,212,78,OPTIMAL
2025-11-20,PRD_001_Laptops,West,111,850,9,369,134,49,OVERSTOCK_WARNING
2025-11-20,PRD_002_Monitors,North,183,320,11,988,222,100,OVERSTOCK_WARNING
2025-11-20,PRD_002_Monitors,South,126,320,13,485,153,81,OVERSTOCK_WARNING
2025-11-20,PRD_002_Monitors,East,194,320,4,700,235,38,OVERSTOCK_WARNING
2025-11-20,PRD_002_Monitors,West,65,320,5,186,78,16,OVERSTOCK_WARNING
2025-11-20,PRD_003_Keyboards,North,108,45,3,803,131,16,OVERSTOCK_WARNING
2025-11-20,PRD_003_Keyboards,South,69,45,10,885,83,34,OVERSTOCK_WARNING
2025-11-20,PRD_003_Keyboards,East,120,45,3,658,145,18,OVERSTOCK_WARNING
2025-11-20,PRD_003_Keyboards,West,213,45,12,942,258,127,OVERSTOCK_WARNING
2025-11-20,PRD_004_Processors,North,111,400,13,778,134,72,OVERSTOCK_WARNING
2025-11-20,PRD_004_Processors,South,85,400,10,972,103,42,OVERSTOCK_WARNING
2025-11-20,PRD_004_Processors,East,202,400,9,811,245,90,OVERSTOCK_WARNING
2025-11-20,PRD_004_Processors,West,90,400,6,712,109,27,OVERSTOCK_WARNING
2025-11-21,PRD_001_Laptops,North,119,850,6,258,144,35,OVERSTOCK_WARNING
2025-11-21,PRD_001_Laptops,South,172,850,9,820,208,77,OVERSTOCK_WARNING
2025-11-21,PRD_001_Laptops,East,59,850,10,243,71,29,OVERSTOCK_WARNING
2025-11-21,PRD_001_Laptops,West,73,850,12,700,88,43,OVERSTOCK_WARNING
2025-11-21,PRD_002_Monitors,North,165,320,8,1009,200,66,OVERSTOCK_WARNING
2025-11-21,PRD_002_Monitors,South,184,320,7,936,223,64,OVERSTOCK_WARNING
2025-11-21,PRD_002_Monitors,East,185,320,9,900,224,83,OVERSTOCK_WARNING
2025-11-21,PRD_002_Monitors,West,89,320,10,298,108,44,OVERSTOCK_WARNING
2025-11-21,PRD_003_Keyboards,North,212,45,8,547,257,84,OVERSTOCK_WARNING
2025-11-21,PRD_003_Keyboards,South,52,45,6,657,63,15,OVERSTOCK_WARNING
2025-11-21,PRD_003_Keyboards,East,86,45,9,226,104,38,OVERSTOCK_WARNING
2025-11-21,PRD_003_Keyboards,West,212,45,7,969,257,74,OVERSTOCK_WARNING
2025-11-21,PRD_004_Processors,North,93,400,8,93,112,37,OPTIMAL
2025-11-21,PRD_004_Processors,South,171,400,8,834,207,68,OVERSTOCK_WARNING
2025-11-21,PRD_004_Processors,East,201,400,13,342,244,130,OPTIMAL
2025-11-21,PRD_004_Processors,West,170,400,3,337,206,25,OVERSTOCK_WARNING
2025-11-22,PRD_001_Laptops,North,119,850,11,907,144,65,OVERSTOCK_WARNING
2025-11-22,PRD_001_Laptops,South,63,850,8,797,76,25,OVERSTOCK_WARNING
2025-11-22,PRD_001_Laptops,East,173,850,3,353,210,25,OVERSTOCK_WARNING
2025-11-22,PRD_001_Laptops,West,59,850,5,1037,71,14,OVERSTOCK_WARNING
2025-11-22,PRD_002_Monitors,North,79,320,9,1027,95,35,OVERSTOCK_WARNING
2025-11-22,PRD_002_Monitors,South,71,320,11,362,86,39,OVERSTOCK_WARNING
2025-11-22,PRD_002_Monitors,East,149,320,6,176,181,44,OPTIMAL
2025-11-22,PRD_002_Monitors,West,113,320,3,576,137,16,OVERSTOCK_WARNING
2025-11-22,PRD_003_Keyboards,North,88,45,6,928,106,26,OVERSTOCK_WARNING
2025-11-22,PRD_003_Keyboards,South,155,45,9,177,188,69,OPTIMAL
2025-11-22,PRD_003_Keyboards,East,111,45,9,392,134,49,OVERSTOCK_WARNING
2025-11-22,PRD_003_Keyboards,West,187,45,8,574,227,74,OVERSTOCK_WARNING
2025-11-22,PRD_004_Processors,North,219,400,9,184,266,98,OPTIMAL
2025-11-22,PRD_004_Processors,South,202,400,5,881,245,50,OVERSTOCK_WARNING
2025-11-22,PRD_004_Processors,East,72,400,3,1020,87,10,OVERSTOCK_WARNING
2025-11-22,PRD_004_Processors,West,186,400,9,94,225,83,OPTIMAL
2025-11-23,PRD_001_Laptops,North,162,850,11,157,196,89,OPTIMAL
2025-11-23,PRD_001_Laptops,South,105,850,9,320,127,47,OVERSTOCK_WARNING
2025-11-23,PRD_001_Laptops,East,57,850,8,522,69,22,OVERSTOCK_WARNING
2025-11-23,PRD_001_Laptops,West,199,850,7,503,241,69,OVERSTOCK_WARNING
2025-11-23,PRD_002_Monitors,North,66,320,4,944,80,13,OVERSTOCK_WARNING
2025-11-23,PRD_002_Monitors,South,78,320,8,903,94,31,OVERSTOCK_WARNING
2025-11-23,PRD_002_Monitors,East,146,320,10,273,177,73,OPTIMAL
2025-11-23,PRD_002_Monitors,West,95,320,8,568,115,38,OVERSTOCK_WARNING
2025-11-23,PRD_003_Keyboards,North,67,45,9,801,81,30,OVERSTOCK_WARNING
2025-11-23,PRD_003_Keyboards,South,208,45,9,947,252,93,OVERSTOCK_WARNING
2025-11-23,PRD_003_Keyboards,East,80,45,6,1083,97,24,OVERSTOCK_WARNING
2025-11-23,PRD_003_Keyboards,West,43,45,11,1005,52,23,OVERSTOCK_WARNING
2025-11-23,PRD_004_Processors,North,127,400,6,125,154,38,OPTIMAL
2025-11-23,PRD_004_Processors,South,198,400,10,598,240,99,OVERSTOCK_WARNING
2025-11-23,PRD_004_Processors,East,116,400,8,215,140,46,OVERSTOCK_WARNING
2025-11-23,PRD_004_Processors,West,211,400,6,669,256,63,OVERSTOCK_WARNING
2025-11-24,PRD_001_Laptops,North,199,850,4,618,241,39,OVERSTOCK_WARNING
2025-11-24,PRD_001_Laptops,South,159,850,11,387,193,87,OPTIMAL
2025-11-24,PRD_001_Laptops,East,60,850,4,374,72,12,OVERSTOCK_WARNING
2025-11-24,PRD_001_Laptops,West,54,850,7,885,65,18,OVERSTOCK_WARNING
2025-11-24,PRD_002_Monitors,North,215,320,6,807,261,64,OVERSTOCK_WARNING
2025-11-24,PRD_002_Monitors,South,111,320,7,991,134,38,OVERSTOCK_WARNING
2025-11-24,PRD_002_Monitors,East,157,320,5,480,190,39,OVERSTOCK_WARNING
2025-11-24,PRD_002_Monitors,West,138,320,6,1068,167,41,OVERSTOCK_WARNING
2025-11-24,PRD_003_Keyboards,North,179,45,5,639,217,44,OVERSTOCK_WARNING
2025-11-24,PRD_003_Keyboards,South,61,45,13,839,74,39,OVERSTOCK_WARNING
2025-11-24,PRD_003_Keyboards,East,166,45,3,131,201,24,OVERSTOCK_WARNING
2025-11-24,PRD_003_Keyboards,West,118,45,3,913,143,17,OVERSTOCK_WARNING
2025-11-24,PRD_004_Processors,North,103,400,10,293,125,51,OVERSTOCK_WARNING
2025-11-24,PRD_004_Processors,South,64,400,4,847,77,12,OVERSTOCK_WARNING
2025-11-24,PRD_004_Processors,East,133,400,5,516,161,33,OVERSTOCK_WARNING
2025-11-24,PRD_004_Processors,West,54,400,4,1046,65,10,OVERSTOCK_WARNING
2025-11-25,PRD_001_Laptops,North,161,850,13,183,195,104,OPTIMAL
2025-11-25,PRD_001_Laptops,South,77,850,10,1041,93,38,OVERSTOCK_WARNING
2025-11-25,PRD_001_Laptops,East,154,850,9,537,187,69,OVERSTOCK_WARNING
2025-11-25,PRD_001_Laptops,West,147,850,3,214,178,22,OVERSTOCK_WARNING
2025-11-25,PRD_002_Monitors,North,157,320,10,118,190,78,OPTIMAL
2025-11-25,PRD_002_Monitors,South,74,320,5,126,89,18,OVERSTOCK_WARNING
2025-11-25,PRD_002_Monitors,East,75,320,11,440,91,41,OVERSTOCK_WARNING
2025-11-25,PRD_002_Monitors,West,52,320,4,996,63,10,OVERSTOCK_WARNING
2025-11-25,PRD_003_Keyboards,North,151,45,3,307,183,22,OVERSTOCK_WARNING
2025-11-25,PRD_003_Keyboards,South,47,45,6,895,57,14,OVERSTOCK_WARNING
2025-11-25,PRD_003_Keyboards,East,124,45,13,835,150,80,OVERSTOCK_WARNING
2025-11-25,PRD_003_Keyboards,West,124,45,13,866,150,80,OVERSTOCK_WARNING
2025-11-25,PRD_004_Processors,North,62,400,5,897,75,15,OVERSTOCK_WARNING
2025-11-25,PRD_004_Processors,South,218,400,13,178,264,141,OPTIMAL
2025-11-25,PRD_004_Processors,East,143,400,6,642,173,42,OVERSTOCK_WARNING
2025-11-25,PRD_004_Processors,West,145,400,7,835,176,50,OVERSTOCK_WARNING
2025-11-26,PRD_001_Laptops,North,208,850,10,218,252,104,OPTIMAL
2025-11-26,PRD_001_Laptops,South,119,850,9,318,144,53,OVERSTOCK_WARNING
2025-11-26,PRD_001_Laptops,East,219,850,9,640,266,98,OVERSTOCK_WARNING
2025-11-26,PRD_001_Laptops,West,205,850,10,342,249,102,OPTIMAL
2025-11-26,PRD_002_Monitors,North,105,320,9,236,127,47,OVERSTOCK_WARNING
2025-11-26,PRD_002_Monitors,South,77,320,7,931,93,26,OVERSTOCK_WARNING
2025-11-26,PRD_002_Monitors,East,200,320,4,670,242,40,OVERSTOCK_WARNING
2025-11-26,PRD_002_Monitors,West,62,320,12,210,75,37,OVERSTOCK_WARNING
2025-11-26,PRD_003_Keyboards,North,140,45,10,1068,170,70,OVERSTOCK_WARNING
2025-11-26,PRD_003_Keyboards,South,212,45,10,933,257,105,OVERSTOCK_WARNING
2025-11-26,PRD_003_Keyboards,East,156,45,4,312,189,31,OVERSTOCK_WARNING
2025-11-26,PRD_003_Keyboards,West,152,45,13,1025,184,98,OVERSTOCK_WARNING
2025-11-26,PRD_004_Processors,North,104,400,6,259,126,31,OVERSTOCK_WARNING
2025-11-26,PRD_004_Processors,South,76,400,10,874,92,38,OVERSTOCK_WARNING
2025-11-26,PRD_004_Processors,East,214,400,13,306,259,139,OPTIMAL
2025-11-26,PRD_004_Processors,West,173,400,5,844,210,43,OVERSTOCK_WARNING
2025-11-27,PRD_001_Laptops,North,185,850,10,144,224,92,OPTIMAL
2025-11-27,PRD_001_Laptops,South,64,850,13,470,77,41,OVERSTOCK_WARNING
2025-11-27,PRD_001_Laptops,East,211,850,12,1004,256,126,OVERSTOCK_WARNING
2025-11-27,PRD_001_Laptops,West,83,850,13,627,100,53,OVERSTOCK_WARNING
2025-11-27,PRD_002_Monitors,North,186,320,8,1000,225,74,OVERSTOCK_WARNING
2025-11-27,PRD_002_Monitors,South,198,320,11,547,240,108,OVERSTOCK_WARNING
2025-11-27,PRD_002_Monitors,East,204,320,13,92,247,132,CRITICAL_STOCKOUT_RISK
2025-11-27,PRD_002_Monitors,West,80,320,4,577,97,16,OVERSTOCK_WARNING
2025-11-27,PRD_003_Keyboards,North,124,45,3,871,150,18,OVERSTOCK_WARNING
2025-11-27,PRD_003_Keyboards,South,83,45,12,433,100,49,OVERSTOCK_WARNING
2025-11-27,PRD_003_Keyboards,East,99,45,11,465,120,54,OVERSTOCK_WARNING
2025-11-27,PRD_003_Keyboards,West,95,45,8,829,115,38,OVERSTOCK_WARNING
2025-11-27,PRD_004_Processors,North,120,400,6,604,145,36,OVERSTOCK_WARNING
2025-11-27,PRD_004_Processors,South,110,400,3,124,133,16,OVERSTOCK_WARNING
2025-11-27,PRD_004_Processors,East,104,400,13,405,126,67,OVERSTOCK_WARNING
2025-11-27,PRD_004_Processors,West,187,400,5,315,227,46,OVERSTOCK_WARNING
2025-11-28,PRD_001_Laptops,North,140,850,11,553,170,77,OVERSTOCK_WARNING
2025-11-28,PRD_001_Laptops,South,179,850,13,889,217,116,OVERSTOCK_WARNING
2025-11-28,PRD_001_Laptops,East,122,850,7,521,148,42,OVERSTOCK_WARNING
2025-11-28,PRD_001_Laptops,West,172,850,11,746,208,94,OVERSTOCK_WARNING
2025-11-28,PRD_002_Monitors,North,67,320,12,554,81,40,OVERSTOCK_WARNING
2025-11-28,PRD_002_Monitors,South,155,320,3,825,188,23,OVERSTOCK_WARNING
2025-11-28,PRD_002_Monitors,East,188,320,3,581,228,28,OVERSTOCK_WARNING
2025-11-28,PRD_002_Monitors,West,131,320,12,649,159,78,OVERSTOCK_WARNING
2025-11-28,PRD_003_Keyboards,North,118,45,9,416,143,53,OVERSTOCK_WARNING
2025-11-28,PRD_003_Keyboards,South,65,45,6,488,78,19,OVERSTOCK_WARNING
2025-11-28,PRD_003_Keyboards,East,116,45,3,296,140,17,OVERSTOCK_WARNING
2025-11-28,PRD_003_Keyboards,West,111,45,7,853,134,38,OVERSTOCK_WARNING
2025-11-28,PRD_004_Processors,North,62,400,6,749,75,18,OVERSTOCK_WARNING
2025-11-28,PRD_004_Processors,South,93,400,9,346,112,41,OVERSTOCK_WARNING
2025-11-28,PRD_004_Processors,East,198,400,8,346,240,79,OPTIMAL
2025-11-28,PRD_004_Processors,West,116,400,8,529,140,46,OVERSTOCK_WARNING
2025-11-29,PRD_001_Laptops,North,92,850,5,326,111,23,OVERSTOCK_WARNING
2025-11-29,PRD_001_Laptops,South,75,850,3,107,91,11,OVERSTOCK_WARNING
2025-11-29,PRD_001_Laptops,East,189,850,8,854,229,75,OVERSTOCK_WARNING
2025-11-29,PRD_001_Laptops,West,54,850,13,871,65,35,OVERSTOCK_WARNING
2025-11-29,PRD_002_Monitors,North,69,320,8,841,83,27,OVERSTOCK_WARNING
2025-11-29,PRD_002_Monitors,South,105,320,11,417,127,57,OVERSTOCK_WARNING
2025-11-29,PRD_002_Monitors,East,90,320,12,571,109,54,OVERSTOCK_WARNING
2025-11-29,PRD_002_Monitors,West,179,320,4,88,217,35,OPTIMAL
2025-11-29,PRD_003_Keyboards,North,87,45,3,900,105,13,OVERSTOCK_WARNING
2025-11-29,PRD_003_Keyboards,South,79,45,13,871,95,51,OVERSTOCK_WARNING
2025-11-29,PRD_003_Keyboards,East,147,45,7,334,178,51,OVERSTOCK_WARNING
2025-11-29,PRD_003_Keyboards,West,72,45,9,924,87,32,OVERSTOCK_WARNING
2025-11-29,PRD_004_Processors,North,93,400,7,128,112,32,OPTIMAL
2025-11-29,PRD_004_Processors,South,117,400,3,437,142,17,OVERSTOCK_WARNING
2025-11-29,PRD_004_Processors,East,161,400,9,681,195,72,OVERSTOCK_WARNING
2025-11-29,PRD_004_Processors,West,129,400,3,495,156,19,OVERSTOCK_WARNING
2025-11-30,PRD_001_Laptops,North,160,850,6,740,194,48,OVERSTOCK_WARNING
2025-11-30,PRD_001_Laptops,South,185,850,12,732,224,111,OVERSTOCK_WARNING
2025-11-30,PRD_001_Laptops,East,191,850,4,930,232,38,OVERSTOCK_WARNING
2025-11-30,PRD_001_Laptops,West,150,850,11,129,182,82,OPTIMAL
2025-11-30,PRD_002_Monitors,North,53,320,8,667,64,21,OVERSTOCK_WARNING
2025-11-30,PRD_002_Monitors,South,123,320,9,749,149,55,OVERSTOCK_WARNING
2025-11-30,PRD_002_Monitors,East,69,320,8,393,83,27,OVERSTOCK_WARNING
2025-11-30,PRD_002_Monitors,West,133,320,11,685,161,73,OVERSTOCK_WARNING
2025-11-30,PRD_003_Keyboards,North,96,45,12,243,116,57,OPTIMAL
2025-11-30,PRD_003_Keyboards,South,103,45,3,689,125,15,OVERSTOCK_WARNING
2025-11-30,PRD_003_Keyboards,East,55,45,10,157,66,27,OVERSTOCK_WARNING
2025-11-30,PRD_003_Keyboards,West,129,45,10,349,156,64,OVERSTOCK_WARNING
2025-11-30,PRD_004_Processors,North,70,400,4,959,85,14,OVERSTOCK_WARNING
2025-11-30,PRD_004_Processors,South,107,400,3,134,129,16,OVERSTOCK_WARNING
2025-11-30,PRD_004_Processors,East,162,400,10,488,196,81,OVERSTOCK_WARNING
2025-11-30,PRD_004_Processors,West,64,400,5,916,77,16,OVERSTOCK_WARNING
2025-12-01,PRD_001_Laptops,North,141,850,8,873,171,56,OVERSTOCK_WARNING
2025-12-01,PRD_001_Laptops,South,79,850,8,501,95,31,OVERSTOCK_WARNING
2025-12-01,PRD_001_Laptops,East,46,850,10,994,55,23,OVERSTOCK_WARNING
2025-12-01,PRD_001_Laptops,West,74,850,10,240,89,37,OVERSTOCK_WARNING
2025-12-01,PRD_002_Monitors,North,200,320,8,473,242,80,OVERSTOCK_WARNING
2025-12-01,PRD_002_Monitors,South,67,320,6,373,81,20,OVERSTOCK_WARNING
2025-12-01,PRD_002_Monitors,East,183,320,7,171,222,64,OPTIMAL
2025-12-01,PRD_002_Monitors,West,136,320,8,760,165,54,OVERSTOCK_WARNING
2025-12-01,PRD_003_Keyboards,North,166,45,5,890,201,41,OVERSTOCK_WARNING
2025-12-01,PRD_003_Keyboards,South,86,45,5,605,104,21,OVERSTOCK_WARNING
2025-12-01,PRD_003_Keyboards,East,196,45,6,745,238,58,OVERSTOCK_WARNING
2025-12-01,PRD_003_Keyboards,West,154,45,4,736,187,30,OVERSTOCK_WARNING
2025-12-01,PRD_004_Processors,North,74,400,12,959,89,44,OVERSTOCK_WARNING
2025-12-01,PRD_004_Processors,South,210,400,7,94,255,73,OPTIMAL
2025-12-01,PRD_004_Processors,East,202,400,7,932,245,70,OVERSTOCK_WARNING
2025-12-01,PRD_004_Processors,West,211,400,9,84,256,94,CRITICAL_STOCKOUT_RISK
2025-12-02,PRD_001_Laptops,North,156,850,4,228,189,31,OVERSTOCK_WARNING
2025-12-02,PRD_001_Laptops,South,111,850,6,305,134,33,OVERSTOCK_WARNING
2025-12-02,PRD_001_Laptops,East,113,850,5,248,137,28,OVERSTOCK_WARNING
2025-12-02,PRD_001_Laptops,West,63,850,10,231,76,31,OVERSTOCK_WARNING
2025-12-02,PRD_002_Monitors,North,77,320,11,583,93,42,OVERSTOCK_WARNING
2025-12-02,PRD_002_Monitors,South,201,320,13,430,244,130,OPTIMAL
2025-12-02,PRD_002_Monitors,East,62,320,8,122,75,24,OVERSTOCK_WARNING
2025-12-02,PRD_002_Monitors,West,79,320,11,254,95,43,OVERSTOCK_WARNING
2025-12-02,PRD_003_Keyboards,North,59,45,3,323,71,8,OVERSTOCK_WARNING
2025-12-02,PRD_003_Keyboards,South,107,45,10,819,129,53,OVERSTOCK_WARNING
2025-12-02,PRD_003_Keyboards,East,75,45,4,619,91,15,OVERSTOCK_WARNING
2025-12-02,PRD_003_Keyboards,West,193,45,9,798,234,86,OVERSTOCK_WARNING
2025-12-02,PRD_004_Processors,North,203,400,13,469,246,131,OPTIMAL
2025-12-02,PRD_004_Processors,South,202,400,9,629,245,90,OVERSTOCK_WARNING
2025-12-02,PRD_004_Processors,East,202,400,6,281,245,60,OVERSTOCK_WARNING
2025-12-02,PRD_004_Processors,West,133,400,7,1080,161,46,OVERSTOCK_WARNING
2025-12-03,PRD_001_Laptops,North,77,850,6,778,93,23,OVERSTOCK_WARNING
2025-12-03,PRD_001_Laptops,South,82,850,9,705,99,36,OVERSTOCK_WARNING
2025-12-03,PRD_001_Laptops,East,43,850,7,147,52,15,OVERSTOCK_WARNING
2025-12-03,PRD_001_Laptops,West,162,850,11,1053,196,89,OVERSTOCK_WARNING
2025-12-03,PRD_002_Monitors,North,50,320,4,293,60,10,OVERSTOCK_WARNING
2025-12-03,PRD_002_Monitors,South,181,320,10,999,219,90,OVERSTOCK_WARNING
2025-12-03,PRD_002_Monitors,East,206,320,12,1018,250,123,OVERSTOCK_WARNING
2025-12-03,PRD_002_Monitors,West,75,320,9,780,91,33,OVERSTOCK_WARNING
2025-12-03,PRD_003_Keyboards,North,183,45,12,309,222,109,OPTIMAL
2025-12-03,PRD_003_Keyboards,South,98,45,8,433,119,39,OVERSTOCK_WARNING
2025-12-03,PRD_003_Keyboards,East,95,45,10,941,115,47,OVERSTOCK_WARNING
2025-12-03,PRD_003_Keyboards,West,66,45,9,1002,80,29,OVERSTOCK_WARNING
2025-12-03,PRD_004_Processors,North,159,400,11,1054,193,87,OVERSTOCK_WARNING
2025-12-03,PRD_004_Processors,South,64,400,8,225,77,25,OVERSTOCK_WARNING
2025-12-03,PRD_004_Processors,East,51,400,9,1026,61,22,OVERSTOCK_WARNING
2025-12-03,PRD_004_Processors,West,148,400,9,424,179,66,OVERSTOCK_WARNING
2025-12-04,PRD_001_Laptops,North,49,850,12,1073,59,29,OVERSTOCK_WARNING
2025-12-04,PRD_001_Laptops,South,116,850,8,492,140,46,OVERSTOCK_WARNING
2025-12-04,PRD_001_Laptops,East,141,850,11,1084,171,77,OVERSTOCK_WARNING
2025-12-04,PRD_001_Laptops,West,176,850,7,221,213,61,OPTIMAL
2025-12-04,PRD_002_Monitors,North,140,320,11,919,170,77,OVERSTOCK_WARNING
2025-12-04,PRD_002_Monitors,South,206,320,10,645,250,102,OVERSTOCK_WARNING
2025-12-04,PRD_002_Monitors,East,42,320,9,1095,51,18,OVERSTOCK_WARNING
2025-12-04,PRD_002_Monitors,West,150,320,10,752,182,75,OVERSTOCK_WARNING
2025-12-04,PRD_003_Keyboards,North,135,45,9,610,163,60,OVERSTOCK_WARNING
2025-12-04,PRD_003_Keyboards,South,73,45,4,589,88,14,OVERSTOCK_WARNING
2025-12-04,PRD_003_Keyboards,East,214,45,10,264,259,107,OPTIMAL
2025-12-04,PRD_003_Keyboards,West,122,45,5,389,148,30,OVERSTOCK_WARNING
2025-12-04,PRD_004_Processors,North,129,400,3,453,156,19,OVERSTOCK_WARNING
2025-12-04,PRD_004_Processors,South,195,400,5,874,236,48,OVERSTOCK_WARNING
2025-12-04,PRD_004_Processors,East,215,400,6,840,261,64,OVERSTOCK_WARNING
2025-12-04,PRD_004_Processors,West,186,400,3,514,225,27,OVERSTOCK_WARNING
2025-12-05,PRD_001_Laptops,North,46,850,9,762,55,20,OVERSTOCK_WARNING
2025-12-05,PRD_001_Laptops,South,108,850,3,954,131,16,OVERSTOCK_WARNING
2025-12-05,PRD_001_Laptops,East,159,850,12,983,193,95,OVERSTOCK_WARNING
2025-12-05,PRD_001_Laptops,West,209,850,12,92,253,125,CRITICAL_STOCKOUT_RISK
2025-12-05,PRD_002_Monitors,North,193,320,4,377,234,38,OVERSTOCK_WARNING
2025-12-05,PRD_002_Monitors,South,90,320,6,448,109,27,OVERSTOCK_WARNING
2025-12-05,PRD_002_Monitors,East,183,320,7,82,222,64,OPTIMAL
2025-12-05,PRD_002_Monitors,West,118,320,12,335,143,70,OVERSTOCK_WARNING
2025-12-05,PRD_003_Keyboards,North,137,45,8,567,166,54,OVERSTOCK_WARNING
2025-12-05,PRD_003_Keyboards,South,62,45,13,525,75,40,OVERSTOCK_WARNING
2025-12-05,PRD_003_Keyboards,East,152,45,6,834,184,45,OVERSTOCK_WARNING
2025-12-05,PRD_003_Keyboards,West,93,45,11,568,112,51,OVERSTOCK_WARNING
2025-12-05,PRD_004_Processors,North,190,400,11,807,230,104,OVERSTOCK_WARNING
2025-12-05,PRD_004_Processors,South,94,400,7,799,114,32,OVERSTOCK_WARNING
2025-12-05,PRD_004_Processors,East,102,400,10,390,123,51,OVERSTOCK_WARNING
2025-12-05,PRD_004_Processors,West,64,400,12,256,77,38,OVERSTOCK_WARNING
2025-12-06,PRD_001_Laptops,North,102,850,11,926,123,56,OVERSTOCK_WARNING
2025-12-06,PRD_001_Laptops,South,206,850,3,656,250,30,OVERSTOCK_WARNING
2025-12-06,PRD_001_Laptops,East,108,850,10,88,131,54,OPTIMAL
2025-12-06,PRD_001_Laptops,West,195,850,12,107,236,117,CRITICAL_STOCKOUT_RISK
2025-12-06,PRD_002_Monitors,North,79,320,8,106,95,31,OPTIMAL
2025-12-06,PRD_002_Monitors,South,77,320,6,282,93,23,OVERSTOCK_WARNING
2025-12-06,PRD_002_Monitors,East,124,320,4,178,150,24,OVERSTOCK_WARNING
2025-12-06,PRD_002_Monitors,West,170,320,13,1092,206,110,OVERSTOCK_WARNING
2025-12-06,PRD_003_Keyboards,North,69,45,7,117,83,24,OVERSTOCK_WARNING
2025-12-06,PRD_003_Keyboards,South,124,45,8,439,150,49,OVERSTOCK_WARNING
2025-12-06,PRD_003_Keyboards,East,182,45,4,259,221,36,OVERSTOCK_WARNING
2025-12-06,PRD_003_Keyboards,West,68,45,8,523,82,27,OVERSTOCK_WARNING
2025-12-06,PRD_004_Processors,North,60,400,3,1080,72,9,OVERSTOCK_WARNING
2025-12-06,PRD_004_Processors,South,185,400,11,966,224,101,OVERSTOCK_WARNING
2025-12-06,PRD_004_Processors,East,204,400,8,731,247,81,OVERSTOCK_WARNING
2025-12-06,PRD_004_Processors,West,152,400,6,792,184,45,OVERSTOCK_WARNING
2025-12-07,PRD_001_Laptops,North,168,850,12,850,204,100,OVERSTOCK_WARNING
2025-12-07,PRD_001_Laptops,South,188,850,9,984,228,84,OVERSTOCK_WARNING
2025-12-07,PRD_001_Laptops,East,122,850,9,590,148,54,OVERSTOCK_WARNING
2025-12-07,PRD_001_Laptops,West,149,850,6,994,181,44,OVERSTOCK_WARNING
2025-12-07,PRD_002_Monitors,North,101,320,9,298,122,45,OVERSTOCK_WARNING
2025-12-07,PRD_002_Monitors,South,206,320,6,539,250,61,OVERSTOCK_WARNING
2025-12-07,PRD_002_Monitors,East,66,320,4,880,80,13,OVERSTOCK_WARNING
2025-12-07,PRD_002_Monitors,West,131,320,4,227,159,26,OVERSTOCK_WARNING
2025-12-07,PRD_003_Keyboards,North,207,45,5,430,251,51,OVERSTOCK_WARNING
2025-12-07,PRD_003_Keyboards,South,198,45,8,1061,240,79,OVERSTOCK_WARNING
2025-12-07,PRD_003_Keyboards,East,212,45,11,984,257,116,OVERSTOCK_WARNING
2025-12-07,PRD_003_Keyboards,West,176,45,8,863,213,70,OVERSTOCK_WARNING
2025-12-07,PRD_004_Processors,North,71,400,4,553,86,14,OVERSTOCK_WARNING
2025-12-07,PRD_004_Processors,South,181,400,13,373,219,117,OPTIMAL
2025-12-07,PRD_004_Processors,East,137,400,10,563,166,68,OVERSTOCK_WARNING
2025-12-07,PRD_004_Processors,West,60,400,10,893,72,30,OVERSTOCK_WARNING
2025-12-08,PRD_001_Laptops,North,82,850,10,811,99,41,OVERSTOCK_WARNING
2025-12-08,PRD_001_Laptops,South,85,850,8,163,103,34,OVERSTOCK_WARNING
2025-12-08,PRD_001_Laptops,East,70,850,3,507,85,10,OVERSTOCK_WARNING
2025-12-08,PRD_001_Laptops,West,110,850,10,1048,133,55,OVERSTOCK_WARNING
2025-12-08,PRD_002_Monitors,North,169,320,3,131,205,25,OVERSTOCK_WARNING
2025-12-08,PRD_002_Monitors,South,84,320,7,1017,102,29,OVERSTOCK_WARNING
2025-12-08,PRD_002_Monitors,East,83,320,3,964,100,12,OVERSTOCK_WARNING
2025-12-08,PRD_002_Monitors,West,77,320,5,459,93,19,OVERSTOCK_WARNING
2025-12-08,PRD_003_Keyboards,North,45,45,6,258,54,13,OVERSTOCK_WARNING
2025-12-08,PRD_003_Keyboards,South,140,45,5,777,170,35,OVERSTOCK_WARNING
2025-12-08,PRD_003_Keyboards,East,173,45,13,805,210,112,OVERSTOCK_WARNING
2025-12-08,PRD_003_Keyboards,West,69,45,6,947,83,20,OVERSTOCK_WARNING
2025-12-08,PRD_004_Processors,North,41,400,12,627,49,24,OVERSTOCK_WARNING
2025-12-08,PRD_004_Processors,South,111,400,12,577,134,66,OVERSTOCK_WARNING
2025-12-08,PRD_004_Processors,East,176,400,3,412,213,26,OVERSTOCK_WARNING
2025-12-08,PRD_004_Processors,West,89,400,4,122,108,17,OVERSTOCK_WARNING
2025-12-09,PRD_001_Laptops,North,164,850,8,638,199,65,OVERSTOCK_WARNING
2025-12-09,PRD_001_Laptops,South,53,850,9,492,64,23,OVERSTOCK_WARNING
2025-12-09,PRD_001_Laptops,East,214,850,5,426,259,53,OVERSTOCK_WARNING
2025-12-09,PRD_001_Laptops,West,176,850,7,116,213,61,OPTIMAL
2025-12-09,PRD_002_Monitors,North,146,320,6,264,177,43,OVERSTOCK_WARNING
2025-12-09,PRD_002_Monitors,South,67,320,6,451,81,20,OVERSTOCK_WARNING
2025-12-09,PRD_002_Monitors,East,103,320,4,424,125,20,OVERSTOCK_WARNING
2025-12-09,PRD_002_Monitors,West,202,320,6,157,245,60,OPTIMAL
2025-12-09,PRD_003_Keyboards,North,206,45,12,343,250,123,OPTIMAL
2025-12-09,PRD_003_Keyboards,South,54,45,9,585,65,24,OVERSTOCK_WARNING
2025-12-09,PRD_003_Keyboards,East,56,45,8,805,68,22,OVERSTOCK_WARNING
2025-12-09,PRD_003_Keyboards,West,157,45,4,391,190,31,OVERSTOCK_WARNING
2025-12-09,PRD_004_Processors,North,213,400,7,95,258,74,OPTIMAL
2025-12-09,PRD_004_Processors,South,41,400,6,427,49,12,OVERSTOCK_WARNING
2025-12-09,PRD_004_Processors,East,144,400,8,746,174,57,OVERSTOCK_WARNING
2025-12-09,PRD_004_Processors,West,70,400,11,499,85,38,OVERSTOCK_WARNING
2025-12-10,PRD_001_Laptops,North,86,850,13,400,104,55,OVERSTOCK_WARNING
2025-12-10,PRD_001_Laptops,South,89,850,3,791,108,13,OVERSTOCK_WARNING
2025-12-10,PRD_001_Laptops,East,183,850,12,107,222,109,CRITICAL_STOCKOUT_RISK
2025-12-10,PRD_001_Laptops,West,125,850,4,869,151,25,OVERSTOCK_WARNING
2025-12-10,PRD_002_Monitors,North,80,320,5,936,97,20,OVERSTOCK_WARNING
2025-12-10,PRD_002_Monitors,South,217,320,13,916,263,141,OVERSTOCK_WARNING
2025-12-10,PRD_002_Monitors,East,201,320,9,714,244,90,OVERSTOCK_WARNING
2025-12-10,PRD_002_Monitors,West,113,320,11,854,137,62,OVERSTOCK_WARNING
2025-12-10,PRD_003_Keyboards,North,140,45,6,779,170,42,OVERSTOCK_WARNING
2025-12-10,PRD_003_Keyboards,South,91,45,12,103,110,54,OPTIMAL
2025-12-10,PRD_003_Keyboards,East,65,45,12,1085,78,39,OVERSTOCK_WARNING
2025-12-10,PRD_003_Keyboards,West,129,45,12,601,156,77,OVERSTOCK_WARNING
2025-12-10,PRD_004_Processors,North,56,400,7,797,68,19,OVERSTOCK_WARNING
2025-12-10,PRD_004_Processors,South,41,400,13,1048,49,26,OVERSTOCK_WARNING
2025-12-10,PRD_004_Processors,East,110,400,12,327,133,66,OVERSTOCK_WARNING
2025-12-10,PRD_004_Processors,West,157,400,11,677,190,86,OVERSTOCK_WARNING
2025-12-11,PRD_001_Laptops,North,62,850,9,319,75,27,OVERSTOCK_WARNING
2025-12-11,PRD_001_Laptops,South,112,850,13,1063,136,72,OVERSTOCK_WARNING
2025-12-11,PRD_001_Laptops,East,132,850,3,675,160,19,OVERSTOCK_WARNING
2025-12-11,PRD_001_Laptops,West,82,850,10,854,99,41,OVERSTOCK_WARNING
2025-12-11,PRD_002_Monitors,North,131,320,5,1038,159,32,OVERSTOCK_WARNING
2025-12-11,PRD_002_Monitors,South,123,320,9,375,149,55,OVERSTOCK_WARNING
2025-12-11,PRD_002_Monitors,East,174,320,8,360,211,69,OVERSTOCK_WARNING
2025-12-11,PRD_002_Monitors,West,98,320,9,1079,119,44,OVERSTOCK_WARNING
2025-12-11,PRD_003_Keyboards,North,125,45,3,544,151,18,OVERSTOCK_WARNING
2025-12-11,PRD_003_Keyboards,South,151,45,8,689,183,60,OVERSTOCK_WARNING
2025-12-11,PRD_003_Keyboards,East,101,45,10,704,122,50,OVERSTOCK_WARNING
2025-12-11,PRD_003_Keyboards,West,212,45,4,807,257,42,OVERSTOCK_WARNING
2025-12-11,PRD_004_Processors,North,99,400,8,907,120,39,OVERSTOCK_WARNING
2025-12-11,PRD_004_Processors,South,145,400,4,785,176,29,OVERSTOCK_WARNING
2025-12-11,PRD_004_Processors,East,130,400,9,324,157,58,OVERSTOCK_WARNING
2025-12-11,PRD_004_Processors,West,95,400,9,491,115,42,OVERSTOCK_WARNING
2025-12-12,PRD_001_Laptops,North,149,850,11,595,181,81,OVERSTOCK_WARNING
2025-12-12,PRD_001_Laptops,South,75,850,4,466,91,15,OVERSTOCK_WARNING
2025-12-12,PRD_001_Laptops,East,40,850,3,790,48,6,OVERSTOCK_WARNING
2025-12-12,PRD_001_Laptops,West,101,850,7,738,122,35,OVERSTOCK_WARNING
2025-12-12,PRD_002_Monitors,North,142,320,4,818,172,28,OVERSTOCK_WARNING
2025-12-12,PRD_002_Monitors,South,216,320,10,1089,262,108,OVERSTOCK_WARNING
2025-12-12,PRD_002_Monitors,East,214,320,9,938,259,96,OVERSTOCK_WARNING
2025-12-12,PRD_002_Monitors,West,153,320,4,936,185,30,OVERSTOCK_WARNING
2025-12-12,PRD_003_Keyboards,North,193,45,10,669,234,96,OVERSTOCK_WARNING
2025-12-12,PRD_003_Keyboards,South,53,45,11,819,64,29,OVERSTOCK_WARNING
2025-12-12,PRD_003_Keyboards,East,171,45,4,925,207,34,OVERSTOCK_WARNING
2025-12-12,PRD_003_Keyboards,West,145,45,6,153,176,43,OPTIMAL
2025-12-12,PRD_004_Processors,North,49,400,13,295,59,31,OVERSTOCK_WARNING
2025-12-12,PRD_004_Processors,South,73,400,13,631,88,47,OVERSTOCK_WARNING
2025-12-12,PRD_004_Processors,East,166,400,3,1043,201,24,OVERSTOCK_WARNING
2025-12-12,PRD_004_Processors,West,110,400,11,223,133,60,OPTIMAL
2025-12-13,PRD_001_Laptops,North,172,850,4,971,208,34,OVERSTOCK_WARNING
2025-12-13,PRD_001_Laptops,South,190,850,13,449,230,123,OPTIMAL
2025-12-13,PRD_001_Laptops,East,128,850,11,1026,155,70,OVERSTOCK_WARNING
2025-12-13,PRD_001_Laptops,West,52,850,10,730,63,26,OVERSTOCK_WARNING
2025-12-13,PRD_002_Monitors,North,91,320,5,608,110,22,OVERSTOCK_WARNING
2025-12-13,PRD_002_Monitors,South,204,320,13,419,247,132,OPTIMAL
2025-12-13,PRD_002_Monitors,East,136,320,12,943,165,81,OVERSTOCK_WARNING
2025-12-13,PRD_002_Monitors,West,47,320,10,812,57,23,OVERSTOCK_WARNING
2025-12-13,PRD_003_Keyboards,North,143,45,5,277,173,35,OVERSTOCK_WARNING
2025-12-13,PRD_003_Keyboards,South,83,45,9,447,100,37,OVERSTOCK_WARNING
2025-12-13,PRD_003_Keyboards,East,208,45,7,840,252,72,OVERSTOCK_WARNING
2025-12-13,PRD_003_Keyboards,West,81,45,12,1049,98,48,OVERSTOCK_WARNING
2025-12-13,PRD_004_Processors,North,196,400,3,992,238,29,OVERSTOCK_WARNING
2025-12-13,PRD_004_Processors,South,69,400,12,516,83,41,OVERSTOCK_WARNING
2025-12-13,PRD_004_Processors,East,164,400,5,644,199,41,OVERSTOCK_WARNING
2025-12-13,PRD_004_Processors,West,124,400,3,509,150,18,OVERSTOCK_WARNING
2025-12-14,PRD_001_Laptops,North,143,850,7,1028,173,50,OVERSTOCK_WARNING
2025-12-14,PRD_001_Laptops,South,144,850,10,271,174,72,OPTIMAL
2025-12-14,PRD_001_Laptops,East,212,850,3,738,257,31,OVERSTOCK_WARNING
2025-12-14,PRD_001_Laptops,West,163,850,9,160,198,73,OPTIMAL
2025-12-14,PRD_002_Monitors,North,76,320,11,917,92,41,OVERSTOCK_WARNING
2025-12-14,PRD_002_Monitors,South,193,320,4,650,234,38,OVERSTOCK_WARNING
2025-12-14,PRD_002_Monitors,East,157,320,7,884,190,54,OVERSTOCK_WARNING
2025-12-14,PRD_002_Monitors,West,70,320,5,429,85,17,OVERSTOCK_WARNING
2025-12-14,PRD_003_Keyboards,North,215,45,8,862,261,86,OVERSTOCK_WARNING
2025-12-14,PRD_003_Keyboards,South,182,45,6,924,221,54,OVERSTOCK_WARNING
2025-12-14,PRD_003_Keyboards,East,83,45,12,125,100,49,OPTIMAL
2025-12-14,PRD_003_Keyboards,West,134,45,4,143,162,26,OVERSTOCK_WARNING
2025-12-14,PRD_004_Processors,North,196,400,5,88,238,49,OPTIMAL
2025-12-14,PRD_004_Processors,South,192,400,8,889,233,76,OVERSTOCK_WARNING
2025-12-14,PRD_004_Processors,East,213,400,11,163,258,117,OPTIMAL
2025-12-14,PRD_004_Processors,West,98,400,7,537,119,34,OVERSTOCK_WARNING
2025-12-15,PRD_001_Laptops,North,189,850,11,652,229,103,OVERSTOCK_WARNING
2025-12-15,PRD_001_Laptops,South,103,850,7,759,125,36,OVERSTOCK_WARNING
2025-12-15,PRD_001_Laptops,East,168,850,7,185,204,58,OPTIMAL
2025-12-15,PRD_001_Laptops,West,104,850,12,397,126,62,OVERSTOCK_WARNING
2025-12-15,PRD_002_Monitors,North,142,320,7,704,172,49,OVERSTOCK_WARNING
2025-12-15,PRD_002_Monitors,South,189,320,12,1028,229,113,OVERSTOCK_WARNING
2025-12-15,PRD_002_Monitors,East,109,320,13,217,132,70,OPTIMAL
2025-12-15,PRD_002_Monitors,West,206,320,9,945,250,92,OVERSTOCK_WARNING
2025-12-15,PRD_003_Keyboards,North,70,45,5,699,85,17,OVERSTOCK_WARNING
2025-12-15,PRD_003_Keyboards,South,119,45,8,914,144,47,OVERSTOCK_WARNING
2025-12-15,PRD_003_Keyboards,East,91,45,7,986,110,31,OVERSTOCK_WARNING
2025-12-15,PRD_003_Keyboards,West,64,45,5,754,77,16,OVERSTOCK_WARNING
2025-12-15,PRD_004_Processors,North,61,400,7,1061,74,21,OVERSTOCK_WARNING
2025-12-15,PRD_004_Processors,South,135,400,5,302,163,33,OVERSTOCK_WARNING
2025-12-15,PRD_004_Processors,East,156,400,10,271,189,78,OPTIMAL
2025-12-15,PRD_004_Processors,West,59,400,12,1073,71,35,OVERSTOCK_WARNING
2025-12-16,PRD_001_Laptops,North,43,850,4,386,52,8,OVERSTOCK_WARNING
2025-12-16,PRD_001_Laptops,South,59,850,12,728,71,35,OVERSTOCK_WARNING
2025-12-16,PRD_001_Laptops,East,119,850,12,949,144,71,OVERSTOCK_WARNING
2025-12-16,PRD_001_Laptops,West,64,850,6,248,77,19,OVERSTOCK_WARNING
2025-12-16,PRD_002_Monitors,North,98,320,11,629,119,53,OVERSTOCK_WARNING
2025-12-16,PRD_002_Monitors,South,156,320,5,861,189,39,OVERSTOCK_WARNING
2025-12-16,PRD_002_Monitors,East,166,320,7,478,201,58,OVERSTOCK_WARNING
2025-12-16,PRD_002_Monitors,West,42,320,7,964,51,14,OVERSTOCK_WARNING
2025-12-16,PRD_003_Keyboards,North,213,45,11,830,258,117,OVERSTOCK_WARNING
2025-12-16,PRD_003_Keyboards,South,46,45,8,804,55,18,OVERSTOCK_WARNING
2025-12-16,PRD_003_Keyboards,East,54,45,6,919,65,16,OVERSTOCK_WARNING
2025-12-16,PRD_003_Keyboards,West,201,45,10,208,244,100,OPTIMAL
2025-12-16,PRD_004_Processors,North,135,400,12,320,163,81,OPTIMAL
2025-12-16,PRD_004_Processors,South,154,400,7,301,187,53,OVERSTOCK_WARNING
2025-12-16,PRD_004_Processors,East,187,400,9,214,227,84,OPTIMAL
2025-12-16,PRD_004_Processors,West,89,400,4,465,108,17,OVERSTOCK_WARNING
2025-12-17,PRD_001_Laptops,North,86,850,4,268,104,17,OVERSTOCK_WARNING
2025-12-17,PRD_001_Laptops,South,80,850,7,538,97,27,OVERSTOCK_WARNING
2025-12-17,PRD_001_Laptops,East,44,850,13,852,53,28,OVERSTOCK_WARNING
2025-12-17,PRD_001_Laptops,West,152,850,8,943,184,60,OVERSTOCK_WARNING
2025-12-17,PRD_002_Monitors,North,75,320,5,1039,91,18,OVERSTOCK_WARNING
2025-12-17,PRD_002_Monitors,South,61,320,4,391,74,12,OVERSTOCK_WARNING
2025-12-17,PRD_002_Monitors,East,56,320,11,1031,68,30,OVERSTOCK_WARNING
2025-12-17,PRD_002_Monitors,West,56,320,12,555,68,33,OVERSTOCK_WARNING
2025-12-17,PRD_003_Keyboards,North,185,45,10,159,224,92,OPTIMAL
2025-12-17,PRD_003_Keyboards,South,89,45,12,609,108,53,OVERSTOCK_WARNING
2025-12-17,PRD_003_Keyboards,East,174,45,4,601,211,34,OVERSTOCK_WARNING
2025-12-17,PRD_003_Keyboards,West,108,45,7,978,131,37,OVERSTOCK_WARNING
2025-12-17,PRD_004_Processors,North,122,400,5,1045,148,30,OVERSTOCK_WARNING
2025-12-17,PRD_004_Processors,South,181,400,6,572,219,54,OVERSTOCK_WARNING
2025-12-17,PRD_004_Processors,East,57,400,5,1027,69,14,OVERSTOCK_WARNING
2025-12-17,PRD_004_Processors,West,77,400,6,551,93,23,OVERSTOCK_WARNING
2025-12-18,PRD_001_Laptops,North,211,850,5,610,256,52,OVERSTOCK_WARNING
2025-12-18,PRD_001_Laptops,South,159,850,6,816,193,47,OVERSTOCK_WARNING
2025-12-18,PRD_001_Laptops,East,105,850,12,268,127,63,OPTIMAL
2025-12-18,PRD_001_Laptops,West,197,850,4,749,239,39,OVERSTOCK_WARNING
2025-12-18,PRD_002_Monitors,North,218,320,8,935,264,87,OVERSTOCK_WARNING
2025-12-18,PRD_002_Monitors,South,215,320,3,440,261,32,OVERSTOCK_WARNING
2025-12-18,PRD_002_Monitors,East,113,320,4,866,137,22,OVERSTOCK_WARNING
2025-12-18,PRD_002_Monitors,West,110,320,11,994,133,60,OVERSTOCK_WARNING
2025-12-18,PRD_003_Keyboards,North,118,45,11,889,143,64,OVERSTOCK_WARNING
2025-12-18,PRD_003_Keyboards,South,219,45,6,339,266,65,OVERSTOCK_WARNING
2025-12-18,PRD_003_Keyboards,East,43,45,7,376,52,15,OVERSTOCK_WARNING
2025-12-18,PRD_003_Keyboards,West,147,45,9,439,178,66,OVERSTOCK_WARNING
2025-12-18,PRD_004_Processors,North,156,400,7,1036,189,54,OVERSTOCK_WARNING
2025-12-18,PRD_004_Processors,South,114,400,9,410,138,51,OVERSTOCK_WARNING
2025-12-18,PRD_004_Processors,East,52,400,10,360,63,26,OVERSTOCK_WARNING
2025-12-18,PRD_004_Processors,West,154,400,4,601,187,30,OVERSTOCK_WARNING
2025-12-19,PRD_001_Laptops,North,89,850,4,749,108,17,OVERSTOCK_WARNING
2025-12-19,PRD_001_Laptops,South,69,850,4,110,83,13,OVERSTOCK_WARNING
2025-12-19,PRD_001_Laptops,East,116,850,6,256,140,34,OVERSTOCK_WARNING
2025-12-19,PRD_001_Laptops,West,153,850,5,614,185,38,OVERSTOCK_WARNING
2025-12-19,PRD_002_Monitors,North,145,320,3,309,176,21,OVERSTOCK_WARNING
2025-12-19,PRD_002_Monitors,South,154,320,6,524,187,46,OVERSTOCK_WARNING
2025-12-19,PRD_002_Monitors,East,94,320,5,599,114,23,OVERSTOCK_WARNING
2025-12-19,PRD_002_Monitors,West,207,320,13,207,251,134,OPTIMAL
2025-12-19,PRD_003_Keyboards,North,71,45,9,337,86,31,OVERSTOCK_WARNING
2025-12-19,PRD_003_Keyboards,South,124,45,8,299,150,49,OVERSTOCK_WARNING
2025-12-19,PRD_003_Keyboards,East,145,45,6,495,176,43,OVERSTOCK_WARNING
2025-12-19,PRD_003_Keyboards,West,84,45,12,388,102,50,OVERSTOCK_WARNING
2025-12-19,PRD_004_Processors,North,149,400,11,538,181,81,OVERSTOCK_WARNING
2025-12-19,PRD_004_Processors,South,126,400,4,410,153,25,OVERSTOCK_WARNING
2025-12-19,PRD_004_Processors,East,216,400,4,786,262,43,OVERSTOCK_WARNING
2025-12-19,PRD_004_Processors,West,50,400,4,586,60,10,OVERSTOCK_WARNING
2025-12-20,PRD_001_Laptops,North,202,850,12,990,245,121,OVERSTOCK_WARNING
2025-12-20,PRD_001_Laptops,South,114,850,11,291,138,62,OVERSTOCK_WARNING
2025-12-20,PRD_001_Laptops,East,131,850,11,410,159,72,OVERSTOCK_WARNING
2025-12-20,PRD_001_Laptops,West,131,850,3,1034,159,19,OVERSTOCK_WARNING
2025-12-20,PRD_002_Monitors,North,81,320,4,307,98,16,OVERSTOCK_WARNING
2025-12-20,PRD_002_Monitors,South,57,320,5,468,69,14,OVERSTOCK_WARNING
2025-12-20,PRD_002_Monitors,East,59,320,4,718,71,11,OVERSTOCK_WARNING
2025-12-20,PRD_002_Monitors,West,114,320,12,769,138,68,OVERSTOCK_WARNING
2025-12-20,PRD_003_Keyboards,North,205,45,9,619,249,92,OVERSTOCK_WARNING
2025-12-20,PRD_003_Keyboards,South,113,45,8,838,137,45,OVERSTOCK_WARNING
2025-12-20,PRD_003_Keyboards,East,120,45,8,1018,145,48,OVERSTOCK_WARNING
2025-12-20,PRD_003_Keyboards,West,203,45,12,1095,246,121,OVERSTOCK_WARNING
2025-12-20,PRD_004_Processors,North,162,400,6,1011,196,48,OVERSTOCK_WARNING
2025-12-20,PRD_004_Processors,South,195,400,12,499,236,117,OPTIMAL
2025-12-20,PRD_004_Processors,East,109,400,11,868,132,59,OVERSTOCK_WARNING
2025-12-20,PRD_004_Processors,West,103,400,12,1069,125,61,OVERSTOCK_WARNING
2025-12-21,PRD_001_Laptops,North,134,850,10,263,162,67,OPTIMAL
2025-12-21,PRD_001_Laptops,South,43,850,13,265,52,27,OVERSTOCK_WARNING
2025-12-21,PRD_001_Laptops,East,192,850,7,917,233,67,OVERSTOCK_WARNING
2025-12-21,PRD_001_Laptops,West,44,850,5,938,53,11,OVERSTOCK_WARNING
2025-12-21,PRD_002_Monitors,North,47,320,11,862,57,25,OVERSTOCK_WARNING
2025-12-21,PRD_002_Monitors,South,144,320,9,815,174,64,OVERSTOCK_WARNING
2025-12-21,PRD_002_Monitors,East,111,320,5,862,134,27,OVERSTOCK_WARNING
2025-12-21,PRD_002_Monitors,West,204,320,5,886,247,51,OVERSTOCK_WARNING
2025-12-21,PRD_003_Keyboards,North,173,45,13,290,210,112,OPTIMAL
2025-12-21,PRD_003_Keyboards,South,96,45,3,569,116,14,OVERSTOCK_WARNING
2025-12-21,PRD_003_Keyboards,East,186,45,13,414,225,120,OPTIMAL
2025-12-21,PRD_003_Keyboards,West,49,45,13,166,59,31,OVERSTOCK_WARNING
2025-12-21,PRD_004_Processors,North,106,400,5,225,128,26,OVERSTOCK_WARNING
2025-12-21,PRD_004_Processors,South,192,400,13,739,233,124,OVERSTOCK_WARNING
2025-12-21,PRD_004_Processors,East,132,400,8,257,160,52,OVERSTOCK_WARNING
2025-12-21,PRD_004_Processors,West,160,400,9,857,194,72,OVERSTOCK_WARNING
2025-12-22,PRD_001_Laptops,North,188,850,9,333,228,84,OPTIMAL
2025-12-22,PRD_001_Laptops,South,68,850,12,92,82,40,OPTIMAL
2025-12-22,PRD_001_Laptops,East,86,850,9,129,104,38,OPTIMAL
2025-12-22,PRD_001_Laptops,West,171,850,6,192,207,51,OPTIMAL
2025-12-22,PRD_002_Monitors,North,124,320,7,209,150,43,OVERSTOCK_WARNING
2025-12-22,PRD_002_Monitors,South,107,320,3,670,129,16,OVERSTOCK_WARNING
2025-12-22,PRD_002_Monitors,East,96,320,3,277,116,14,OVERSTOCK_WARNING
2025-12-22,PRD_002_Monitors,West,174,320,5,763,211,43,OVERSTOCK_WARNING
2025-12-22,PRD_003_Keyboards,North,102,45,3,374,123,15,OVERSTOCK_WARNING
2025-12-22,PRD_003_Keyboards,South,148,45,12,763,179,88,OVERSTOCK_WARNING
2025-12-22,PRD_003_Keyboards,East,51,45,8,412,61,20,OVERSTOCK_WARNING
2025-12-22,PRD_003_Keyboards,West,181,45,8,877,219,72,OVERSTOCK_WARNING
2025-12-22,PRD_004_Processors,North,211,400,6,827,256,63,OVERSTOCK_WARNING
2025-12-22,PRD_004_Processors,South,205,400,13,249,249,133,OPTIMAL
2025-12-22,PRD_004_Processors,East,91,400,10,184,110,45,OPTIMAL
2025-12-22,PRD_004_Processors,West,201,400,9,120,244,90,OPTIMAL
2025-12-23,PRD_001_Laptops,North,160,850,7,400,194,55,OVERSTOCK_WARNING
2025-12-23,PRD_001_Laptops,South,157,850,10,944,190,78,OVERSTOCK_WARNING
2025-12-23,PRD_001_Laptops,East,57,850,3,852,69,8,OVERSTOCK_WARNING
2025-12-23,PRD_001_Laptops,West,166,850,12,921,201,99,OVERSTOCK_WARNING
2025-12-23,PRD_002_Monitors,North,165,320,6,560,200,49,OVERSTOCK_WARNING
2025-12-23,PRD_002_Monitors,South,190,320,10,84,230,95,CRITICAL_STOCKOUT_RISK
2025-12-23,PRD_002_Monitors,East,73,320,10,224,88,36,OVERSTOCK_WARNING
2025-12-23,PRD_002_Monitors,West,134,320,9,544,162,60,OVERSTOCK_WARNING
2025-12-23,PRD_003_Keyboards,North,131,45,8,204,159,52,OPTIMAL
2025-12-23,PRD_003_Keyboards,South,61,45,7,606,74,21,OVERSTOCK_WARNING
2025-12-23,PRD_003_Keyboards,East,192,45,7,228,233,67,OPTIMAL
2025-12-23,PRD_003_Keyboards,West,141,45,4,298,171,28,OVERSTOCK_WARNING
2025-12-23,PRD_004_Processors,North,152,400,7,531,184,53,OVERSTOCK_WARNING
2025-12-23,PRD_004_Processors,South,211,400,5,1041,256,52,OVERSTOCK_WARNING
2025-12-23,PRD_004_Processors,East,53,400,6,369,64,15,OVERSTOCK_WARNING
2025-12-23,PRD_004_Processors,West,203,400,5,856,246,50,OVERSTOCK_WARNING
2025-12-24,PRD_001_Laptops,North,197,850,13,1038,239,128,OVERSTOCK_WARNING
2025-12-24,PRD_001_Laptops,South,202,850,10,344,245,101,OPTIMAL
2025-12-24,PRD_001_Laptops,East,75,850,7,567,91,26,OVERSTOCK_WARNING
2025-12-24,PRD_001_Laptops,West,42,850,4,610,51,8,OVERSTOCK_WARNING
2025-12-24,PRD_002_Monitors,North,195,320,9,183,236,87,OPTIMAL
2025-12-24,PRD_002_Monitors,South,174,320,11,795,211,95,OVERSTOCK_WARNING
2025-12-24,PRD_002_Monitors,East,181,320,5,862,219,45,OVERSTOCK_WARNING
2025-12-24,PRD_002_Monitors,West,90,320,10,579,109,45,OVERSTOCK_WARNING
2025-12-24,PRD_003_Keyboards,North,149,45,10,148,181,74,OPTIMAL
2025-12-24,PRD_003_Keyboards,South,218,45,6,797,264,65,OVERSTOCK_WARNING
2025-12-24,PRD_003_Keyboards,East,183,45,6,487,222,54,OVERSTOCK_WARNING
2025-12-24,PRD_003_Keyboards,West,45,45,9,904,54,20,OVERSTOCK_WARNING
2025-12-24,PRD_004_Processors,North,70,400,8,562,85,28,OVERSTOCK_WARNING
2025-12-24,PRD_004_Processors,South,196,400,5,1050,238,49,OVERSTOCK_WARNING
2025-12-24,PRD_004_Processors,East,170,400,12,449,206,102,OPTIMAL
2025-12-24,PRD_004_Processors,West,136,400,13,985,165,88,OVERSTOCK_WARNING
2025-12-25,PRD_001_Laptops,North,72,850,6,1042,87,21,OVERSTOCK_WARNING
2025-12-25,PRD_001_Laptops,South,179,850,11,379,217,98,OPTIMAL
2025-12-25,PRD_001_Laptops,East,52,850,10,507,63,26,OVERSTOCK_WARNING
2025-12-25,PRD_001_Laptops,West,96,850,7,967,116,33,OVERSTOCK_WARNING
2025-12-25,PRD_002_Monitors,North,139,320,7,958,168,48,OVERSTOCK_WARNING
2025-12-25,PRD_002_Monitors,South,90,320,7,139,109,31,OPTIMAL
2025-12-25,PRD_002_Monitors,East,218,320,7,954,264,76,OVERSTOCK_WARNING
2025-12-25,PRD_002_Monitors,West,165,320,7,981,200,57,OVERSTOCK_WARNING
2025-12-25,PRD_003_Keyboards,North,112,45,3,155,136,16,OVERSTOCK_WARNING
2025-12-25,PRD_003_Keyboards,South,117,45,8,656,142,46,OVERSTOCK_WARNING
2025-12-25,PRD_003_Keyboards,East,125,45,4,647,151,25,OVERSTOCK_WARNING
2025-12-25,PRD_003_Keyboards,West,114,45,5,505,138,28,OVERSTOCK_WARNING
2025-12-25,PRD_004_Processors,North,45,400,8,270,54,18,OVERSTOCK_WARNING
2025-12-25,PRD_004_Processors,South,187,400,7,337,227,65,OVERSTOCK_WARNING
2025-12-25,PRD_004_Processors,East,129,400,10,943,156,64,OVERSTOCK_WARNING
2025-12-25,PRD_004_Processors,West,49,400,9,841,59,22,OVERSTOCK_WARNING
2025-12-26,PRD_001_Laptops,North,109,850,9,1067,132,49,OVERSTOCK_WARNING
2025-12-26,PRD_001_Laptops,South,152,850,7,134,184,53,OPTIMAL
2025-12-26,PRD_001_Laptops,East,88,850,4,184,106,17,OVERSTOCK_WARNING
2025-12-26,PRD_001_Laptops,West,211,850,5,101,256,52,OPTIMAL
2025-12-26,PRD_002_Monitors,North,70,320,9,696,85,31,OVERSTOCK_WARNING
2025-12-26,PRD_002_Monitors,South,188,320,6,378,228,56,OVERSTOCK_WARNING
2025-12-26,PRD_002_Monitors,East,211,320,4,866,256,42,OVERSTOCK_WARNING
2025-12-26,PRD_002_Monitors,West,87,320,7,474,105,30,OVERSTOCK_WARNING
2025-12-26,PRD_003_Keyboards,North,196,45,4,380,238,39,OVERSTOCK_WARNING
2025-12-26,PRD_003_Keyboards,South,203,45,9,862,246,91,OVERSTOCK_WARNING
2025-12-26,PRD_003_Keyboards,East,149,45,5,943,181,37,OVERSTOCK_WARNING
2025-12-26,PRD_003_Keyboards,West,207,45,8,165,251,82,OPTIMAL
2025-12-26,PRD_004_Processors,North,181,400,3,804,219,27,OVERSTOCK_WARNING
2025-12-26,PRD_004_Processors,South,90,400,12,350,109,54,OVERSTOCK_WARNING
2025-12-26,PRD_004_Processors,East,104,400,10,262,126,52,OVERSTOCK_WARNING
2025-12-26,PRD_004_Processors,West,115,400,12,573,139,69,OVERSTOCK_WARNING
2025-12-27,PRD_001_Laptops,North,81,850,6,588,98,24,OVERSTOCK_WARNING
2025-12-27,PRD_001_Laptops,South,134,850,13,709,162,87,OVERSTOCK_WARNING
2025-12-27,PRD_001_Laptops,East,183,850,11,318,222,100,OPTIMAL
2025-12-27,PRD_001_Laptops,West,117,850,5,494,142,29,OVERSTOCK_WARNING
2025-12-27,PRD_002_Monitors,North,129,320,10,231,156,64,OPTIMAL
2025-12-27,PRD_002_Monitors,South,175,320,5,446,212,43,OVERSTOCK_WARNING
2025-12-27,PRD_002_Monitors,East,215,320,12,165,261,129,OPTIMAL
2025-12-27,PRD_002_Monitors,West,94,320,11,713,114,51,OVERSTOCK_WARNING
2025-12-27,PRD_003_Keyboards,North,147,45,6,500,178,44,OVERSTOCK_WARNING
2025-12-27,PRD_003_Keyboards,South,175,45,3,1067,212,26,OVERSTOCK_WARNING
2025-12-27,PRD_003_Keyboards,East,86,45,6,836,104,25,OVERSTOCK_WARNING
2025-12-27,PRD_003_Keyboards,West,44,45,4,103,53,8,OVERSTOCK_WARNING
2025-12-27,PRD_004_Processors,North,214,400,4,419,259,42,OVERSTOCK_WARNING
2025-12-27,PRD_004_Processors,South,195,400,7,365,236,68,OVERSTOCK_WARNING
2025-12-27,PRD_004_Processors,East,40,400,8,929,48,16,OVERSTOCK_WARNING
2025-12-27,PRD_004_Processors,West,213,400,7,110,258,74,OPTIMAL
2025-12-28,PRD_001_Laptops,North,130,850,10,1064,157,65,OVERSTOCK_WARNING
2025-12-28,PRD_001_Laptops,South,132,850,8,1028,160,52,OVERSTOCK_WARNING
2025-12-28,PRD_001_Laptops,East,179,850,6,417,217,53,OVERSTOCK_WARNING
2025-12-28,PRD_001_Laptops,West,201,850,9,516,244,90,OVERSTOCK_WARNING
2025-12-28,PRD_002_Monitors,North,190,320,13,192,230,123,OPTIMAL
2025-12-28,PRD_002_Monitors,South,56,320,7,257,68,19,OVERSTOCK_WARNING
2025-12-28,PRD_002_Monitors,East,207,320,5,864,251,51,OVERSTOCK_WARNING
2025-12-28,PRD_002_Monitors,West,89,320,12,681,108,53,OVERSTOCK_WARNING
2025-12-28,PRD_003_Keyboards,North,126,45,8,235,153,50,OVERSTOCK_WARNING
2025-12-28,PRD_003_Keyboards,South,94,45,12,764,114,56,OVERSTOCK_WARNING
2025-12-28,PRD_003_Keyboards,East,186,45,8,876,225,74,OVERSTOCK_WARNING
2025-12-28,PRD_003_Keyboards,West,190,45,12,682,230,114,OVERSTOCK_WARNING
2025-12-28,PRD_004_Processors,North,216,400,3,822,262,32,OVERSTOCK_WARNING
2025-12-28,PRD_004_Processors,South,68,400,13,380,82,44,OVERSTOCK_WARNING
2025-12-28,PRD_004_Processors,East,90,400,7,1070,109,31,OVERSTOCK_WARNING
2025-12-28,PRD_004_Processors,West,167,400,13,293,202,108,OPTIMAL
2025-12-29,PRD_001_Laptops,North,121,850,5,341,146,30,OVERSTOCK_WARNING
2025-12-29,PRD_001_Laptops,South,106,850,7,728,128,37,OVERSTOCK_WARNING
2025-12-29,PRD_001_Laptops,East,67,850,5,1067,81,16,OVERSTOCK_WARNING
2025-12-29,PRD_001_Laptops,West,77,850,13,708,93,50,OVERSTOCK_WARNING
2025-12-29,PRD_002_Monitors,North,188,320,13,781,228,122,OVERSTOCK_WARNING
2025-12-29,PRD_002_Monitors,South,85,320,8,757,103,34,OVERSTOCK_WARNING
2025-12-29,PRD_002_Monitors,East,88,320,13,1086,106,57,OVERSTOCK_WARNING
2025-12-29,PRD_002_Monitors,West,78,320,9,462,94,35,OVERSTOCK_WARNING
2025-12-29,PRD_003_Keyboards,North,197,45,7,80,239,68,OPTIMAL
2025-12-29,PRD_003_Keyboards,South,199,45,13,840,241,129,OVERSTOCK_WARNING
2025-12-29,PRD_003_Keyboards,East,175,45,7,109,212,61,OPTIMAL
2025-12-29,PRD_003_Keyboards,West,154,45,10,960,187,77,OVERSTOCK_WARNING
2025-12-29,PRD_004_Processors,North,58,400,13,1030,70,37,OVERSTOCK_WARNING
2025-12-29,PRD_004_Processors,South,197,400,6,390,239,59,OVERSTOCK_WARNING
2025-12-29,PRD_004_Processors,East,83,400,13,156,100,53,OPTIMAL
2025-12-29,PRD_004_Processors,West,117,400,7,517,142,40,OVERSTOCK_WARNING
2025-12-30,PRD_001_Laptops,North,215,850,9,318,261,96,OPTIMAL
2025-12-30,PRD_001_Laptops,South,52,850,12,223,63,31,OVERSTOCK_WARNING
2025-12-30,PRD_001_Laptops,East,211,850,9,447,256,94,OVERSTOCK_WARNING
2025-12-30,PRD_001_Laptops,West,194,850,9,370,235,87,OPTIMAL
2025-12-30,PRD_002_Monitors,North,195,320,5,598,236,48,OVERSTOCK_WARNING
2025-12-30,PRD_002_Monitors,South,149,320,4,898,181,29,OVERSTOCK_WARNING
2025-12-30,PRD_002_Monitors,East,85,320,6,175,103,25,OVERSTOCK_WARNING
2025-12-30,PRD_002_Monitors,West,77,320,10,367,93,38,OVERSTOCK_WARNING
2025-12-30,PRD_003_Keyboards,North,193,45,12,502,234,115,OPTIMAL
2025-12-30,PRD_003_Keyboards,South,187,45,4,129,227,37,OPTIMAL
2025-12-30,PRD_003_Keyboards,East,91,45,8,962,110,36,OVERSTOCK_WARNING
2025-12-30,PRD_003_Keyboards,West,189,45,7,292,229,66,OPTIMAL
2025-12-30,PRD_004_Processors,North,105,400,10,964,127,52,OVERSTOCK_WARNING
2025-12-30,PRD_004_Processors,South,82,400,4,742,99,16,OVERSTOCK_WARNING
2025-12-30,PRD_004_Processors,East,103,400,11,216,125,56,OPTIMAL
2025-12-30,PRD_004_Processors,West,152,400,9,1016,184,68,OVERSTOCK_WARNING
2025-12-31,PRD_001_Laptops,North,93,850,3,593,112,13,OVERSTOCK_WARNING
2025-12-31,PRD_001_Laptops,South,171,850,6,977,207,51,OVERSTOCK_WARNING
2025-12-31,PRD_001_Laptops,East,143,850,4,322,173,28,OVERSTOCK_WARNING
2025-12-31,PRD_001_Laptops,West,181,850,6,680,219,54,OVERSTOCK_WARNING
2025-12-31,PRD_002_Monitors,North,88,320,10,1067,106,44,OVERSTOCK_WARNING
2025-12-31,PRD_002_Monitors,South,213,320,7,678,258,74,OVERSTOCK_WARNING
2025-12-31,PRD_002_Monitors,East,199,320,10,814,241,99,OVERSTOCK_WARNING
2025-12-31,PRD_002_Monitors,West,140,320,10,185,170,70,OPTIMAL
2025-12-31,PRD_003_Keyboards,North,66,45,10,440,80,33,OVERSTOCK_WARNING
2025-12-31,PRD_003_Keyboards,South,185,45,5,192,224,46,OPTIMAL
2025-12-31,PRD_003_Keyboards,East,91,45,7,938,110,31,OVERSTOCK_WARNING
2025-12-31,PRD_003_Keyboards,West,120,45,10,913,145,60,OVERSTOCK_WARNING
2025-12-31,PRD_004_Processors,North,152,400,4,110,184,30,OPTIMAL
2025-12-31,PRD_004_Processors,South,100,400,7,440,121,35,OVERSTOCK_WARNING
2025-12-31,PRD_004_Processors,East,137,400,4,322,166,27,OVERSTOCK_WARNING
2025-12-31,PRD_004_Processors,West,98,400,5,608,119,24,OVERSTOCK_WARNING
